17:02:43.104 [INFO] (Log) Diplomacy & Intrigue 0.1.0 log opened.
17:02:43.105 [INFO] (SubModule) OnSubModuleLoad begin.
17:02:43.134 [INFO] (SubModule) OnSubModuleLoad complete. Harmony patches applied.
17:02:46.969 [INFO] (Notify) Diplomacy & Intrigue v0.1.0 loaded. Press Ctrl+D on the map.
17:03:30.292 [INFO] (SubModule) Campaign behaviors registered.
17:03:31.463 [INFO] (State) Loaded: 4 treaties, 6 war records, 3 weariness entries, 1 claims, 120 fief records, 13 trust records, schema v4.
17:03:34.450 [INFO] (Core) Session launched.
17:03:47.516 [INFO] (Treaty) Truce recorded until Summer 1, 1085 between Khuzait and Northern Empire.
17:03:47.519 [INFO] (Telemetry) [WAR-ENDED] aggressor=Northern_Empire defender=Khuzait days=0 casusBelli=None finalScore=0.0 exhaustion=66.8/66.8 fiefsTaken=0/0 calledBy=none
17:03:47.519 [INFO] (Core) War closed after 0 days: Northern Empire vs Khuzait [None] score=0.00 exhaustion=66.80/66.80 | weariness now Khuzait=33.4, Northern Empire=33.4.
17:03:47.529 [INFO] (Peace) Khuzait and Northern Empire made peace: white peace.
17:03:47.529 [INFO] (AI) Northern Empire sued for peace with Khuzait at exhaustion 66.8: white peace.
17:03:47.533 [INFO] (Treaty) Signed: NonAggressionPact(Vlandia / Western Empire, Active)
17:03:47.533 [INFO] (AI) Vlandia signed a NonAggressionPact with Western Empire (mutual value 28).
17:03:47.574 [INFO] (Telemetry) [SNAPSHOT] date=Summer 1, 1084 kingdoms=8 atWar=4 wars=2 longestWarDays=0 avgExhaustion=66.9 claims=1 trustRecords=13 fabrications=0 nonAggressionPact=1 truce=3 defensivePact=0 alliance=0 tributaryPact=0 vassalage=1
17:04:29.352 [INFO] (Treaty) Signed: NonAggressionPact(Khuzait / Southern Empire, Active)
17:04:29.353 [INFO] (AI) Khuzait signed a NonAggressionPact with Southern Empire (mutual value 42).
17:04:49.379 [INFO] (Treaty) Truce recorded until Summer 3, 1085 between Battania and Western Empire.
17:04:49.379 [INFO] (Telemetry) [WAR-ENDED] aggressor=Western_Empire defender=Battania days=2 casusBelli=None finalScore=-12.5 exhaustion=75.4/70.5 fiefsTaken=0/0 calledBy=none
17:04:49.380 [INFO] (Core) War closed after 2 days: Western Empire vs Battania [None] score=-12.50 exhaustion=75.43/70.53 | weariness now Battania=67.0, Western Empire=37.7.
17:04:49.381 [INFO] (Peace) Battania and Western Empire made peace: white peace.
17:04:49.381 [INFO] (AI) Western Empire sued for peace with Battania at exhaustion 72.6: white peace.
17:05:29.362 [INFO] (Treaty) Truce recorded until Summer 5, 1085 between Aserai and Southern Empire.
17:05:29.363 [INFO] (Telemetry) [WAR-ENDED] aggressor=Southern_Empire defender=Aserai days=4 casusBelli=None finalScore=-4.5 exhaustion=70.1/68.5 fiefsTaken=0/0 calledBy=none
17:05:29.363 [INFO] (Core) War closed after 4 days: Southern Empire vs Aserai [None] score=-4.50 exhaustion=70.07/68.47 | weariness now Aserai=34.2, Southern Empire=35.0.
17:05:29.364 [INFO] (Peace) Aserai and Southern Empire made peace: white peace.
17:05:29.364 [INFO] (AI) Southern Empire sued for peace with Aserai at exhaustion 70.1: white peace.
17:05:49.368 [INFO] (Treaty) Signed: NonAggressionPact(Aserai / Northern Empire, Active)
17:05:49.368 [INFO] (AI) Aserai signed a NonAggressionPact with Northern Empire (mutual value 31).
17:05:52.360 [INFO] (Core) War opened: Aserai -> Khuzait (CausedByKingdomDecision => Conquest, legitimacy 0.20).
17:06:09.383 [INFO] (Treaty) Signed: NonAggressionPact(Sturgia / Northern Empire, Active)
17:06:09.383 [INFO] (AI) Sturgia signed a NonAggressionPact with Northern Empire (mutual value 43).
17:06:29.385 [INFO] (Telemetry) [SNAPSHOT] date=Summer 8, 1084 kingdoms=8 atWar=2 wars=1 longestWarDays=2 avgExhaustion=0.2 claims=1 trustRecords=19 fabrications=0 nonAggressionPact=4 truce=5 defensivePact=0 alliance=0 tributaryPact=0 vassalage=1
17:07:09.351 [INFO] (Treaty) Signed: NonAggressionPact(Western Empire / Sturgia, Active)
17:07:09.351 [INFO] (AI) Western Empire signed a NonAggressionPact with Sturgia (mutual value 40).
17:12:05.461 [INFO] (Telemetry) [SNAPSHOT] date=Summer 15, 1084 kingdoms=8 atWar=2 wars=1 longestWarDays=9 avgExhaustion=0.8 claims=1 trustRecords=19 fabrications=0 nonAggressionPact=5 truce=5 defensivePact=0 alliance=0 tributaryPact=0 vassalage=1
17:13:08.084 [INFO] (Telemetry) [SNAPSHOT] date=Autumn 1, 1084 kingdoms=8 atWar=2 wars=1 longestWarDays=16 avgExhaustion=28.2 claims=1 trustRecords=19 fabrications=0 nonAggressionPact=5 truce=5 defensivePact=0 alliance=0 tributaryPact=0 vassalage=1
17:13:46.269 [INFO] (Core) War opened: Western Empire -> Aserai (CausedByKingdomDecision => Conquest, legitimacy 0.20).
17:13:53.437 [INFO] (Claims) Aserai now has a claim to retake Husn Fulq from Khuzait.
17:13:54.773 [INFO] (Treaty) Signed: NonAggressionPact(Vlandia / Northern Empire, Active)
17:13:54.773 [INFO] (AI) Vlandia signed a NonAggressionPact with Northern Empire (mutual value 25).
17:13:54.774 [INFO] (Telemetry) [SNAPSHOT] date=Autumn 8, 1084 kingdoms=8 atWar=3 wars=2 longestWarDays=23 avgExhaustion=21.8 claims=2 trustRecords=25 fabrications=0 nonAggressionPact=6 truce=5 defensivePact=0 alliance=0 tributaryPact=0 vassalage=1
17:13:55.419 [INFO] (Treaty) Truce recorded until Autumn 8, 1085 between Aserai and Khuzait.
17:13:55.420 [INFO] (Telemetry) [WAR-ENDED] aggressor=Aserai defender=Khuzait days=23 casusBelli=Conquest finalScore=-12.0 exhaustion=50.4/36.1 fiefsTaken=0/1 calledBy=none
17:13:55.420 [INFO] (Core) War closed after 23 days: Aserai vs Khuzait [Conquest] score=-11.95 exhaustion=50.44/36.15 | weariness now Aserai=55.7, Khuzait=47.1.
17:14:22.744 [INFO] (Claims) Aserai now has a claim to retake Tubilis Castle from Western Empire.
17:14:22.840 [INFO] (Telemetry) [SNAPSHOT] date=Autumn 15, 1084 kingdoms=8 atWar=2 wars=1 longestWarDays=9 avgExhaustion=8.8 claims=3 trustRecords=25 fabrications=0 nonAggressionPact=6 truce=6 defensivePact=0 alliance=0 tributaryPact=0 vassalage=1
17:14:50.840 [INFO] (Telemetry) [SNAPSHOT] date=Winter 1, 1084 kingdoms=8 atWar=2 wars=1 longestWarDays=16 avgExhaustion=13.6 claims=4 trustRecords=25 fabrications=0 nonAggressionPact=6 truce=6 defensivePact=0 alliance=0 tributaryPact=0 vassalage=1
17:14:55.436 [INFO] (Treaty) Truce recorded until Winter 2, 1085 between Aserai and Western Empire.
17:14:55.436 [INFO] (Telemetry) [WAR-ENDED] aggressor=Western_Empire defender=Aserai days=17 casusBelli=Conquest finalScore=12.1 exhaustion=15.8/24.0 fiefsTaken=1/0 calledBy=none
17:14:55.437 [INFO] (Core) War closed after 17 days: Western Empire vs Aserai [Conquest] score=12.09 exhaustion=15.79/23.99 | weariness now Aserai=65.5, Western Empire=39.3.
17:15:18.841 [INFO] (Telemetry) [SNAPSHOT] date=Winter 8, 1084 kingdoms=8 atWar=0 wars=0 longestWarDays=0 avgExhaustion=0.0 claims=4 trustRecords=25 fabrications=0 nonAggressionPact=6 truce=7 defensivePact=0 alliance=0 tributaryPact=0 vassalage=1
17:15:46.839 [INFO] (Telemetry) [SNAPSHOT] date=Winter 15, 1084 kingdoms=8 atWar=0 wars=0 longestWarDays=0 avgExhaustion=0.0 claims=4 trustRecords=25 fabrications=0 nonAggressionPact=6 truce=7 defensivePact=0 alliance=0 tributaryPact=0 vassalage=1
17:16:14.842 [INFO] (Telemetry) [SNAPSHOT] date=Spring 1, 1085 kingdoms=8 atWar=0 wars=0 longestWarDays=0 avgExhaustion=0.0 claims=4 trustRecords=25 fabrications=0 nonAggressionPact=6 truce=7 defensivePact=0 alliance=0 tributaryPact=0 vassalage=1
17:16:42.838 [INFO] (Telemetry) [SNAPSHOT] date=Spring 8, 1085 kingdoms=8 atWar=0 wars=0 longestWarDays=0 avgExhaustion=0.0 claims=4 trustRecords=25 fabrications=0 nonAggressionPact=6 truce=7 defensivePact=0 alliance=0 tributaryPact=0 vassalage=1
17:17:10.845 [INFO] (Telemetry) [SNAPSHOT] date=Spring 15, 1085 kingdoms=8 atWar=0 wars=0 longestWarDays=0 avgExhaustion=0.0 claims=4 trustRecords=25 fabrications=0 nonAggressionPact=6 truce=7 defensivePact=0 alliance=0 tributaryPact=0 vassalage=1
17:17:38.847 [INFO] (Treaty) Expired, honoured in full: Truce(Battania / Sturgia, Expired)
17:17:38.847 [INFO] (Treaty) Expired, honoured in full: Truce(Vlandia / Sturgia, Expired)
17:17:38.847 [INFO] (Treaty) Expired, honoured in full: Truce(Khuzait / Northern Empire, Expired)
17:17:38.848 [INFO] (Telemetry) [SNAPSHOT] date=Summer 1, 1085 kingdoms=8 atWar=0 wars=0 longestWarDays=0 avgExhaustion=0.0 claims=4 trustRecords=29 fabrications=0 nonAggressionPact=6 truce=4 defensivePact=0 alliance=0 tributaryPact=0 vassalage=1
17:17:46.845 [INFO] (Treaty) Expired, honoured in full: Truce(Battania / Western Empire, Expired)
17:17:50.837 [INFO] (Treaty) Signed: NonAggressionPact(Battania / Western Empire, Active)
17:17:50.838 [INFO] (AI) Battania signed a NonAggressionPact with Western Empire (mutual value 38).
17:17:54.848 [INFO] (Treaty) Expired, honoured in full: Truce(Aserai / Southern Empire, Expired)
17:18:06.848 [INFO] (Core) War opened: Battania -> Sturgia (CausedByCallToWarAgreement => DefendAlly, legitimacy 1.00).
17:18:06.850 [INFO] (CallToArms) Battania answered Vlandia and declared war on Sturgia.
17:18:06.850 [INFO] (Core) War opened: Vlandia -> Sturgia (CausedByKingdomDecision => BrokenTreaty, legitimacy 0.95).
17:18:06.851 [INFO] (AI) Vlandia declared war on Sturgia (BrokenTreaty, legitimacy 0.95, value 41, cost 124 influence).
17:18:06.852 [INFO] (Telemetry) [SNAPSHOT] date=Summer 8, 1085 kingdoms=8 atWar=3 wars=2 longestWarDays=0 avgExhaustion=0.1 claims=4 trustRecords=30 fabrications=0 nonAggressionPact=7 truce=2 defensivePact=0 alliance=0 tributaryPact=0 vassalage=1
17:18:18.839 [INFO] (Treaty) Signed: Alliance(Battania / Vlandia, Active)
17:18:18.840 [INFO] (AI) Battania signed a Alliance with Vlandia (mutual value 85).
17:18:22.840 [INFO] (Core) War opened: Southern Empire -> Sturgia (CausedByKingdomDecision => Conquest, legitimacy 0.20).
17:18:22.841 [INFO] (AI) Southern Empire declared war on Sturgia (Conquest, legitimacy 0.20, value 37, cost 218 influence).
17:18:26.763 [INFO] (Treaty) Truce recorded until Summer 13, 1086 between Southern Empire and Sturgia.
17:18:26.764 [INFO] (Telemetry) [WAR-ENDED] aggressor=Southern_Empire defender=Sturgia days=1 casusBelli=Conquest finalScore=0.0 exhaustion=0.1/0.1 fiefsTaken=0/0 calledBy=none
17:18:26.764 [INFO] (Core) War closed after 1 days: Southern Empire vs Sturgia [Conquest] score=0.00 exhaustion=0.08/0.08 | weariness now Southern Empire=21.3, Sturgia=49.6.
17:18:36.093 [INFO] (Core) War opened: Southern Empire -> Aserai (CausedByKingdomDecision => Conquest, legitimacy 0.20).
17:18:36.123 [INFO] (Treaty) Signed: NonAggressionPact(Northern Empire / Khuzait, Active)
17:18:36.124 [INFO] (AI) Northern Empire signed a NonAggressionPact with Khuzait (mutual value 32).
17:18:36.126 [INFO] (Telemetry) [SNAPSHOT] date=Summer 15, 1085 kingdoms=8 atWar=5 wars=3 longestWarDays=7 avgExhaustion=7.2 claims=4 trustRecords=36 fabrications=0 nonAggressionPact=8 truce=3 defensivePact=0 alliance=1 tributaryPact=0 vassalage=1
17:18:49.341 [INFO] (Claims) Sturgia now has a claim to retake Varcheg from Battania.
17:18:53.857 [INFO] (Core) War opened: Khuzait -> Sturgia (CausedByKingdomDecision => Conquest, legitimacy 0.20).
17:18:56.064 [INFO] (Claims) Sturgia now has a claim to retake Nevyansk Castle from Vlandia.
17:18:57.307 [INFO] (Treaty) Truce recorded until Summer 20, 1086 between Battania and Sturgia.
17:18:57.307 [INFO] (Telemetry) [WAR-ENDED] aggressor=Battania defender=Sturgia days=12 casusBelli=DefendAlly finalScore=21.7 exhaustion=24.2/48.4 fiefsTaken=1/0 calledBy=Vlandia
17:18:57.307 [INFO] (Core) War closed after 12 days: Battania vs Sturgia [DefendAlly] score=21.75 exhaustion=24.16/48.36 | weariness now Battania=63.7, Sturgia=72.6.
17:18:57.309 [INFO] (CallToArms) Battania leaves the war against Sturgia now that Vlandia has made peace.
17:18:57.309 [INFO] (Treaty) Truce recorded until Summer 20, 1086 between Vlandia and Sturgia.
17:18:57.309 [INFO] (Telemetry) [WAR-ENDED] aggressor=Vlandia defender=Sturgia days=12 casusBelli=BrokenTreaty finalScore=1.3 exhaustion=9.2/13.2 fiefsTaken=1/0 calledBy=none
17:18:57.309 [INFO] (Core) War closed after 12 days: Vlandia vs Sturgia [BrokenTreaty] score=1.32 exhaustion=9.19/13.16 | weariness now Vlandia=21.0, Sturgia=79.2.
17:19:04.210 [INFO] (Telemetry) [SNAPSHOT] date=Autumn 1, 1085 kingdoms=8 atWar=4 wars=2 longestWarDays=7 avgExhaustion=5.0 claims=7 trustRecords=41 fabrications=0 nonAggressionPact=8 truce=5 defensivePact=0 alliance=1 tributaryPact=0 vassalage=1
17:19:14.247 [INFO] (Claims) Aserai now has a claim to retake Tamnuh Castle from Southern Empire.
17:19:32.245 [INFO] (Core) War opened: Battania -> Aserai (CausedByCallToWarAgreement => DefendAlly, legitimacy 1.00).
17:19:32.246 [INFO] (CallToArms) Battania answered Vlandia and declared war on Aserai.
17:19:32.246 [INFO] (Core) War opened: Vlandia -> Aserai (CausedByKingdomDecision => Conquest, legitimacy 0.20).
17:19:32.247 [INFO] (AI) Vlandia declared war on Aserai (Conquest, legitimacy 0.20, value 27, cost 215 influence).
17:19:32.249 [INFO] (Telemetry) [SNAPSHOT] date=Autumn 8, 1085 kingdoms=8 atWar=6 wars=4 longestWarDays=14 avgExhaustion=9.3 claims=10 trustRecords=46 fabrications=0 nonAggressionPact=8 truce=5 defensivePact=0 alliance=1 tributaryPact=0 vassalage=1
17:19:33.725 [INFO] (Treaty) Truce recorded until Autumn 9, 1086 between Battania and Aserai.
17:19:33.725 [INFO] (Telemetry) [WAR-ENDED] aggressor=Battania defender=Aserai days=0 casusBelli=DefendAlly finalScore=0.0 exhaustion=0.1/0.1 fiefsTaken=0/0 calledBy=Vlandia
17:19:33.725 [INFO] (Core) War closed after 0 days: Battania vs Aserai [DefendAlly] score=0.00 exhaustion=0.08/0.08 | weariness now Battania=62.4, Aserai=55.1.
17:19:34.629 [INFO] (Claims) Sturgia now has a claim to retake Urikskala Castle from Khuzait.
17:19:36.261 [INFO] (Treaty) Expired, honoured in full: Truce(Aserai / Khuzait, Expired)
17:19:37.386 [INFO] (Treaty) Truce recorded until Autumn 9, 1086 between Vlandia and Aserai.
17:19:37.386 [INFO] (Telemetry) [WAR-ENDED] aggressor=Vlandia defender=Aserai days=1 casusBelli=Conquest finalScore=0.0 exhaustion=0.2/0.2 fiefsTaken=0/0 calledBy=none
17:19:37.386 [INFO] (Core) War closed after 1 days: Vlandia vs Aserai [Conquest] score=0.00 exhaustion=0.16/0.16 | weariness now Vlandia=19.6, Aserai=55.1.
17:19:39.787 [INFO] (Core) War opened: Western Empire -> Southern Empire (CausedByKingdomDecision => Conquest, legitimacy 0.20).
17:19:40.285 [INFO] (Treaty) Signed: DefensivePact(Western Empire / Aserai, Active)
17:19:40.285 [INFO] (AI) Western Empire signed a DefensivePact with Aserai (mutual value 61).
17:19:40.540 [INFO] (Treaty) Truce recorded until Autumn 10, 1086 between Sturgia and Khuzait.
17:19:40.541 [INFO] (Telemetry) [WAR-ENDED] aggressor=Khuzait defender=Sturgia days=12 casusBelli=Conquest finalScore=15.1 exhaustion=6.8/20.7 fiefsTaken=1/0 calledBy=none
17:19:40.541 [INFO] (Core) War closed after 12 days: Khuzait vs Sturgia [Conquest] score=15.13 exhaustion=6.83/20.74 | weariness now Sturgia=87.9, Khuzait=37.6.
17:19:51.368 [INFO] (CallToArms) Western Empire refused Aserai - does not trust Aserai (-10.0).
17:19:51.369 [INFO] (Core) War opened: Khuzait -> Aserai (CausedByKingdomDecision => Conquest, legitimacy 0.20).
17:20:00.289 [INFO] (Core) War opened: Northern Empire -> Southern Empire (CausedByKingdomDecision => Conquest, legitimacy 0.20).
17:20:00.290 [INFO] (AI) Northern Empire declared war on Southern Empire (Conquest, legitimacy 0.20, value 30, cost 207 influence).
17:20:00.292 [INFO] (Telemetry) [SNAPSHOT] date=Autumn 15, 1085 kingdoms=8 atWar=5 wars=4 longestWarDays=21 avgExhaustion=12.0 claims=11 trustRecords=54 fabrications=0 nonAggressionPact=8 truce=7 defensivePact=1 alliance=1 tributaryPact=0 vassalage=1
17:20:10.120 [INFO] (Claims) Southern Empire now has a claim to retake Tamnuh Castle from Aserai.
17:20:20.342 [INFO] (Treaty) Truce recorded until Autumn 20, 1086 between Southern Empire and Aserai.
17:20:20.343 [INFO] (Telemetry) [WAR-ENDED] aggressor=Southern_Empire defender=Aserai days=26 casusBelli=Conquest finalScore=14.2 exhaustion=54.4/72.8 fiefsTaken=1/1 calledBy=none
17:20:20.343 [INFO] (Core) War closed after 26 days: Southern Empire vs Aserai [Conquest] score=14.24 exhaustion=54.41/72.77 | weariness now Southern Empire=44.3, Aserai=90.0.
17:20:20.344 [INFO] (Peace) Southern Empire and Aserai made peace: white peace.
17:20:20.344 [INFO] (AI) Aserai sued for peace with Southern Empire at exhaustion 63.9: white peace.
17:20:28.378 [INFO] (Core) War opened: Battania -> Southern Empire (CausedByCallToWarAgreement => DefendAlly, legitimacy 1.00).
17:20:28.379 [INFO] (CallToArms) Battania answered Vlandia and declared war on Southern Empire.
17:20:28.379 [INFO] (Core) War opened: Vlandia -> Southern Empire (CausedByKingdomDecision => Conquest, legitimacy 0.20).
17:20:28.380 [INFO] (AI) Vlandia declared war on Southern Empire (Conquest, legitimacy 0.20, value 51, cost 211 influence).
17:20:28.382 [INFO] (Telemetry) [SNAPSHOT] date=Winter 1, 1085 kingdoms=8 atWar=7 wars=5 longestWarDays=12 avgExhaustion=5.7 claims=13 trustRecords=55 fabrications=0 nonAggressionPact=8 truce=8 defensivePact=1 alliance=1 tributaryPact=0 vassalage=1
17:20:29.482 [INFO] (Treaty) Truce recorded until Winter 1, 1086 between Battania and Southern Empire.
17:20:29.482 [INFO] (Telemetry) [WAR-ENDED] aggressor=Battania defender=Southern_Empire days=0 casusBelli=DefendAlly finalScore=0.0 exhaustion=0.1/0.1 fiefsTaken=0/0 calledBy=Vlandia
17:20:29.482 [INFO] (Core) War closed after 0 days: Battania vs Southern Empire [DefendAlly] score=0.00 exhaustion=0.08/0.08 | weariness now Battania=60.4, Southern Empire=43.9.
17:20:29.483 [INFO] (CallToArms) Battania leaves the war against Southern Empire now that Vlandia has made peace.
17:20:29.483 [INFO] (Treaty) Truce recorded until Winter 1, 1086 between Vlandia and Southern Empire.
17:20:29.483 [INFO] (Telemetry) [WAR-ENDED] aggressor=Vlandia defender=Southern_Empire days=0 casusBelli=Conquest finalScore=0.0 exhaustion=0.1/0.1 fiefsTaken=0/0 calledBy=none
17:20:29.484 [INFO] (Core) War closed after 0 days: Vlandia vs Southern Empire [Conquest] score=0.00 exhaustion=0.08/0.08 | weariness now Vlandia=17.7, Southern Empire=43.9.
17:20:29.610 [INFO] (Claims) Southern Empire now has a claim to retake Poros from Western Empire.
17:20:36.284 [INFO] (Treaty) Truce recorded until Winter 3, 1086 between Southern Empire and Western Empire.
17:20:36.284 [INFO] (Telemetry) [WAR-ENDED] aggressor=Western_Empire defender=Southern_Empire days=14 casusBelli=Conquest finalScore=11.3 exhaustion=13.9/24.0 fiefsTaken=1/0 calledBy=none
17:20:36.285 [INFO] (Core) War closed after 14 days: Western Empire vs Southern Empire [Conquest] score=11.32 exhaustion=13.91/24.04 | weariness now Southern Empire=55.8, Western Empire=33.7.
17:20:36.400 [INFO] (Treaty) Expired, honoured in full: Truce(Aserai / Western Empire, Expired)
17:20:54.209 [INFO] (Claims) Southern Empire now has a claim to retake Phycaon from Northern Empire.
17:20:56.424 [INFO] (Telemetry) [SNAPSHOT] date=Winter 8, 1085 kingdoms=8 atWar=4 wars=2 longestWarDays=16 avgExhaustion=23.9 claims=16 trustRecords=55 fabrications=0 nonAggressionPact=8 truce=10 defensivePact=1 alliance=1 tributaryPact=0 vassalage=1
17:21:00.220 [INFO] (Claims) Aserai now has a claim to retake Shibal Zumr Castle from Khuzait.
17:21:12.484 [INFO] (Treaty) Truce recorded until Winter 12, 1086 between Northern Empire and Southern Empire.
17:21:12.484 [INFO] (Telemetry) [WAR-ENDED] aggressor=Northern_Empire defender=Southern_Empire days=18 casusBelli=Conquest finalScore=45.4 exhaustion=26.2/85.9 fiefsTaken=1/0 calledBy=none
17:21:12.484 [INFO] (Core) War closed after 18 days: Northern Empire vs Southern Empire [Conquest] score=45.38 exhaustion=26.21/85.90 | weariness now Northern Empire=26.0, Southern Empire=97.4.
17:21:12.486 [INFO] (Peace) Northern Empire and Southern Empire made peace: white peace.
17:21:12.486 [INFO] (AI) Southern Empire sued for peace with Northern Empire at exhaustion 85.2: white peace.
17:21:19.455 [INFO] (Treaty) Southern Empire went to war despite a NonAggressionPact with Khuzait - recording it as a breach.
17:21:19.456 [INFO] (Treaty) Southern Empire broke NonAggressionPact with Khuzait - Khuzait now has a casus belli.
17:21:19.456 [INFO] (Core) War opened: Southern Empire -> Khuzait (CausedByCallToWarAgreement => DefendAlly, legitimacy 1.00).
17:21:24.506 [INFO] (Telemetry) [SNAPSHOT] date=Winter 15, 1085 kingdoms=8 atWar=3 wars=2 longestWarDays=23 avgExhaustion=13.0 claims=19 trustRecords=55 fabrications=0 nonAggressionPact=7 truce=11 defensivePact=1 alliance=1 tributaryPact=0 vassalage=1
17:21:32.365 [INFO] (Claims) Aserai now has a claim to retake Tamnuh Castle from Khuzait.
17:21:40.583 [INFO] (Treaty) Signed: DefensivePact(Southern Empire / Aserai, Active)
17:21:40.583 [INFO] (AI) Southern Empire signed a DefensivePact with Aserai (mutual value 60).
17:21:52.582 [INFO] (Core) War opened: Battania -> Khuzait (CausedByCallToWarAgreement => DefendAlly, legitimacy 1.00).
17:21:52.583 [INFO] (CallToArms) Battania answered Vlandia and declared war on Khuzait.
17:21:52.583 [INFO] (Core) War opened: Vlandia -> Khuzait (CausedByKingdomDecision => Conquest, legitimacy 0.20).
17:21:52.586 [INFO] (AI) Vlandia declared war on Khuzait (Conquest, legitimacy 0.20, value 25, cost 206 influence).
17:21:52.587 [INFO] (Telemetry) [SNAPSHOT] date=Spring 1, 1086 kingdoms=8 atWar=5 wars=4 longestWarDays=30 avgExhaustion=12.3 claims=21 trustRecords=55 fabrications=0 nonAggressionPact=7 truce=11 defensivePact=2 alliance=1 tributaryPact=0 vassalage=1
17:21:53.444 [INFO] (Treaty) Truce recorded until Spring 1, 1087 between Battania and Khuzait.
17:21:53.444 [INFO] (Telemetry) [WAR-ENDED] aggressor=Battania defender=Khuzait days=0 casusBelli=DefendAlly finalScore=0.0 exhaustion=0.1/0.1 fiefsTaken=0/0 calledBy=Vlandia
17:21:53.444 [INFO] (Core) War closed after 0 days: Battania vs Khuzait [DefendAlly] score=0.00 exhaustion=0.08/0.08 | weariness now Battania=57.3, Khuzait=32.7.
17:21:53.445 [INFO] (CallToArms) Battania leaves the war against Khuzait now that Vlandia has made peace.
17:21:53.445 [INFO] (Treaty) Truce recorded until Spring 1, 1087 between Vlandia and Khuzait.
17:21:53.445 [INFO] (Telemetry) [WAR-ENDED] aggressor=Vlandia defender=Khuzait days=0 casusBelli=Conquest finalScore=0.0 exhaustion=0.1/0.1 fiefsTaken=0/0 calledBy=none
17:21:53.446 [INFO] (Core) War closed after 0 days: Vlandia vs Khuzait [Conquest] score=0.00 exhaustion=0.08/0.08 | weariness now Vlandia=14.6, Khuzait=32.8.
17:22:08.709 [INFO] (Claims) Khuzait now has a claim to retake Tamnuh Castle from Aserai.
17:22:20.333 [INFO] (Claims) Southern Empire now has a claim to retake Danustica from Khuzait.
17:22:20.643 [INFO] (Telemetry) [SNAPSHOT] date=Spring 8, 1086 kingdoms=8 atWar=3 wars=2 longestWarDays=37 avgExhaustion=40.7 claims=24 trustRecords=55 fabrications=0 nonAggressionPact=7 truce=13 defensivePact=2 alliance=1 tributaryPact=0 vassalage=1
17:22:28.661 [INFO] (Core) War opened: Western Empire -> Khuzait (CausedByKingdomDecision => Conquest, legitimacy 0.20).
17:22:28.662 [INFO] (AI) Western Empire declared war on Khuzait (Conquest, legitimacy 0.20, value 30, cost 233 influence).
17:22:32.356 [INFO] (Treaty) Truce recorded until Spring 11, 1087 between Western Empire and Khuzait.
17:22:32.357 [INFO] (Telemetry) [WAR-ENDED] aggressor=Western_Empire defender=Khuzait days=1 casusBelli=Conquest finalScore=0.0 exhaustion=0.1/0.1 fiefsTaken=0/0 calledBy=none
17:22:32.357 [INFO] (Core) War closed after 1 days: Western Empire vs Khuzait [Conquest] score=0.00 exhaustion=0.08/0.08 | weariness now Western Empire=29.4, Khuzait=31.5.
17:22:36.670 [INFO] (Treaty) Truce recorded until Spring 12, 1087 between Khuzait and Southern Empire.
17:22:36.670 [INFO] (Telemetry) [WAR-ENDED] aggressor=Southern_Empire defender=Khuzait days=19 casusBelli=DefendAlly finalScore=-2.4 exhaustion=76.7/36.7 fiefsTaken=0/1 calledBy=none
17:22:36.670 [INFO] (Core) War closed after 19 days: Southern Empire vs Khuzait [DefendAlly] score=-2.43 exhaustion=76.68/36.74 | weariness now Khuzait=49.7, Southern Empire=100.0.
17:22:36.673 [INFO] (Peace) Khuzait and Southern Empire made peace: white peace.
17:22:36.673 [INFO] (AI) Southern Empire sued for peace with Khuzait at exhaustion 76.4: white peace.
17:22:48.666 [INFO] (Telemetry) [SNAPSHOT] date=Spring 15, 1086 kingdoms=8 atWar=2 wars=1 longestWarDays=44 avgExhaustion=40.8 claims=23 trustRecords=55 fabrications=0 nonAggressionPact=7 truce=15 defensivePact=2 alliance=1 tributaryPact=0 vassalage=1
17:22:54.399 [INFO] (Claims) Khuzait now has a claim to retake Shibal Zumr Castle from Aserai.
17:23:16.730 [INFO] (Treaty) Expired, honoured in full: NonAggressionPact(Vlandia / Western Empire, Expired)
17:23:16.733 [INFO] (Telemetry) [SNAPSHOT] date=Summer 1, 1086 kingdoms=8 atWar=2 wars=1 longestWarDays=51 avgExhaustion=49.4 claims=23 trustRecords=55 fabrications=0 nonAggressionPact=6 truce=15 defensivePact=2 alliance=1 tributaryPact=0 vassalage=1
17:23:36.731 [INFO] (Treaty) Truce recorded until Summer 6, 1087 between Khuzait and Aserai.
17:23:36.732 [INFO] (Telemetry) [WAR-ENDED] aggressor=Khuzait defender=Aserai days=56 casusBelli=Conquest finalScore=7.5 exhaustion=41.9/73.8 fiefsTaken=2/2 calledBy=none
17:23:36.732 [INFO] (Core) War closed after 56 days: Khuzait vs Aserai [Conquest] score=7.51 exhaustion=41.86/73.78 | weariness now Khuzait=68.4, Aserai=100.0.
17:23:36.735 [INFO] (Peace) Khuzait and Aserai made peace: white peace.
17:23:36.735 [INFO] (AI) Aserai sued for peace with Khuzait at exhaustion 73.8: white peace.
17:23:36.735 [INFO] (Treaty) Expired, honoured in full: NonAggressionPact(Aserai / Northern Empire, Expired)
17:23:44.732 [INFO] (Core) War opened: Western Empire -> Northern Empire (CausedByCallToWarAgreement => DefendAlly, legitimacy 1.00).
17:23:44.733 [INFO] (CallToArms) Western Empire answered Aserai and declared war on Northern Empire.
17:23:44.733 [INFO] (Core) War opened: Northern Empire -> Aserai (CausedByKingdomDecision => Conquest, legitimacy 0.20).
17:23:44.735 [INFO] (Treaty) Southern Empire went to war despite a Truce with Northern Empire - recording it as a breach.
17:23:44.735 [INFO] (Treaty) Southern Empire broke Truce with Northern Empire - Northern Empire now has a casus belli.
17:23:44.735 [INFO] (Core) War opened: Southern Empire -> Northern Empire (CausedByCallToWarAgreement => DefendAlly, legitimacy 1.00).
17:23:44.737 [INFO] (AI) Northern Empire declared war on Aserai (Conquest, legitimacy 0.20, value 43, cost 216 influence).
17:23:44.737 [INFO] (Treaty) Signed: NonAggressionPact(Vlandia / Western Empire, Active)
17:23:44.737 [INFO] (AI) Vlandia signed a NonAggressionPact with Western Empire (mutual value 23).
17:23:44.737 [INFO] (Treaty) Expired, honoured in full: NonAggressionPact(Sturgia / Northern Empire, Expired)
17:23:44.738 [INFO] (Telemetry) [SNAPSHOT] date=Summer 8, 1086 kingdoms=8 atWar=4 wars=3 longestWarDays=0 avgExhaustion=0.1 claims=23 trustRecords=56 fabrications=0 nonAggressionPact=5 truce=15 defensivePact=2 alliance=1 tributaryPact=0 vassalage=1
17:23:45.328 [INFO] (Treaty) Truce recorded until Summer 8, 1087 between Western Empire and Northern Empire.
17:23:45.328 [INFO] (Telemetry) [WAR-ENDED] aggressor=Western_Empire defender=Northern_Empire days=0 casusBelli=DefendAlly finalScore=0.0 exhaustion=0.1/0.1 fiefsTaken=0/0 calledBy=Aserai
17:23:45.328 [INFO] (Core) War closed after 0 days: Western Empire vs Northern Empire [DefendAlly] score=0.00 exhaustion=0.08/0.08 | weariness now Western Empire=26.5, Northern Empire=20.1.
17:23:45.329 [INFO] (CallToArms) Western Empire leaves the war against Northern Empire now that Aserai has made peace.
17:23:45.329 [INFO] (Treaty) Truce recorded until Summer 8, 1087 between Aserai and Northern Empire.
17:23:45.329 [INFO] (Telemetry) [WAR-ENDED] aggressor=Northern_Empire defender=Aserai days=0 casusBelli=Conquest finalScore=-1.6 exhaustion=0.4/0.2 fiefsTaken=0/0 calledBy=none
17:23:45.329 [INFO] (Core) War closed after 0 days: Northern Empire vs Aserai [Conquest] score=-1.62 exhaustion=0.42/0.25 | weariness now Aserai=99.7, Northern Empire=20.4.
17:23:52.734 [INFO] (Treaty) Expired, honoured in full: NonAggressionPact(Western Empire / Sturgia, Expired)
17:24:04.737 [INFO] (Treaty) Expired, honoured in full: Truce(Southern Empire / Sturgia, Expired)
17:24:08.731 [INFO] (Treaty) Signed: NonAggressionPact(Sturgia / Northern Empire, Active)
17:24:08.733 [INFO] (AI) Sturgia signed a NonAggressionPact with Northern Empire (mutual value 36).
17:24:12.742 [INFO] (Telemetry) [SNAPSHOT] date=Summer 15, 1086 kingdoms=8 atWar=2 wars=1 longestWarDays=7 avgExhaustion=9.0 claims=22 trustRecords=56 fabrications=0 nonAggressionPact=5 truce=16 defensivePact=2 alliance=1 tributaryPact=0 vassalage=1
17:24:21.437 [INFO] (Claims) Southern Empire now has a claim to retake Jogurys Castle from Northern Empire.
17:24:29.055 [INFO] (Claims) Northern Empire now has a claim to retake Phycaon from Southern Empire.
17:24:36.813 [INFO] (Treaty) Expired, honoured in full: Truce(Battania / Sturgia, Expired)
17:24:36.813 [INFO] (Treaty) Expired, honoured in full: Truce(Vlandia / Sturgia, Expired)
17:24:40.816 [INFO] (Core) War opened: Battania -> Sturgia (CausedByCallToWarAgreement => DefendAlly, legitimacy 1.00).
17:24:40.817 [INFO] (CallToArms) Battania answered Vlandia and declared war on Sturgia.
17:24:40.818 [INFO] (Core) War opened: Vlandia -> Sturgia (CausedByKingdomDecision => Conquest, legitimacy 0.20).
17:24:40.819 [INFO] (AI) Vlandia declared war on Sturgia (Conquest, legitimacy 0.20, value 46, cost 195 influence).
17:24:40.819 [INFO] (Telemetry) [SNAPSHOT] date=Autumn 1, 1086 kingdoms=8 atWar=5 wars=3 longestWarDays=14 avgExhaustion=12.4 claims=23 trustRecords=56 fabrications=0 nonAggressionPact=5 truce=14 defensivePact=2 alliance=1 tributaryPact=0 vassalage=1
17:24:41.954 [INFO] (Treaty) Truce recorded until Autumn 1, 1087 between Battania and Sturgia.
17:24:41.954 [INFO] (Telemetry) [WAR-ENDED] aggressor=Battania defender=Sturgia days=0 casusBelli=DefendAlly finalScore=0.0 exhaustion=0.1/0.1 fiefsTaken=0/0 calledBy=Vlandia
17:24:41.954 [INFO] (Core) War closed after 0 days: Battania vs Sturgia [DefendAlly] score=0.00 exhaustion=0.08/0.08 | weariness now Battania=51.0, Sturgia=76.7.
17:24:41.955 [INFO] (CallToArms) Battania leaves the war against Sturgia now that Vlandia has made peace.
17:24:41.955 [INFO] (Treaty) Truce recorded until Autumn 1, 1087 between Vlandia and Sturgia.
17:24:41.955 [INFO] (Telemetry) [WAR-ENDED] aggressor=Vlandia defender=Sturgia days=0 casusBelli=Conquest finalScore=0.0 exhaustion=0.1/0.1 fiefsTaken=0/0 calledBy=none
17:24:41.956 [INFO] (Core) War closed after 0 days: Vlandia vs Sturgia [Conquest] score=0.00 exhaustion=0.08/0.08 | weariness now Vlandia=8.3, Sturgia=76.7.
17:24:53.749 [INFO] (Claims) Southern Empire now has a claim to retake Syronea from Northern Empire.
17:24:56.863 [INFO] (Treaty) Truce recorded until Autumn 5, 1087 between Northern Empire and Southern Empire.
17:24:56.864 [INFO] (Telemetry) [WAR-ENDED] aggressor=Southern_Empire defender=Northern_Empire days=18 casusBelli=DefendAlly finalScore=-11.4 exhaustion=63.3/34.4 fiefsTaken=1/2 calledBy=none
17:24:56.864 [INFO] (Core) War closed after 18 days: Southern Empire vs Northern Empire [DefendAlly] score=-11.44 exhaustion=63.33/34.42 | weariness now Northern Empire=35.0, Southern Empire=100.0.
17:24:56.866 [INFO] (Peace) Northern Empire and Southern Empire made peace: white peace.
17:24:56.868 [INFO] (AI) Southern Empire sued for peace with Northern Empire at exhaustion 63.3: white peace.
17:25:08.866 [INFO] (Telemetry) [SNAPSHOT] date=Autumn 8, 1086 kingdoms=8 atWar=0 wars=0 longestWarDays=0 avgExhaustion=0.0 claims=24 trustRecords=56 fabrications=0 nonAggressionPact=5 truce=17 defensivePact=2 alliance=1 tributaryPact=0 vassalage=1
17:25:12.872 [INFO] (Treaty) Expired, honoured in full: NonAggressionPact(Vlandia / Northern Empire, Expired)
17:25:12.872 [INFO] (Treaty) Expired, honoured in full: Truce(Battania / Aserai, Expired)
17:25:16.870 [INFO] (Treaty) Expired, honoured in full: Truce(Vlandia / Aserai, Expired)
17:25:20.866 [INFO] (Treaty) Expired, honoured in full: Truce(Sturgia / Khuzait, Expired)
17:25:36.873 [INFO] (Telemetry) [SNAPSHOT] date=Autumn 15, 1086 kingdoms=8 atWar=0 wars=0 longestWarDays=0 avgExhaustion=0.0 claims=24 trustRecords=56 fabrications=0 nonAggressionPact=4 truce=14 defensivePact=2 alliance=1 tributaryPact=0 vassalage=1
17:25:56.870 [INFO] (Treaty) Expired, honoured in full: Truce(Southern Empire / Aserai, Expired)
17:26:04.868 [INFO] (Treaty) Signed: NonAggressionPact(Vlandia / Aserai, Active)
17:26:04.869 [INFO] (AI) Vlandia signed a NonAggressionPact with Aserai (mutual value 20).
17:26:04.870 [INFO] (Telemetry) [SNAPSHOT] date=Winter 1, 1086 kingdoms=8 atWar=0 wars=0 longestWarDays=0 avgExhaustion=0.0 claims=22 trustRecords=56 fabrications=0 nonAggressionPact=5 truce=13 defensivePact=2 alliance=1 tributaryPact=0 vassalage=1
17:26:08.865 [INFO] (Treaty) Expired, honoured in full: Truce(Battania / Southern Empire, Expired)
17:26:08.866 [INFO] (Treaty) Expired, honoured in full: Truce(Vlandia / Southern Empire, Expired)
17:26:12.867 [INFO] (Treaty) Expired, honoured in full: Truce(Southern Empire / Western Empire, Expired)
17:26:32.865 [INFO] (Core) War opened: Battania -> Southern Empire (CausedByCallToWarAgreement => DefendAlly, legitimacy 1.00).
17:26:32.867 [INFO] (CallToArms) Battania answered Vlandia and declared war on Southern Empire.
17:26:32.867 [INFO] (Core) War opened: Vlandia -> Southern Empire (CausedByKingdomDecision => Conquest, legitimacy 0.20).
17:26:32.869 [INFO] (AI) Vlandia declared war on Southern Empire (Conquest, legitimacy 0.20, value 49, cost 187 influence).
17:26:32.870 [INFO] (Telemetry) [SNAPSHOT] date=Winter 8, 1086 kingdoms=8 atWar=3 wars=2 longestWarDays=0 avgExhaustion=0.1 claims=22 trustRecords=56 fabrications=0 nonAggressionPact=5 truce=10 defensivePact=2 alliance=1 tributaryPact=0 vassalage=1
17:26:32.952 [INFO] (Treaty) Truce recorded until Winter 8, 1087 between Battania and Southern Empire.
17:26:32.952 [INFO] (Telemetry) [WAR-ENDED] aggressor=Battania defender=Southern_Empire days=0 casusBelli=DefendAlly finalScore=0.0 exhaustion=0.1/0.1 fiefsTaken=0/0 calledBy=Vlandia
17:26:32.953 [INFO] (Core) War closed after 0 days: Battania vs Southern Empire [DefendAlly] score=0.00 exhaustion=0.08/0.08 | weariness now Battania=46.8, Southern Empire=96.3.
17:26:32.953 [INFO] (CallToArms) Battania leaves the war against Southern Empire now that Vlandia has made peace.
17:26:32.953 [INFO] (Treaty) Truce recorded until Winter 8, 1087 between Southern Empire and Vlandia.
17:26:32.954 [INFO] (Telemetry) [WAR-ENDED] aggressor=Vlandia defender=Southern_Empire days=0 casusBelli=Conquest finalScore=0.0 exhaustion=0.1/0.1 fiefsTaken=0/0 calledBy=none
17:26:32.954 [INFO] (Core) War closed after 0 days: Vlandia vs Southern Empire [Conquest] score=0.00 exhaustion=0.08/0.08 | weariness now Southern Empire=96.3, Vlandia=4.1.
17:27:00.876 [INFO] (Telemetry) [SNAPSHOT] date=Winter 15, 1086 kingdoms=8 atWar=0 wars=0 longestWarDays=0 avgExhaustion=0.0 claims=22 trustRecords=56 fabrications=0 nonAggressionPact=5 truce=12 defensivePact=2 alliance=1 tributaryPact=0 vassalage=1
17:27:08.864 [INFO] (Core) War opened: Western Empire -> Southern Empire (CausedByKingdomDecision => Conquest, legitimacy 0.20).
17:27:08.866 [INFO] (AI) Western Empire declared war on Southern Empire (Conquest, legitimacy 0.20, value 50, cost 214 influence).
17:27:28.864 [INFO] (Telemetry) [SNAPSHOT] date=Spring 1, 1087 kingdoms=8 atWar=2 wars=1 longestWarDays=5 avgExhaustion=4.9 claims=22 trustRecords=56 fabrications=0 nonAggressionPact=5 truce=12 defensivePact=2 alliance=1 tributaryPact=0 vassalage=1
17:27:32.874 [INFO] (Treaty) Expired, honoured in full: Truce(Battania / Khuzait, Expired)
17:27:32.874 [INFO] (Treaty) Expired, honoured in full: Truce(Vlandia / Khuzait, Expired)
17:27:56.873 [INFO] (Telemetry) [SNAPSHOT] date=Spring 8, 1087 kingdoms=8 atWar=2 wars=1 longestWarDays=12 avgExhaustion=30.3 claims=22 trustRecords=56 fabrications=0 nonAggressionPact=5 truce=10 defensivePact=2 alliance=1 tributaryPact=0 vassalage=1
17:28:04.875 [INFO] (Core) War opened: Western Empire -> Sturgia (CausedByKingdomDecision => Conquest, legitimacy 0.20).
17:28:04.876 [INFO] (AI) Western Empire declared war on Sturgia (Conquest, legitimacy 0.20, value 42, cost 210 influence).
17:28:08.831 [INFO] (Treaty) Truce recorded until Spring 11, 1088 between Southern Empire and Western Empire.
17:28:08.831 [INFO] (Telemetry) [WAR-ENDED] aggressor=Western_Empire defender=Southern_Empire days=15 casusBelli=Conquest finalScore=30.6 exhaustion=13.5/58.7 fiefsTaken=0/0 calledBy=none
17:28:08.831 [INFO] (Core) War closed after 15 days: Western Empire vs Southern Empire [Conquest] score=30.64 exhaustion=13.46/58.67 | weariness now Southern Empire=100.0, Western Empire=23.5.
17:28:08.866 [INFO] (Treaty) Signed: NonAggressionPact(Battania / Aserai, Active)
17:28:08.866 [INFO] (AI) Battania signed a NonAggressionPact with Aserai (mutual value 30).
17:28:08.867 [INFO] (Treaty) Expired, honoured in full: Truce(Western Empire / Khuzait, Expired)
17:28:13.208 [INFO] (Treaty) Truce recorded until Spring 12, 1088 between Sturgia and Western Empire.
17:28:13.209 [INFO] (Telemetry) [WAR-ENDED] aggressor=Western_Empire defender=Sturgia days=2 casusBelli=Conquest finalScore=-1.9 exhaustion=1.0/0.5 fiefsTaken=0/0 calledBy=none
17:28:13.209 [INFO] (Core) War closed after 2 days: Western Empire vs Sturgia [Conquest] score=-1.88 exhaustion=1.04/0.47 | weariness now Sturgia=69.0, Western Empire=23.7.
17:28:16.872 [INFO] (Treaty) Expired, honoured in full: Truce(Khuzait / Southern Empire, Expired)
17:28:24.866 [INFO] (Telemetry) [SNAPSHOT] date=Spring 15, 1087 kingdoms=8 atWar=0 wars=0 longestWarDays=0 avgExhaustion=0.0 claims=22 trustRecords=56 fabrications=0 nonAggressionPact=6 truce=10 defensivePact=2 alliance=1 tributaryPact=0 vassalage=1
17:28:38.468 [INFO] (Core) War opened: Khuzait -> Southern Empire (CausedByKingdomDecision => BrokenTreaty, legitimacy 0.95).
17:28:52.867 [INFO] (Core) War opened: Battania -> Khuzait (CausedByCallToWarAgreement => DefendAlly, legitimacy 1.00).
17:28:52.868 [INFO] (CallToArms) Battania answered Vlandia and declared war on Khuzait.
17:28:52.868 [INFO] (Core) War opened: Vlandia -> Khuzait (CausedByKingdomDecision => Conquest, legitimacy 0.20).
17:28:52.869 [INFO] (AI) Vlandia declared war on Khuzait (Conquest, legitimacy 0.20, value 25, cost 180 influence).
17:28:52.870 [INFO] (Telemetry) [SNAPSHOT] date=Summer 1, 1087 kingdoms=8 atWar=4 wars=3 longestWarDays=4 avgExhaustion=1.7 claims=20 trustRecords=56 fabrications=0 nonAggressionPact=6 truce=10 defensivePact=2 alliance=1 tributaryPact=0 vassalage=1
17:28:53.795 [INFO] (Treaty) Truce recorded until Summer 1, 1088 between Battania and Khuzait.
17:28:53.795 [INFO] (Telemetry) [WAR-ENDED] aggressor=Battania defender=Khuzait days=0 casusBelli=DefendAlly finalScore=0.0 exhaustion=0.1/0.1 fiefsTaken=0/0 calledBy=Vlandia
17:28:53.795 [INFO] (Core) War closed after 0 days: Battania vs Khuzait [DefendAlly] score=0.00 exhaustion=0.08/0.08 | weariness now Battania=41.6, Khuzait=56.4.
17:28:53.796 [INFO] (CallToArms) Battania leaves the war against Khuzait now that Vlandia has made peace.
17:28:53.796 [INFO] (Treaty) Truce recorded until Summer 1, 1088 between Vlandia and Khuzait.
17:28:53.796 [INFO] (Telemetry) [WAR-ENDED] aggressor=Vlandia defender=Khuzait days=0 casusBelli=Conquest finalScore=0.0 exhaustion=0.1/0.1 fiefsTaken=0/0 calledBy=none
17:28:53.796 [INFO] (Core) War closed after 0 days: Vlandia vs Khuzait [Conquest] score=0.00 exhaustion=0.08/0.08 | weariness now Vlandia=0.0, Khuzait=56.4.
17:29:04.872 [INFO] (Treaty) Expired, honoured in full: NonAggressionPact(Battania / Western Empire, Expired)
17:29:12.875 [INFO] (Treaty) Expired, honoured in full: Truce(Khuzait / Aserai, Expired)
17:29:17.542 [INFO] (Core) War opened: Aserai -> Khuzait (CausedByKingdomDecision => ReclaimAncestralLand, legitimacy 0.70).
17:29:20.875 [INFO] (Telemetry) [SNAPSHOT] date=Summer 8, 1087 kingdoms=8 atWar=3 wars=2 longestWarDays=11 avgExhaustion=8.1 claims=21 trustRecords=56 fabrications=0 nonAggressionPact=5 truce=11 defensivePact=2 alliance=1 tributaryPact=0 vassalage=1
17:29:24.875 [INFO] (Treaty) Expired, honoured in full: Truce(Western Empire / Northern Empire, Expired)
17:29:24.875 [INFO] (Treaty) Expired, honoured in full: Truce(Aserai / Northern Empire, Expired)
17:29:32.867 [INFO] (Treaty) Signed: NonAggressionPact(Battania / Western Empire, Active)
17:29:32.867 [INFO] (AI) Battania signed a NonAggressionPact with Western Empire (mutual value 31).
17:29:40.868 [INFO] (Treaty) Signed: TributaryPact(Aserai / Southern Empire, Active) tribute 500 from Southern Empire every 7 days
17:29:40.869 [INFO] (AI) Aserai imposed a tributary pact on Southern Empire.
17:29:48.867 [INFO] (Telemetry) [SNAPSHOT] date=Summer 15, 1087 kingdoms=8 atWar=3 wars=2 longestWarDays=18 avgExhaustion=25.8 claims=23 trustRecords=56 fabrications=0 nonAggressionPact=6 truce=9 defensivePact=2 alliance=1 tributaryPact=1 vassalage=1
17:29:52.871 [INFO] (Treaty) Expired, honoured in full: NonAggressionPact(Northern Empire / Khuzait, Expired)
17:29:56.875 [INFO] (Core) War opened: Western Empire -> Khuzait (CausedByKingdomDecision => Conquest, legitimacy 0.20).
17:29:56.876 [INFO] (AI) Western Empire declared war on Khuzait (Conquest, legitimacy 0.20, value 32, cost 215 influence).
17:29:59.948 [INFO] (Treaty) Truce recorded until Summer 18, 1088 between Khuzait and Aserai.
17:29:59.948 [INFO] (Telemetry) [WAR-ENDED] aggressor=Aserai defender=Khuzait days=11 casusBelli=ReclaimAncestralLand finalScore=8.2 exhaustion=5.9/13.8 fiefsTaken=0/0 calledBy=none
17:29:59.949 [INFO] (Core) War closed after 11 days: Aserai vs Khuzait [ReclaimAncestralLand] score=8.15 exhaustion=5.94/13.76 | weariness now Khuzait=60.9, Aserai=88.7.
17:30:00.662 [INFO] (Treaty) Truce recorded until Summer 18, 1088 between Western Empire and Khuzait.
17:30:00.663 [INFO] (Telemetry) [WAR-ENDED] aggressor=Western_Empire defender=Khuzait days=1 casusBelli=Conquest finalScore=0.0 exhaustion=0.1/0.1 fiefsTaken=0/0 calledBy=none
17:30:00.663 [INFO] (Core) War closed after 1 days: Western Empire vs Khuzait [Conquest] score=0.00 exhaustion=0.08/0.08 | weariness now Western Empire=19.9, Khuzait=61.0.
17:30:04.875 [INFO] (Treaty) Truce recorded until Summer 19, 1088 between Khuzait and Southern Empire.
17:30:04.875 [INFO] (Telemetry) [WAR-ENDED] aggressor=Khuzait defender=Southern_Empire days=22 casusBelli=BrokenTreaty finalScore=18.5 exhaustion=45.4/99.6 fiefsTaken=0/0 calledBy=none
17:30:04.875 [INFO] (Core) War closed after 22 days: Khuzait vs Southern Empire [BrokenTreaty] score=18.46 exhaustion=45.39/99.62 | weariness now Khuzait=83.5, Southern Empire=100.0.
17:30:04.877 [INFO] (Peace) Khuzait and Southern Empire made peace: white peace.
17:30:04.877 [INFO] (AI) Southern Empire sued for peace with Khuzait at exhaustion 99.5: white peace.
17:30:08.881 [INFO] (Treaty) Signed: NonAggressionPact(Aserai / Northern Empire, Active)
17:30:08.882 [INFO] (AI) Aserai signed a NonAggressionPact with Northern Empire (mutual value 35).
17:30:16.876 [INFO] (Core) War opened: Northern Empire -> Khuzait (CausedByKingdomDecision => Conquest, legitimacy 0.20).
17:30:16.877 [INFO] (AI) Northern Empire declared war on Khuzait (Conquest, legitimacy 0.20, value 34, cost 221 influence).
17:30:16.879 [INFO] (Telemetry) [SNAPSHOT] date=Autumn 1, 1087 kingdoms=8 atWar=2 wars=1 longestWarDays=0 avgExhaustion=0.1 claims=23 trustRecords=56 fabrications=0 nonAggressionPact=6 truce=12 defensivePact=2 alliance=1 tributaryPact=1 vassalage=1
17:30:20.879 [INFO] (Treaty) Expired, honoured in full: Truce(Battania / Sturgia, Expired)
17:30:20.880 [INFO] (Treaty) Expired, honoured in full: Truce(Vlandia / Sturgia, Expired)
17:30:32.885 [INFO] (Treaty) Signed: NonAggressionPact(Southern Empire / Sturgia, Active)
17:30:32.886 [INFO] (AI) Southern Empire signed a NonAggressionPact with Sturgia (mutual value 24).
17:30:32.886 [INFO] (Treaty) Expired, honoured in full: Truce(Northern Empire / Southern Empire, Expired)
17:30:44.882 [INFO] (Core) War opened: Northern Empire -> Southern Empire (CausedByKingdomDecision => BrokenTreaty, legitimacy 0.95).
17:30:44.883 [INFO] (AI) Northern Empire declared war on Southern Empire (BrokenTreaty, legitimacy 0.95, value 74, cost 128 influence).
17:30:44.883 [INFO] (Core) War opened: Battania -> Sturgia (CausedByCallToWarAgreement => DefendAlly, legitimacy 1.00).
17:30:44.884 [INFO] (CallToArms) Battania answered Vlandia and declared war on Sturgia.
17:30:44.885 [INFO] (Core) War opened: Vlandia -> Sturgia (CausedByKingdomDecision => Conquest, legitimacy 0.20).
17:30:44.885 [INFO] (AI) Vlandia declared war on Sturgia (Conquest, legitimacy 0.20, value 49, cost 180 influence).
17:30:44.887 [INFO] (Telemetry) [SNAPSHOT] date=Autumn 8, 1087 kingdoms=8 atWar=6 wars=4 longestWarDays=7 avgExhaustion=1.5 claims=24 trustRecords=56 fabrications=0 nonAggressionPact=7 truce=9 defensivePact=2 alliance=1 tributaryPact=1 vassalage=1
17:30:45.347 [INFO] (Treaty) Truce recorded until Autumn 8, 1088 between Battania and Sturgia.
17:30:45.347 [INFO] (Telemetry) [WAR-ENDED] aggressor=Battania defender=Sturgia days=0 casusBelli=DefendAlly finalScore=0.0 exhaustion=0.1/0.1 fiefsTaken=0/0 calledBy=Vlandia
17:30:45.347 [INFO] (Core) War closed after 0 days: Battania vs Sturgia [DefendAlly] score=0.00 exhaustion=0.08/0.08 | weariness now Battania=37.5, Sturgia=63.4.
17:30:45.348 [INFO] (CallToArms) Battania leaves the war against Sturgia now that Vlandia has made peace.
17:30:45.348 [INFO] (Treaty) Truce recorded until Autumn 8, 1088 between Sturgia and Vlandia.
17:30:45.348 [INFO] (Telemetry) [WAR-ENDED] aggressor=Vlandia defender=Sturgia days=0 casusBelli=Conquest finalScore=2.3 exhaustion=0.1/0.6 fiefsTaken=0/0 calledBy=none
17:30:45.349 [INFO] (Core) War closed after 0 days: Vlandia vs Sturgia [Conquest] score=2.28 exhaustion=0.11/0.60 | weariness now Sturgia=63.7, Vlandia=0.1.
17:31:12.889 [INFO] (Telemetry) [SNAPSHOT] date=Autumn 15, 1087 kingdoms=8 atWar=3 wars=2 longestWarDays=14 avgExhaustion=14.3 claims=26 trustRecords=56 fabrications=0 nonAggressionPact=7 truce=11 defensivePact=2 alliance=1 tributaryPact=1 vassalage=1
17:31:21.180 [INFO] (Core) War opened: Sturgia -> Khuzait (CausedByKingdomDecision => ReclaimAncestralLand, legitimacy 0.70).
17:31:25.002 [INFO] (Claims) Khuzait now has a claim to retake Makeb from Northern Empire.
17:31:32.047 [INFO] (Treaty) Truce recorded until Autumn 20, 1088 between Khuzait and Northern Empire.
17:31:32.049 [INFO] (Telemetry) [WAR-ENDED] aggressor=Northern_Empire defender=Khuzait days=19 casusBelli=Conquest finalScore=12.7 exhaustion=30.7/75.8 fiefsTaken=1/0 calledBy=none
17:31:32.049 [INFO] (Core) War closed after 19 days: Northern Empire vs Khuzait [Conquest] score=12.74 exhaustion=30.72/75.82 | weariness now Khuzait=100.0, Northern Empire=35.5.
17:31:38.245 [INFO] (Claims) Northern Empire now has a claim to retake Syronea from Southern Empire.
17:31:40.957 [INFO] (Telemetry) [SNAPSHOT] date=Winter 1, 1087 kingdoms=8 atWar=4 wars=2 longestWarDays=14 avgExhaustion=17.1 claims=29 trustRecords=56 fabrications=0 nonAggressionPact=7 truce=12 defensivePact=2 alliance=1 tributaryPact=1 vassalage=1
17:32:08.967 [INFO] (Core) War opened: Battania -> Northern Empire (CausedByCallToWarAgreement => DefendAlly, legitimacy 1.00).
17:32:08.969 [INFO] (CallToArms) Battania answered Vlandia and declared war on Northern Empire.
17:32:08.969 [INFO] (Core) War opened: Vlandia -> Northern Empire (CausedByKingdomDecision => Conquest, legitimacy 0.20).
17:32:08.970 [INFO] (AI) Vlandia declared war on Northern Empire (Conquest, legitimacy 0.20, value 52, cost 180 influence).
17:32:08.972 [INFO] (Telemetry) [SNAPSHOT] date=Winter 8, 1087 kingdoms=8 atWar=6 wars=4 longestWarDays=21 avgExhaustion=17.1 claims=29 trustRecords=56 fabrications=0 nonAggressionPact=7 truce=12 defensivePact=2 alliance=1 tributaryPact=1 vassalage=1
17:32:12.970 [INFO] (Treaty) Expired, honoured in full: Truce(Battania / Southern Empire, Expired)
17:32:12.971 [INFO] (Treaty) Expired, honoured in full: Truce(Southern Empire / Vlandia, Expired)
17:32:13.983 [INFO] (Treaty) Truce recorded until Winter 9, 1088 between Battania and Northern Empire.
17:32:13.983 [INFO] (Telemetry) [WAR-ENDED] aggressor=Battania defender=Northern_Empire days=1 casusBelli=DefendAlly finalScore=0.0 exhaustion=0.2/0.3 fiefsTaken=0/0 calledBy=Vlandia
17:32:13.983 [INFO] (Core) War closed after 1 days: Battania vs Northern Empire [DefendAlly] score=0.00 exhaustion=0.16/0.27 | weariness now Battania=34.3, Northern Empire=34.0.
17:32:13.984 [INFO] (CallToArms) Battania leaves the war against Northern Empire now that Vlandia has made peace.
17:32:13.984 [INFO] (Treaty) Truce recorded until Winter 9, 1088 between Vlandia and Northern Empire.
17:32:13.984 [INFO] (Telemetry) [WAR-ENDED] aggressor=Vlandia defender=Northern_Empire days=1 casusBelli=Conquest finalScore=1.7 exhaustion=0.3/0.7 fiefsTaken=0/0 calledBy=none
17:32:13.984 [INFO] (Core) War closed after 1 days: Vlandia vs Northern Empire [Conquest] score=1.74 exhaustion=0.26/0.69 | weariness now Vlandia=0.1, Northern Empire=34.4.
17:32:15.694 [INFO] (Claims) Khuzait now has a claim to retake Urikskala Castle from Sturgia.
17:32:16.990 [INFO] (Core) War opened: Western Empire -> Northern Empire (CausedByKingdomDecision => Conquest, legitimacy 0.20).
17:32:16.991 [INFO] (AI) Western Empire declared war on Northern Empire (Conquest, legitimacy 0.20, value 45, cost 206 influence).
17:32:25.006 [INFO] (Treaty) Truce recorded until Winter 12, 1088 between Northern Empire and Southern Empire.
17:32:25.007 [INFO] (Telemetry) [WAR-ENDED] aggressor=Northern_Empire defender=Southern_Empire days=25 casusBelli=BrokenTreaty finalScore=-9.1 exhaustion=44.3/86.2 fiefsTaken=0/1 calledBy=none
17:32:25.007 [INFO] (Core) War closed after 25 days: Northern Empire vs Southern Empire [BrokenTreaty] score=-9.11 exhaustion=44.31/86.20 | weariness now Northern Empire=56.2, Southern Empire=100.0.
17:32:25.009 [INFO] (Peace) Northern Empire and Southern Empire made peace: white peace.
17:32:25.009 [INFO] (AI) Southern Empire sued for peace with Northern Empire at exhaustion 86.2: white peace.
17:32:37.012 [INFO] (Telemetry) [SNAPSHOT] date=Winter 15, 1087 kingdoms=8 atWar=4 wars=2 longestWarDays=19 avgExhaustion=16.8 claims=29 trustRecords=56 fabrications=0 nonAggressionPact=7 truce=13 defensivePact=2 alliance=1 tributaryPact=1 vassalage=1
17:32:44.809 [INFO] (Claims) Sturgia now has a claim to retake Urikskala Castle from Khuzait.
17:32:55.143 [INFO] (Claims) Northern Empire now has a claim to retake Ataconia Castle from Western Empire.
17:33:05.102 [INFO] (Telemetry) [SNAPSHOT] date=Spring 1, 1088 kingdoms=8 atWar=4 wars=2 longestWarDays=26 avgExhaustion=27.8 claims=30 trustRecords=56 fabrications=0 nonAggressionPact=7 truce=13 defensivePact=2 alliance=1 tributaryPact=1 vassalage=1
17:33:28.603 [INFO] (Claims) Northern Empire now has a claim to retake Rhesos Castle from Western Empire.
17:33:29.141 [INFO] (Treaty) Truce recorded until Spring 7, 1089 between Khuzait and Sturgia.
17:33:29.142 [INFO] (Telemetry) [WAR-ENDED] aggressor=Sturgia defender=Khuzait days=32 casusBelli=ReclaimAncestralLand finalScore=-16.6 exhaustion=69.7/61.4 fiefsTaken=1/1 calledBy=none
17:33:29.142 [INFO] (Core) War closed after 32 days: Sturgia vs Khuzait [ReclaimAncestralLand] score=-16.58 exhaustion=69.73/61.42 | weariness now Khuzait=100.0, Sturgia=92.5.
17:33:29.144 [INFO] (Peace) Khuzait and Sturgia made peace: white peace.
17:33:29.145 [INFO] (AI) Sturgia sued for peace with Khuzait at exhaustion 69.7: white peace.
17:33:34.280 [INFO] (Core) War opened: Battania -> Southern Empire (CausedByCallToWarAgreement => DefendAlly, legitimacy 1.00).
17:33:34.281 [INFO] (CallToArms) Battania answered Vlandia and declared war on Southern Empire.
17:33:34.281 [INFO] (Core) War opened: Vlandia -> Southern Empire (CausedByKingdomDecision => Conquest, legitimacy 0.20).
17:33:34.282 [INFO] (AI) Vlandia declared war on Southern Empire (Conquest, legitimacy 0.20, value 66, cost 180 influence).
17:33:34.283 [INFO] (Telemetry) [SNAPSHOT] date=Spring 8, 1088 kingdoms=8 atWar=5 wars=3 longestWarDays=19 avgExhaustion=11.0 claims=33 trustRecords=56 fabrications=0 nonAggressionPact=7 truce=14 defensivePact=2 alliance=1 tributaryPact=1 vassalage=1
17:33:34.531 [INFO] (Treaty) Truce recorded until Spring 8, 1089 between Battania and Southern Empire.
17:33:34.531 [INFO] (Telemetry) [WAR-ENDED] aggressor=Battania defender=Southern_Empire days=0 casusBelli=DefendAlly finalScore=0.0 exhaustion=0.1/0.1 fiefsTaken=0/0 calledBy=Vlandia
17:33:34.531 [INFO] (Core) War closed after 0 days: Battania vs Southern Empire [DefendAlly] score=0.00 exhaustion=0.08/0.08 | weariness now Battania=31.3, Southern Empire=97.3.
17:33:34.532 [INFO] (CallToArms) Battania leaves the war against Southern Empire now that Vlandia has made peace.
17:33:34.532 [INFO] (Treaty) Truce recorded until Spring 8, 1089 between Southern Empire and Vlandia.
17:33:34.532 [INFO] (Telemetry) [WAR-ENDED] aggressor=Vlandia defender=Southern_Empire days=0 casusBelli=Conquest finalScore=0.0 exhaustion=0.1/0.1 fiefsTaken=0/0 calledBy=none
17:33:34.532 [INFO] (Core) War closed after 0 days: Vlandia vs Southern Empire [Conquest] score=0.00 exhaustion=0.08/0.08 | weariness now Southern Empire=97.4, Vlandia=0.0.
17:33:46.273 [INFO] (Treaty) Expired, honoured in full: Truce(Southern Empire / Western Empire, Expired)
17:33:54.272 [INFO] (Treaty) Expired, honoured in full: Truce(Sturgia / Western Empire, Expired)
17:34:02.286 [INFO] (Treaty) Truce recorded until Spring 15, 1089 between Western Empire and Northern Empire.
17:34:02.287 [INFO] (Telemetry) [WAR-ENDED] aggressor=Western_Empire defender=Northern_Empire days=26 casusBelli=Conquest finalScore=23.8 exhaustion=34.4/73.3 fiefsTaken=2/0 calledBy=none
17:34:02.287 [INFO] (Core) War closed after 26 days: Western Empire vs Northern Empire [Conquest] score=23.79 exhaustion=34.42/73.27 | weariness now Western Empire=28.1, Northern Empire=89.2.
17:34:02.290 [INFO] (Peace) Western Empire and Northern Empire made peace: white peace.
17:34:02.290 [INFO] (AI) Northern Empire sued for peace with Western Empire at exhaustion 73.3: white peace.
17:34:02.291 [INFO] (Telemetry) [SNAPSHOT] date=Spring 15, 1088 kingdoms=8 atWar=0 wars=0 longestWarDays=0 avgExhaustion=0.0 claims=31 trustRecords=56 fabrications=0 nonAggressionPact=7 truce=15 defensivePact=2 alliance=1 tributaryPact=1 vassalage=1
17:34:30.285 [INFO] (Telemetry) [SNAPSHOT] date=Summer 1, 1088 kingdoms=8 atWar=0 wars=0 longestWarDays=0 avgExhaustion=0.0 claims=31 trustRecords=56 fabrications=0 nonAggressionPact=7 truce=15 defensivePact=2 alliance=1 tributaryPact=1 vassalage=1
17:34:33.994 [INFO] (Core) War opened: Western Empire -> Southern Empire (CausedByKingdomDecision => Conquest, legitimacy 0.20).
17:34:34.291 [INFO] (Treaty) Expired, honoured in full: Truce(Battania / Khuzait, Expired)
17:34:34.291 [INFO] (Treaty) Expired, honoured in full: Truce(Vlandia / Khuzait, Expired)
17:34:58.288 [INFO] (Telemetry) [SNAPSHOT] date=Summer 8, 1088 kingdoms=8 atWar=2 wars=1 longestWarDays=6 avgExhaustion=3.5 claims=30 trustRecords=56 fabrications=0 nonAggressionPact=7 truce=13 defensivePact=2 alliance=1 tributaryPact=1 vassalage=1
17:35:02.287 [INFO] (Treaty) Signed: NonAggressionPact(Khuzait / Battania, Active)
17:35:02.287 [INFO] (AI) Khuzait signed a NonAggressionPact with Battania (mutual value 20).
17:35:02.287 [INFO] (Treaty) Expired, honoured in full: NonAggressionPact(Vlandia / Western Empire, Expired)
17:35:10.294 [INFO] (Treaty) Expired, honoured in full: Alliance(Battania / Vlandia, Expired)
17:35:22.403 [INFO] (Treaty) Expired, honoured in full: NonAggressionPact(Sturgia / Northern Empire, Expired)
17:35:26.397 [INFO] (Treaty) Signed: NonAggressionPact(Northern Empire / Sturgia, Active)
17:35:26.397 [INFO] (AI) Northern Empire signed a NonAggressionPact with Sturgia (mutual value 43).
17:35:26.400 [INFO] (Telemetry) [SNAPSHOT] date=Summer 15, 1088 kingdoms=8 atWar=2 wars=1 longestWarDays=13 avgExhaustion=11.5 claims=30 trustRecords=56 fabrications=0 nonAggressionPact=7 truce=13 defensivePact=2 alliance=0 tributaryPact=1 vassalage=1
17:35:30.064 [INFO] (Claims) Southern Empire now has a claim to retake Sestadaim Castle from Western Empire.
17:35:31.350 [INFO] (Core) War opened: Vlandia -> Western Empire (CausedByKingdomDecision => Conquest, legitimacy 0.20).
17:35:35.522 [INFO] (Claims) Western Empire now has a claim to retake Onica Castle from Southern Empire.
17:35:38.465 [INFO] (Treaty) Expired, honoured in full: Truce(Khuzait / Aserai, Expired)
17:35:38.465 [INFO] (Treaty) Expired, honoured in full: Truce(Western Empire / Khuzait, Expired)
17:35:46.482 [INFO] (Treaty) Expired, honoured in full: Truce(Khuzait / Southern Empire, Expired)
17:35:51.121 [INFO] (Core) War opened: Aserai -> Khuzait (CausedByKingdomDecision => ReclaimAncestralLand, legitimacy 0.70).
17:35:54.491 [INFO] (Telemetry) [SNAPSHOT] date=Autumn 1, 1088 kingdoms=8 atWar=5 wars=3 longestWarDays=20 avgExhaustion=18.7 claims=32 trustRecords=56 fabrications=0 nonAggressionPact=7 truce=10 defensivePact=2 alliance=0 tributaryPact=1 vassalage=1
17:36:10.487 [INFO] (Treaty) Truce recorded until Autumn 5, 1089 between Western Empire and Southern Empire.
17:36:10.487 [INFO] (Telemetry) [WAR-ENDED] aggressor=Western_Empire defender=Southern_Empire days=24 casusBelli=Conquest finalScore=2.4 exhaustion=50.5/71.3 fiefsTaken=1/1 calledBy=none
17:36:10.487 [INFO] (Core) War closed after 24 days: Western Empire vs Southern Empire [Conquest] score=2.37 exhaustion=50.55/71.31 | weariness now Western Empire=48.6, Southern Empire=100.0.
17:36:10.489 [INFO] (Peace) Western Empire and Southern Empire made peace: white peace.
17:36:10.489 [INFO] (AI) Southern Empire sued for peace with Western Empire at exhaustion 67.8: white peace.
17:36:22.488 [INFO] (Core) War opened: Vlandia -> Khuzait (CausedByKingdomDecision => Conquest, legitimacy 0.20).
17:36:22.489 [INFO] (AI) Vlandia declared war on Khuzait (Conquest, legitimacy 0.20, value 42, cost 180 influence).
17:36:22.491 [INFO] (Telemetry) [SNAPSHOT] date=Autumn 8, 1088 kingdoms=8 atWar=4 wars=3 longestWarDays=13 avgExhaustion=4.0 claims=30 trustRecords=56 fabrications=0 nonAggressionPact=7 truce=11 defensivePact=2 alliance=0 tributaryPact=1 vassalage=1
17:36:23.480 [INFO] (Claims) Western Empire now has a claim to retake Thractorae Castle from Vlandia.
17:36:24.196 [INFO] (Treaty) Truce recorded until Autumn 9, 1089 between Khuzait and Vlandia.
17:36:24.197 [INFO] (Telemetry) [WAR-ENDED] aggressor=Vlandia defender=Khuzait days=0 casusBelli=Conquest finalScore=0.0 exhaustion=0.1/0.1 fiefsTaken=0/0 calledBy=none
17:36:24.197 [INFO] (Core) War closed after 0 days: Vlandia vs Khuzait [Conquest] score=0.00 exhaustion=0.08/0.08 | weariness now Khuzait=93.4, Vlandia=0.0.
17:36:26.511 [INFO] (Treaty) Expired, honoured in full: Truce(Battania / Sturgia, Expired)
17:36:26.511 [INFO] (Treaty) Expired, honoured in full: Truce(Sturgia / Vlandia, Expired)
17:36:34.531 [INFO] (Treaty) Expired, honoured in full: DefensivePact(Western Empire / Aserai, Expired)
17:36:50.533 [INFO] (Telemetry) [SNAPSHOT] date=Autumn 15, 1088 kingdoms=8 atWar=4 wars=2 longestWarDays=20 avgExhaustion=23.7 claims=32 trustRecords=56 fabrications=0 nonAggressionPact=7 truce=10 defensivePact=1 alliance=0 tributaryPact=1 vassalage=1
17:36:50.699 [INFO] (Claims) Western Empire now has a claim to retake Garontor Castle from Vlandia.
17:36:54.610 [INFO] (Claims) Khuzait now has a claim to retake Husn Fulq from Aserai.
17:37:10.366 [INFO] (Treaty) Truce recorded until Autumn 20, 1089 between Western Empire and Vlandia.
17:37:10.366 [INFO] (Telemetry) [WAR-ENDED] aggressor=Vlandia defender=Western_Empire days=25 casusBelli=Conquest finalScore=58.7 exhaustion=17.3/64.7 fiefsTaken=2/0 calledBy=none
17:37:10.366 [INFO] (Core) War closed after 25 days: Vlandia vs Western Empire [Conquest] score=58.68 exhaustion=17.33/64.73 | weariness now Western Empire=78.7, Vlandia=8.7.
17:37:10.624 [INFO] (Treaty) Expired, honoured in full: Truce(Khuzait / Northern Empire, Expired)
17:37:14.513 [INFO] (Claims) Khuzait now has a claim to retake Danustica from Aserai.
17:37:16.417 [INFO] (Treaty) Truce recorded until Winter 1, 1089 between Khuzait and Aserai.
17:37:16.417 [INFO] (Telemetry) [WAR-ENDED] aggressor=Aserai defender=Khuzait days=21 casusBelli=ReclaimAncestralLand finalScore=62.5 exhaustion=19.0/73.5 fiefsTaken=2/0 calledBy=none
17:37:16.417 [INFO] (Core) War closed after 21 days: Aserai vs Khuzait [ReclaimAncestralLand] score=62.48 exhaustion=19.04/73.46 | weariness now Khuzait=100.0, Aserai=81.9.
17:37:18.053 [INFO] (Core) War opened: Northern Empire -> Khuzait (CausedByKingdomDecision => Conquest, legitimacy 0.20).
17:37:18.645 [INFO] (Treaty) Expired, honoured in full: NonAggressionPact(Vlandia / Aserai, Expired)
17:37:18.648 [INFO] (Telemetry) [SNAPSHOT] date=Winter 1, 1088 kingdoms=8 atWar=2 wars=1 longestWarDays=0 avgExhaustion=0.1 claims=35 trustRecords=56 fabrications=0 nonAggressionPact=6 truce=11 defensivePact=1 alliance=0 tributaryPact=1 vassalage=1
17:37:46.648 [INFO] (Core) War opened: Battania -> Sturgia (CausedByCallToWarAgreement => DefendAlly, legitimacy 1.00).
17:37:46.649 [INFO] (CallToArms) Battania answered Vlandia and declared war on Sturgia.
17:37:46.649 [INFO] (Core) War opened: Vlandia -> Sturgia (CausedByKingdomDecision => Conquest, legitimacy 0.20).
17:37:46.650 [INFO] (AI) Vlandia declared war on Sturgia (Conquest, legitimacy 0.20, value 35, cost 193 influence).
17:37:46.651 [INFO] (Telemetry) [SNAPSHOT] date=Winter 8, 1088 kingdoms=8 atWar=5 wars=3 longestWarDays=7 avgExhaustion=1.1 claims=35 trustRecords=56 fabrications=0 nonAggressionPact=6 truce=11 defensivePact=1 alliance=0 tributaryPact=1 vassalage=1
17:37:47.653 [INFO] (Treaty) Truce recorded until Winter 8, 1089 between Battania and Sturgia.
17:37:47.654 [INFO] (Telemetry) [WAR-ENDED] aggressor=Battania defender=Sturgia days=0 casusBelli=DefendAlly finalScore=0.0 exhaustion=0.1/0.1 fiefsTaken=0/0 calledBy=Vlandia
17:37:47.654 [INFO] (Core) War closed after 0 days: Battania vs Sturgia [DefendAlly] score=0.00 exhaustion=0.08/0.08 | weariness now Battania=21.9, Sturgia=82.8.
17:37:47.654 [INFO] (CallToArms) Battania leaves the war against Sturgia now that Vlandia has made peace.
17:37:47.655 [INFO] (Treaty) Truce recorded until Winter 8, 1089 between Vlandia and Sturgia.
17:37:47.655 [INFO] (Telemetry) [WAR-ENDED] aggressor=Vlandia defender=Sturgia days=0 casusBelli=Conquest finalScore=0.0 exhaustion=0.1/0.1 fiefsTaken=0/0 calledBy=none
17:37:47.655 [INFO] (Core) War closed after 0 days: Vlandia vs Sturgia [Conquest] score=0.00 exhaustion=0.08/0.08 | weariness now Vlandia=7.2, Sturgia=82.9.
17:37:54.641 [INFO] (Treaty) Expired, honoured in full: Truce(Battania / Northern Empire, Expired)
17:37:54.641 [INFO] (Treaty) Expired, honoured in full: Truce(Vlandia / Northern Empire, Expired)
17:38:02.644 [INFO] (Treaty) Expired, honoured in full: Truce(Northern Empire / Southern Empire, Expired)
17:38:14.644 [INFO] (Telemetry) [SNAPSHOT] date=Winter 15, 1088 kingdoms=8 atWar=2 wars=1 longestWarDays=14 avgExhaustion=27.6 claims=34 trustRecords=56 fabrications=0 nonAggressionPact=6 truce=10 defensivePact=1 alliance=0 tributaryPact=1 vassalage=1
17:38:34.648 [INFO] (Treaty) Expired, honoured in full: DefensivePact(Southern Empire / Aserai, Expired)
17:38:42.645 [INFO] (Telemetry) [SNAPSHOT] date=Spring 1, 1089 kingdoms=8 atWar=2 wars=1 longestWarDays=21 avgExhaustion=36.0 claims=34 trustRecords=56 fabrications=0 nonAggressionPact=6 truce=10 defensivePact=0 alliance=0 tributaryPact=1 vassalage=1
17:38:49.502 [INFO] (Claims) Khuzait now has a claim to retake Tepes Castle from Northern Empire.
17:39:02.687 [INFO] (Treaty) Signed: TributaryPact(Aserai / Khuzait, Active) tribute 500 from Khuzait every 7 days
17:39:02.687 [INFO] (AI) Aserai imposed a tributary pact on Khuzait.
17:39:06.691 [INFO] (Treaty) Signed: TributaryPact(Sturgia / Khuzait, Active) tribute 500 from Khuzait every 7 days
17:39:06.691 [INFO] (AI) Sturgia imposed a tributary pact on Khuzait.
17:39:10.692 [INFO] (Treaty) Expired, honoured in full: Truce(Khuzait / Sturgia, Expired)
17:39:10.693 [INFO] (Telemetry) [SNAPSHOT] date=Spring 8, 1089 kingdoms=8 atWar=2 wars=1 longestWarDays=28 avgExhaustion=74.0 claims=35 trustRecords=56 fabrications=0 nonAggressionPact=6 truce=9 defensivePact=0 alliance=0 tributaryPact=3 vassalage=1
17:39:14.687 [INFO] (Treaty) Truce recorded until Spring 9, 1090 between Northern Empire and Khuzait.
17:39:14.687 [INFO] (Telemetry) [WAR-ENDED] aggressor=Northern_Empire defender=Khuzait days=29 casusBelli=Conquest finalScore=13.8 exhaustion=49.6/100.0 fiefsTaken=1/0 calledBy=none
17:39:14.687 [INFO] (Core) War closed after 29 days: Northern Empire vs Khuzait [Conquest] score=13.83 exhaustion=49.57/100.00 | weariness now Northern Empire=100.0, Khuzait=100.0.
17:39:14.689 [INFO] (Peace) Northern Empire and Khuzait made peace: white peace.
17:39:14.689 [INFO] (AI) Khuzait sued for peace with Northern Empire at exhaustion 100.0: white peace.
17:39:14.689 [INFO] (Treaty) Expired, honoured in full: Truce(Battania / Southern Empire, Expired)
17:39:14.689 [INFO] (Treaty) Expired, honoured in full: Truce(Southern Empire / Vlandia, Expired)
17:39:22.693 [INFO] (Treaty) Expired, honoured in full: NonAggressionPact(Battania / Aserai, Expired)
17:39:30.695 [INFO] (Treaty) Signed: NonAggressionPact(Aserai / Battania, Active)
17:39:30.695 [INFO] (AI) Aserai signed a NonAggressionPact with Battania (mutual value 36).
17:39:38.694 [INFO] (Core) War opened: Battania -> Southern Empire (CausedByCallToWarAgreement => DefendAlly, legitimacy 1.00).
17:39:38.695 [INFO] (CallToArms) Battania answered Vlandia and declared war on Southern Empire.
17:39:38.695 [INFO] (Core) War opened: Vlandia -> Southern Empire (CausedByKingdomDecision => Conquest, legitimacy 0.20).
17:39:38.696 [INFO] (AI) Vlandia declared war on Southern Empire (Conquest, legitimacy 0.20, value 45, cost 185 influence).
17:39:38.697 [INFO] (Telemetry) [SNAPSHOT] date=Spring 15, 1089 kingdoms=8 atWar=3 wars=2 longestWarDays=0 avgExhaustion=0.1 claims=35 trustRecords=56 fabrications=0 nonAggressionPact=6 truce=8 defensivePact=0 alliance=0 tributaryPact=3 vassalage=1
17:39:38.737 [INFO] (Treaty) Truce recorded until Spring 15, 1090 between Southern Empire and Battania.
17:39:38.737 [INFO] (Telemetry) [WAR-ENDED] aggressor=Battania defender=Southern_Empire days=0 casusBelli=DefendAlly finalScore=0.0 exhaustion=0.1/0.1 fiefsTaken=0/0 calledBy=Vlandia
17:39:38.737 [INFO] (Core) War closed after 0 days: Battania vs Southern Empire [DefendAlly] score=0.00 exhaustion=0.08/0.08 | weariness now Southern Empire=92.1, Battania=17.7.
17:39:39.617 [INFO] (Treaty) Truce recorded until Spring 15, 1090 between Vlandia and Southern Empire.
17:39:39.617 [INFO] (Telemetry) [WAR-ENDED] aggressor=Vlandia defender=Southern_Empire days=0 casusBelli=Conquest finalScore=0.0 exhaustion=0.1/0.1 fiefsTaken=0/0 calledBy=none
17:39:39.617 [INFO] (Core) War closed after 0 days: Vlandia vs Southern Empire [Conquest] score=0.00 exhaustion=0.08/0.08 | weariness now Vlandia=3.0, Southern Empire=92.1.
17:39:42.691 [INFO] (Treaty) Expired, honoured in full: Truce(Western Empire / Northern Empire, Expired)
17:40:06.692 [INFO] (Treaty) Expired, honoured in full: Vassalage(Vlandia / Battania, Expired)
17:40:06.693 [INFO] (Telemetry) [SNAPSHOT] date=Summer 1, 1089 kingdoms=8 atWar=0 wars=0 longestWarDays=0 avgExhaustion=0.0 claims=33 trustRecords=56 fabrications=0 nonAggressionPact=6 truce=9 defensivePact=0 alliance=0 tributaryPact=3 vassalage=0
17:40:34.696 [INFO] (Telemetry) [SNAPSHOT] date=Summer 8, 1089 kingdoms=8 atWar=0 wars=0 longestWarDays=0 avgExhaustion=0.0 claims=32 trustRecords=56 fabrications=0 nonAggressionPact=6 truce=9 defensivePact=0 alliance=0 tributaryPact=3 vassalage=0
17:40:46.692 [INFO] (Treaty) Expired, honoured in full: NonAggressionPact(Battania / Western Empire, Expired)
17:40:58.693 [INFO] (Treaty) Expired, honoured in full: TributaryPact(Aserai / Southern Empire, Expired)
17:41:02.696 [INFO] (Telemetry) [SNAPSHOT] date=Summer 15, 1089 kingdoms=8 atWar=0 wars=0 longestWarDays=0 avgExhaustion=0.0 claims=32 trustRecords=56 fabrications=0 nonAggressionPact=5 truce=9 defensivePact=0 alliance=0 tributaryPact=2 vassalage=0
17:41:26.695 [INFO] (Treaty) Expired, honoured in full: NonAggressionPact(Aserai / Northern Empire, Expired)
17:41:30.697 [INFO] (Core) War opened: Vlandia -> Battania (CausedByKingdomDecision => Conquest, legitimacy 0.20).
17:41:30.698 [INFO] (AI) Vlandia declared war on Battania (Conquest, legitimacy 0.20, value 36, cost 180 influence).
17:41:30.700 [INFO] (Telemetry) [SNAPSHOT] date=Autumn 1, 1089 kingdoms=8 atWar=2 wars=1 longestWarDays=0 avgExhaustion=0.1 claims=31 trustRecords=56 fabrications=0 nonAggressionPact=4 truce=9 defensivePact=0 alliance=0 tributaryPact=2 vassalage=0
17:41:46.698 [INFO] (Treaty) Expired, honoured in full: Truce(Western Empire / Southern Empire, Expired)
17:41:50.523 [INFO] (Core) War opened: Western Empire -> Southern Empire (CausedByKingdomDecision => ReclaimAncestralLand, legitimacy 0.70).
17:41:50.692 [INFO] (Treaty) Signed: NonAggressionPact(Aserai / Northern Empire, Active)
17:41:50.692 [INFO] (AI) Aserai signed a NonAggressionPact with Northern Empire (mutual value 37).
17:41:50.692 [INFO] (Treaty) Expired, honoured in full: NonAggressionPact(Southern Empire / Sturgia, Expired)
17:41:58.695 [INFO] (Telemetry) [SNAPSHOT] date=Autumn 8, 1089 kingdoms=8 atWar=4 wars=2 longestWarDays=7 avgExhaustion=6.6 claims=32 trustRecords=56 fabrications=0 nonAggressionPact=4 truce=8 defensivePact=0 alliance=0 tributaryPact=2 vassalage=0
17:42:02.696 [INFO] (Treaty) Expired, honoured in full: Truce(Khuzait / Vlandia, Expired)
17:42:14.705 [INFO] (Treaty) Signed: NonAggressionPact(Southern Empire / Sturgia, Active)
17:42:14.705 [INFO] (AI) Southern Empire signed a NonAggressionPact with Sturgia (mutual value 28).
17:42:26.702 [INFO] (Telemetry) [SNAPSHOT] date=Autumn 15, 1089 kingdoms=8 atWar=4 wars=2 longestWarDays=14 avgExhaustion=20.7 claims=32 trustRecords=56 fabrications=0 nonAggressionPact=5 truce=7 defensivePact=0 alliance=0 tributaryPact=2 vassalage=0
17:42:34.159 [INFO] (Core) War opened: Northern Empire -> Southern Empire (CausedByKingdomDecision => ReclaimAncestralLand, legitimacy 0.70).
17:42:37.811 [INFO] (Claims) Southern Empire now has a claim to retake Onica Castle from Western Empire.
17:42:42.897 [INFO] (Treaty) Truce recorded until Autumn 19, 1090 between Southern Empire and Western Empire.
17:42:42.897 [INFO] (Telemetry) [WAR-ENDED] aggressor=Western_Empire defender=Southern_Empire days=13 casusBelli=ReclaimAncestralLand finalScore=2.3 exhaustion=23.2/34.6 fiefsTaken=1/0 calledBy=none
17:42:42.897 [INFO] (Core) War closed after 13 days: Western Empire vs Southern Empire [ReclaimAncestralLand] score=2.32 exhaustion=23.17/34.59 | weariness now Southern Empire=100.0, Western Empire=77.7.
17:42:46.731 [INFO] (Treaty) Expired, honoured in full: Truce(Western Empire / Vlandia, Expired)
17:42:49.619 [INFO] (Claims) Vlandia now has a claim to retake Ormanfard Castle from Battania.
17:42:51.552 [INFO] (Core) War opened: Aserai -> Southern Empire (CausedByKingdomDecision => ReclaimAncestralLand, legitimacy 0.70).
17:42:54.767 [INFO] (Treaty) Signed: Alliance(Northern Empire / Aserai, Active)
17:42:54.767 [INFO] (AI) Northern Empire signed a Alliance with Aserai (mutual value 96).
17:42:54.767 [INFO] (Treaty) Expired, honoured in full: Truce(Khuzait / Aserai, Expired)
17:42:54.769 [INFO] (Telemetry) [SNAPSHOT] date=Winter 1, 1089 kingdoms=8 atWar=5 wars=3 longestWarDays=21 avgExhaustion=20.7 claims=34 trustRecords=56 fabrications=0 nonAggressionPact=5 truce=6 defensivePact=0 alliance=1 tributaryPact=2 vassalage=0
17:43:02.346 [INFO] (Core) War opened: Western Empire -> Battania (CausedByKingdomDecision => Conquest, legitimacy 0.20).
17:43:22.768 [INFO] (Treaty) Truce recorded until Winter 8, 1090 between Battania and Vlandia.
17:43:22.768 [INFO] (Telemetry) [WAR-ENDED] aggressor=Vlandia defender=Battania days=28 casusBelli=Conquest finalScore=-53.6 exhaustion=72.3/74.0 fiefsTaken=0/1 calledBy=none
17:43:22.768 [INFO] (Core) War closed after 28 days: Vlandia vs Battania [Conquest] score=-53.59 exhaustion=72.34/74.04 | weariness now Battania=46.5, Vlandia=36.2.
17:43:22.771 [INFO] (Peace) Battania and Vlandia made peace: white peace.
17:43:22.772 [INFO] (AI) Vlandia sued for peace with Battania at exhaustion 72.3: white peace.
17:43:22.773 [INFO] (Telemetry) [SNAPSHOT] date=Winter 8, 1089 kingdoms=8 atWar=5 wars=3 longestWarDays=12 avgExhaustion=13.9 claims=35 trustRecords=56 fabrications=0 nonAggressionPact=5 truce=7 defensivePact=0 alliance=1 tributaryPact=2 vassalage=0
17:43:26.773 [INFO] (Treaty) Expired, honoured in full: Truce(Battania / Sturgia, Expired)
17:43:26.773 [INFO] (Treaty) Expired, honoured in full: Truce(Vlandia / Sturgia, Expired)
17:43:40.512 [INFO] (Core) War opened: Khuzait -> Southern Empire (CausedByKingdomDecision => Conquest, legitimacy 0.20).
17:43:41.271 [INFO] (Claims) Southern Empire now has a claim to retake Lavenia Castle from Aserai.
17:43:43.017 [INFO] (Treaty) Truce recorded until Winter 13, 1090 between Southern Empire and Northern Empire.
17:43:43.017 [INFO] (Telemetry) [WAR-ENDED] aggressor=Northern_Empire defender=Southern_Empire days=17 casusBelli=ReclaimAncestralLand finalScore=8.2 exhaustion=44.0/60.1 fiefsTaken=0/0 calledBy=none
17:43:43.017 [INFO] (Core) War closed after 17 days: Northern Empire vs Southern Empire [ReclaimAncestralLand] score=8.23 exhaustion=44.03/60.09 | weariness now Southern Empire=100.0, Northern Empire=100.0.
17:43:50.849 [INFO] (Telemetry) [SNAPSHOT] date=Winter 15, 1089 kingdoms=8 atWar=5 wars=3 longestWarDays=15 avgExhaustion=17.6 claims=39 trustRecords=56 fabrications=0 nonAggressionPact=5 truce=6 defensivePact=0 alliance=1 tributaryPact=2 vassalage=0
17:43:54.842 [INFO] (Treaty) Signed: DefensivePact(Khuzait / Aserai, Active)
17:43:54.842 [INFO] (AI) Khuzait signed a DefensivePact with Aserai (mutual value 55).
17:44:07.017 [INFO] (Treaty) Truce recorded until Winter 19, 1090 between Southern Empire and Aserai.
17:44:07.018 [INFO] (Telemetry) [WAR-ENDED] aggressor=Aserai defender=Southern_Empire days=19 casusBelli=ReclaimAncestralLand finalScore=31.0 exhaustion=11.8/41.3 fiefsTaken=1/0 calledBy=none
17:44:07.018 [INFO] (Core) War closed after 19 days: Aserai vs Southern Empire [ReclaimAncestralLand] score=30.99 exhaustion=11.79/41.29 | weariness now Southern Empire=100.0, Aserai=72.3.
17:44:10.845 [INFO] (Treaty) Signed: TributaryPact(Aserai / Southern Empire, Active) tribute 500 from Southern Empire every 7 days
17:44:10.845 [INFO] (AI) Aserai imposed a tributary pact on Southern Empire.
17:44:18.766 [INFO] (Treaty) Truce recorded until Spring 1, 1091 between Southern Empire and Khuzait.
17:44:18.766 [INFO] (Telemetry) [WAR-ENDED] aggressor=Khuzait defender=Southern_Empire days=10 casusBelli=Conquest finalScore=18.5 exhaustion=8.2/31.4 fiefsTaken=0/0 calledBy=none
17:44:18.767 [INFO] (Core) War closed after 10 days: Khuzait vs Southern Empire [Conquest] score=18.46 exhaustion=8.23/31.36 | weariness now Southern Empire=100.0, Khuzait=92.7.
17:44:18.850 [INFO] (Telemetry) [SNAPSHOT] date=Spring 1, 1090 kingdoms=8 atWar=2 wars=1 longestWarDays=19 avgExhaustion=38.1 claims=40 trustRecords=56 fabrications=0 nonAggressionPact=5 truce=8 defensivePact=1 alliance=1 tributaryPact=3 vassalage=0
17:44:31.659 [INFO] (Core) War opened: Northern Empire -> Western Empire (CausedByCallToWarAgreement => DefendAlly, legitimacy 1.00).
17:44:31.660 [INFO] (CallToArms) Northern Empire answered Aserai and declared war on Western Empire.
17:44:31.660 [INFO] (Core) War opened: Aserai -> Western Empire (CausedByKingdomDecision => ReclaimAncestralLand, legitimacy 0.70).
17:44:46.862 [INFO] (Telemetry) [SNAPSHOT] date=Spring 8, 1090 kingdoms=8 atWar=4 wars=3 longestWarDays=26 avgExhaustion=23.7 claims=42 trustRecords=56 fabrications=0 nonAggressionPact=5 truce=8 defensivePact=1 alliance=1 tributaryPact=3 vassalage=0
17:44:54.862 [INFO] (Treaty) Expired, honoured in full: Truce(Northern Empire / Khuzait, Expired)
17:44:58.863 [INFO] (Treaty) Truce recorded until Spring 11, 1091 between Western Empire and Battania.
17:44:58.863 [INFO] (Telemetry) [WAR-ENDED] aggressor=Western_Empire defender=Battania days=29 casusBelli=Conquest finalScore=25.3 exhaustion=64.9/91.6 fiefsTaken=0/0 calledBy=none
17:44:58.863 [INFO] (Core) War closed after 29 days: Western Empire vs Battania [Conquest] score=25.25 exhaustion=64.92/91.61 | weariness now Western Empire=100.0, Battania=88.7.
17:44:58.866 [INFO] (Peace) Western Empire and Battania made peace: white peace.
17:44:58.866 [INFO] (AI) Battania sued for peace with Western Empire at exhaustion 90.7: white peace.
17:44:59.205 [INFO] (Core) War opened: Sturgia -> Battania (CausedByKingdomDecision => ReclaimAncestralLand, legitimacy 0.70).
17:45:14.875 [INFO] (Telemetry) [SNAPSHOT] date=Spring 15, 1090 kingdoms=8 atWar=5 wars=3 longestWarDays=11 avgExhaustion=3.9 claims=42 trustRecords=56 fabrications=0 nonAggressionPact=5 truce=8 defensivePact=1 alliance=1 tributaryPact=3 vassalage=0
17:45:15.403 [INFO] (Claims) Western Empire now has a claim to retake Rhesos Castle from Northern Empire.
17:45:15.774 [INFO] (Core) War opened: Vlandia -> Western Empire (CausedByKingdomDecision => Conquest, legitimacy 0.20).
17:45:18.893 [INFO] (Treaty) Expired, honoured in full: Truce(Southern Empire / Battania, Expired)
17:45:18.893 [INFO] (Treaty) Expired, honoured in full: Truce(Vlandia / Southern Empire, Expired)
17:45:24.488 [INFO] (Core) War opened: Khuzait -> Northern Empire (CausedByKingdomDecision => ReclaimAncestralLand, legitimacy 0.70).
17:45:26.889 [INFO] (Treaty) Signed: NonAggressionPact(Battania / Southern Empire, Active)
17:45:26.889 [INFO] (AI) Battania signed a NonAggressionPact with Southern Empire (mutual value 29).
17:45:28.560 [INFO] (Claims) Western Empire now has a claim to retake Tubilis Castle from Aserai.
17:45:28.721 [INFO] (Treaty) Truce recorded until Spring 19, 1091 between Northern Empire and Western Empire.
17:45:28.721 [INFO] (Telemetry) [WAR-ENDED] aggressor=Northern_Empire defender=Western_Empire days=14 casusBelli=DefendAlly finalScore=4.7 exhaustion=13.1/17.2 fiefsTaken=1/0 calledBy=Aserai
17:45:28.721 [INFO] (Core) War closed after 14 days: Northern Empire vs Western Empire [DefendAlly] score=4.71 exhaustion=13.11/17.22 | weariness now Northern Empire=100.0, Western Empire=100.0.
17:45:28.722 [INFO] (CallToArms) Northern Empire leaves the war against Western Empire now that Aserai has made peace.
17:45:28.722 [INFO] (Treaty) Truce recorded until Spring 19, 1091 between Aserai and Western Empire.
17:45:28.722 [INFO] (Telemetry) [WAR-ENDED] aggressor=Aserai defender=Western_Empire days=14 casusBelli=ReclaimAncestralLand finalScore=13.4 exhaustion=6.2/15.4 fiefsTaken=1/0 calledBy=none
17:45:28.722 [INFO] (Core) War closed after 14 days: Aserai vs Western Empire [ReclaimAncestralLand] score=13.35 exhaustion=6.21/15.40 | weariness now Aserai=72.4, Western Empire=100.0.
17:45:38.766 [INFO] (Claims) Battania now has a claim to retake Varcheg from Sturgia.
17:45:42.969 [INFO] (Telemetry) [SNAPSHOT] date=Summer 1, 1090 kingdoms=8 atWar=6 wars=3 longestWarDays=11 avgExhaustion=8.4 claims=48 trustRecords=56 fabrications=0 nonAggressionPact=6 truce=8 defensivePact=1 alliance=1 tributaryPact=3 vassalage=0
17:46:08.328 [INFO] (Treaty) Truce recorded until Summer 8, 1091 between Battania and Sturgia.
17:46:08.328 [INFO] (Telemetry) [WAR-ENDED] aggressor=Sturgia defender=Battania days=17 casusBelli=ReclaimAncestralLand finalScore=35.4 exhaustion=21.2/62.9 fiefsTaken=1/0 calledBy=none
17:46:08.328 [INFO] (Core) War closed after 17 days: Sturgia vs Battania [ReclaimAncestralLand] score=35.35 exhaustion=21.19/62.86 | weariness now Battania=100.0, Sturgia=74.7.
17:46:10.979 [INFO] (Core) War opened: Vlandia -> Southern Empire (CausedByKingdomDecision => Conquest, legitimacy 0.20).
17:46:10.980 [INFO] (AI) Vlandia declared war on Southern Empire (Conquest, legitimacy 0.20, value 31, cost 233 influence).
17:46:10.982 [INFO] (Telemetry) [SNAPSHOT] date=Summer 8, 1090 kingdoms=8 atWar=5 wars=3 longestWarDays=14 avgExhaustion=10.4 claims=48 trustRecords=56 fabrications=0 nonAggressionPact=6 truce=9 defensivePact=1 alliance=1 tributaryPact=3 vassalage=0
17:46:12.245 [INFO] (Treaty) Truce recorded until Summer 8, 1091 between Vlandia and Southern Empire.
17:46:12.246 [INFO] (Telemetry) [WAR-ENDED] aggressor=Vlandia defender=Southern_Empire days=0 casusBelli=Conquest finalScore=0.0 exhaustion=0.1/0.1 fiefsTaken=0/0 calledBy=none
17:46:12.246 [INFO] (Core) War closed after 0 days: Vlandia vs Southern Empire [Conquest] score=0.00 exhaustion=0.08/0.08 | weariness now Vlandia=29.8, Southern Empire=95.7.
17:46:16.027 [INFO] (Claims) Northern Empire now has a claim to retake Makeb from Khuzait.
17:46:19.014 [INFO] (Treaty) Expired, honoured in full: NonAggressionPact(Khuzait / Battania, Expired)
17:46:22.026 [INFO] (Claims) Vlandia now has a claim to retake Thractorae Castle from Western Empire.
17:46:39.049 [INFO] (Treaty) Expired, honoured in full: NonAggressionPact(Northern Empire / Sturgia, Expired)
17:46:39.050 [INFO] (Telemetry) [SNAPSHOT] date=Summer 15, 1090 kingdoms=8 atWar=4 wars=2 longestWarDays=21 avgExhaustion=36.7 claims=50 trustRecords=56 fabrications=0 nonAggressionPact=4 truce=10 defensivePact=1 alliance=1 tributaryPact=3 vassalage=0
17:46:43.060 [INFO] (Treaty) Signed: NonAggressionPact(Khuzait / Battania, Active)
17:46:43.060 [INFO] (AI) Khuzait signed a NonAggressionPact with Battania (mutual value 30).
17:47:03.056 [INFO] (Treaty) Signed: NonAggressionPact(Sturgia / Northern Empire, Active)
17:47:03.056 [INFO] (AI) Sturgia signed a NonAggressionPact with Northern Empire (mutual value 39).
17:47:07.058 [INFO] (Treaty) Truce recorded until Autumn 1, 1091 between Khuzait and Northern Empire.
17:47:07.058 [INFO] (Telemetry) [WAR-ENDED] aggressor=Khuzait defender=Northern_Empire days=26 casusBelli=ReclaimAncestralLand finalScore=46.2 exhaustion=37.9/76.9 fiefsTaken=1/0 calledBy=none
17:47:07.058 [INFO] (Core) War closed after 26 days: Khuzait vs Northern Empire [ReclaimAncestralLand] score=46.21 exhaustion=37.91/76.92 | weariness now Khuzait=100.0, Northern Empire=100.0.
17:47:07.061 [INFO] (Peace) Khuzait and Northern Empire made peace: white peace.
17:47:07.061 [INFO] (AI) Northern Empire sued for peace with Khuzait at exhaustion 76.9: white peace.
17:47:07.062 [INFO] (Telemetry) [SNAPSHOT] date=Autumn 1, 1090 kingdoms=8 atWar=2 wars=1 longestWarDays=28 avgExhaustion=51.0 claims=50 trustRecords=56 fabrications=0 nonAggressionPact=6 truce=11 defensivePact=1 alliance=1 tributaryPact=3 vassalage=0
17:47:35.069 [INFO] (Treaty) Truce recorded until Autumn 8, 1091 between Western Empire and Vlandia.
17:47:35.070 [INFO] (Telemetry) [WAR-ENDED] aggressor=Vlandia defender=Western_Empire days=35 casusBelli=Conquest finalScore=-32.5 exhaustion=72.6/50.4 fiefsTaken=0/1 calledBy=none
17:47:35.070 [INFO] (Core) War closed after 35 days: Vlandia vs Western Empire [Conquest] score=-32.51 exhaustion=72.62/50.36 | weariness now Western Empire=100.0, Vlandia=63.1.
17:47:35.076 [INFO] (Peace) Western Empire and Vlandia made peace: white peace.
17:47:35.076 [INFO] (AI) Vlandia sued for peace with Western Empire at exhaustion 72.6: white peace.
17:47:35.079 [INFO] (Telemetry) [SNAPSHOT] date=Autumn 8, 1090 kingdoms=8 atWar=0 wars=0 longestWarDays=0 avgExhaustion=0.0 claims=49 trustRecords=56 fabrications=0 nonAggressionPact=6 truce=12 defensivePact=1 alliance=1 tributaryPact=3 vassalage=0
17:48:03.076 [INFO] (Telemetry) [SNAPSHOT] date=Autumn 15, 1090 kingdoms=8 atWar=0 wars=0 longestWarDays=0 avgExhaustion=0.0 claims=45 trustRecords=56 fabrications=0 nonAggressionPact=6 truce=12 defensivePact=1 alliance=1 tributaryPact=3 vassalage=0
17:48:23.074 [INFO] (Treaty) Expired, honoured in full: Truce(Southern Empire / Western Empire, Expired)
17:48:31.081 [INFO] (Telemetry) [SNAPSHOT] date=Winter 1, 1090 kingdoms=8 atWar=0 wars=0 longestWarDays=0 avgExhaustion=0.0 claims=43 trustRecords=56 fabrications=0 nonAggressionPact=6 truce=11 defensivePact=1 alliance=1 tributaryPact=3 vassalage=0
17:49:00.299 [INFO] (Treaty) Expired, honoured in full: Truce(Battania / Vlandia, Expired)
17:49:00.301 [INFO] (Telemetry) [SNAPSHOT] date=Winter 8, 1090 kingdoms=8 atWar=0 wars=0 longestWarDays=0 avgExhaustion=0.0 claims=43 trustRecords=56 fabrications=0 nonAggressionPact=6 truce=10 defensivePact=1 alliance=1 tributaryPact=3 vassalage=0
17:49:24.292 [INFO] (Treaty) Expired, honoured in full: Truce(Southern Empire / Northern Empire, Expired)
17:49:28.292 [INFO] (Telemetry) [SNAPSHOT] date=Winter 15, 1090 kingdoms=8 atWar=0 wars=0 longestWarDays=0 avgExhaustion=0.0 claims=41 trustRecords=56 fabrications=0 nonAggressionPact=6 truce=9 defensivePact=1 alliance=1 tributaryPact=3 vassalage=0
17:49:48.302 [INFO] (Treaty) Expired, honoured in full: Truce(Southern Empire / Aserai, Expired)
17:49:55.919 [INFO] (Core) War opened: Western Empire -> Southern Empire (CausedByKingdomDecision => ReclaimAncestralLand, legitimacy 0.70).
17:49:56.300 [INFO] (Treaty) Expired, honoured in full: Truce(Southern Empire / Khuzait, Expired)
17:49:56.301 [INFO] (Telemetry) [SNAPSHOT] date=Spring 1, 1091 kingdoms=8 atWar=2 wars=1 longestWarDays=0 avgExhaustion=0.1 claims=41 trustRecords=56 fabrications=0 nonAggressionPact=6 truce=7 defensivePact=1 alliance=1 tributaryPact=3 vassalage=0
17:50:01.431 [INFO] (Core) War opened: Vlandia -> Battania (CausedByKingdomDecision => ReclaimAncestralLand, legitimacy 0.70).
17:50:16.303 [INFO] (Treaty) Expired, honoured in full: TributaryPact(Aserai / Khuzait, Expired)
17:50:24.299 [INFO] (Treaty) Expired, honoured in full: TributaryPact(Sturgia / Khuzait, Expired)
17:50:24.300 [INFO] (Telemetry) [SNAPSHOT] date=Spring 8, 1091 kingdoms=8 atWar=4 wars=2 longestWarDays=7 avgExhaustion=14.6 claims=41 trustRecords=56 fabrications=0 nonAggressionPact=6 truce=7 defensivePact=1 alliance=1 tributaryPact=1 vassalage=0
17:50:38.120 [INFO] (Claims) Vlandia now has a claim to retake Nevyansk Castle from Battania.
17:50:40.318 [INFO] (Treaty) Expired, honoured in full: Truce(Western Empire / Battania, Expired)
17:50:48.339 [INFO] (Treaty) Expired, honoured in full: NonAggressionPact(Aserai / Battania, Expired)
17:50:52.345 [INFO] (Telemetry) [SNAPSHOT] date=Spring 15, 1091 kingdoms=8 atWar=4 wars=2 longestWarDays=14 avgExhaustion=24.7 claims=41 trustRecords=56 fabrications=0 nonAggressionPact=5 truce=6 defensivePact=1 alliance=1 tributaryPact=1 vassalage=0
17:51:04.353 [INFO] (Treaty) Signed: NonAggressionPact(Battania / Aserai, Active)
17:51:04.353 [INFO] (AI) Battania signed a NonAggressionPact with Aserai (mutual value 31).
17:51:08.358 [INFO] (Treaty) Expired, honoured in full: Truce(Northern Empire / Western Empire, Expired)
17:51:08.360 [INFO] (Treaty) Expired, honoured in full: Truce(Aserai / Western Empire, Expired)
17:51:20.362 [INFO] (Treaty) Truce recorded until Summer 1, 1092 between Battania and Vlandia.
17:51:20.362 [INFO] (Telemetry) [WAR-ENDED] aggressor=Vlandia defender=Battania days=20 casusBelli=ReclaimAncestralLand finalScore=-21.5 exhaustion=63.6/35.6 fiefsTaken=0/1 calledBy=none
17:51:20.362 [INFO] (Core) War closed after 20 days: Vlandia vs Battania [ReclaimAncestralLand] score=-21.49 exhaustion=63.62/35.58 | weariness now Battania=100.0, Vlandia=86.5.
17:51:20.364 [INFO] (Peace) Battania and Vlandia made peace: white peace.
17:51:20.364 [INFO] (AI) Vlandia sued for peace with Battania at exhaustion 63.0: white peace.
17:51:20.366 [INFO] (Telemetry) [SNAPSHOT] date=Summer 1, 1091 kingdoms=8 atWar=2 wars=1 longestWarDays=21 avgExhaustion=55.3 claims=42 trustRecords=56 fabrications=0 nonAggressionPact=6 truce=5 defensivePact=1 alliance=1 tributaryPact=1 vassalage=0
17:51:23.773 [INFO] (Core) War opened: Aserai -> Western Empire (CausedByCallToWarAgreement => DefendAlly, legitimacy 1.00).
17:51:23.774 [INFO] (CallToArms) Aserai answered Northern Empire and declared war on Western Empire.
17:51:23.774 [INFO] (Core) War opened: Northern Empire -> Western Empire (CausedByKingdomDecision => ReclaimAncestralLand, legitimacy 0.70).
17:51:26.302 [INFO] (Core) War opened: Khuzait -> Southern Empire (CausedByKingdomDecision => Conquest, legitimacy 0.20).
17:51:28.064 [INFO] (Treaty) Truce recorded until Summer 3, 1092 between Western Empire and Aserai.
17:51:28.064 [INFO] (Telemetry) [WAR-ENDED] aggressor=Aserai defender=Western_Empire days=1 casusBelli=DefendAlly finalScore=0.0 exhaustion=0.1/0.1 fiefsTaken=0/0 calledBy=Northern_Empire
17:51:28.065 [INFO] (Core) War closed after 1 days: Aserai vs Western Empire [DefendAlly] score=0.00 exhaustion=0.08/0.08 | weariness now Western Empire=91.3, Aserai=59.1.
17:51:36.359 [INFO] (Treaty) Signed: NonAggressionPact(Southern Empire / Northern Empire, Active)
17:51:36.360 [INFO] (AI) Southern Empire signed a NonAggressionPact with Northern Empire (mutual value 32).
17:51:37.879 [INFO] (Core) War opened: Battania -> Western Empire (CausedByKingdomDecision => Conquest, legitimacy 0.20).
17:51:48.368 [INFO] (Treaty) Expired, honoured in full: Truce(Battania / Sturgia, Expired)
17:51:48.371 [INFO] (Telemetry) [SNAPSHOT] date=Summer 8, 1091 kingdoms=8 atWar=5 wars=4 longestWarDays=28 avgExhaustion=21.5 claims=43 trustRecords=56 fabrications=0 nonAggressionPact=7 truce=5 defensivePact=1 alliance=1 tributaryPact=1 vassalage=0
17:51:52.366 [INFO] (Treaty) Expired, honoured in full: Truce(Vlandia / Southern Empire, Expired)
17:51:56.364 [INFO] (Treaty) Truce recorded until Summer 10, 1092 between Southern Empire and Western Empire.
17:51:56.364 [INFO] (Telemetry) [WAR-ENDED] aggressor=Western_Empire defender=Southern_Empire days=30 casusBelli=ReclaimAncestralLand finalScore=-38.9 exhaustion=72.0/72.7 fiefsTaken=0/0 calledBy=none
17:51:56.364 [INFO] (Core) War closed after 30 days: Western Empire vs Southern Empire [ReclaimAncestralLand] score=-38.94 exhaustion=72.02/72.73 | weariness now Southern Empire=100.0, Western Empire=100.0.
17:51:56.366 [INFO] (Peace) Southern Empire and Western Empire made peace: white peace.
17:51:56.366 [INFO] (AI) Western Empire sued for peace with Southern Empire at exhaustion 72.0: white peace.
17:52:15.362 [INFO] (Core) War opened: Northern Empire -> Vlandia (CausedByCallToWarAgreement => DefendAlly, legitimacy 1.00).
17:52:15.363 [INFO] (CallToArms) Northern Empire answered Aserai and declared war on Vlandia.
17:52:15.363 [INFO] (Core) War opened: Aserai -> Vlandia (CausedByKingdomDecision => Conquest, legitimacy 0.20).
17:52:16.376 [INFO] (Telemetry) [SNAPSHOT] date=Summer 15, 1091 kingdoms=8 atWar=7 wars=5 longestWarDays=13 avgExhaustion=15.5 claims=44 trustRecords=56 fabrications=0 nonAggressionPact=7 truce=5 defensivePact=1 alliance=1 tributaryPact=1 vassalage=0
17:52:23.541 [INFO] (Treaty) Truce recorded until Summer 17, 1092 between Northern Empire and Vlandia.
17:52:23.541 [INFO] (Telemetry) [WAR-ENDED] aggressor=Northern_Empire defender=Vlandia days=2 casusBelli=DefendAlly finalScore=0.0 exhaustion=0.2/0.2 fiefsTaken=0/0 calledBy=Aserai
17:52:23.542 [INFO] (Core) War closed after 2 days: Northern Empire vs Vlandia [DefendAlly] score=0.00 exhaustion=0.16/0.16 | weariness now Northern Empire=88.2, Vlandia=84.2.
17:52:30.437 [INFO] (Claims) Western Empire now has a claim to retake Lageta from Battania.
17:52:32.402 [INFO] (Treaty) Truce recorded until Summer 19, 1092 between Khuzait and Southern Empire.
17:52:32.403 [INFO] (Telemetry) [WAR-ENDED] aggressor=Khuzait defender=Southern_Empire days=17 casusBelli=Conquest finalScore=8.9 exhaustion=28.6/69.0 fiefsTaken=0/0 calledBy=none
17:52:32.403 [INFO] (Core) War closed after 17 days: Khuzait vs Southern Empire [Conquest] score=8.91 exhaustion=28.60/69.04 | weariness now Khuzait=100.0, Southern Empire=100.0.
17:52:32.405 [INFO] (Peace) Khuzait and Southern Empire made peace: white peace.
17:52:32.405 [INFO] (AI) Southern Empire sued for peace with Khuzait at exhaustion 68.1: white peace.
17:52:40.153 [INFO] (Treaty) Truce recorded until Summer 21, 1092 between Western Empire and Battania.
17:52:40.154 [INFO] (Telemetry) [WAR-ENDED] aggressor=Battania defender=Western_Empire days=16 casusBelli=Conquest finalScore=22.4 exhaustion=14.4/34.1 fiefsTaken=1/0 calledBy=none
17:52:40.154 [INFO] (Core) War closed after 16 days: Battania vs Western Empire [Conquest] score=22.38 exhaustion=14.45/34.09 | weariness now Western Empire=100.0, Battania=100.0.
17:52:44.402 [INFO] (Treaty) Signed: DefensivePact(Northern Empire / Aserai, Active)
17:52:44.403 [INFO] (AI) Northern Empire signed a DefensivePact with Aserai (mutual value 46).
17:52:44.405 [INFO] (Telemetry) [SNAPSHOT] date=Autumn 1, 1091 kingdoms=8 atWar=4 wars=2 longestWarDays=20 avgExhaustion=24.2 claims=45 trustRecords=56 fabrications=0 nonAggressionPact=7 truce=8 defensivePact=2 alliance=1 tributaryPact=1 vassalage=0
17:52:48.412 [INFO] (Treaty) Expired, honoured in full: Truce(Khuzait / Northern Empire, Expired)
17:52:52.409 [INFO] (Treaty) Truce recorded until Autumn 3, 1092 between Northern Empire and Western Empire.
17:52:52.409 [INFO] (Telemetry) [WAR-ENDED] aggressor=Northern_Empire defender=Western_Empire days=22 casusBelli=ReclaimAncestralLand finalScore=36.8 exhaustion=30.9/63.8 fiefsTaken=0/0 calledBy=none
17:52:52.409 [INFO] (Core) War closed after 22 days: Northern Empire vs Western Empire [ReclaimAncestralLand] score=36.84 exhaustion=30.88/63.82 | weariness now Northern Empire=100.0, Western Empire=100.0.
17:52:52.411 [INFO] (Peace) Northern Empire and Western Empire made peace: white peace.
17:52:52.411 [INFO] (AI) Western Empire sued for peace with Northern Empire at exhaustion 63.8: white peace.
17:53:04.413 [INFO] (Treaty) Expired, honoured in full: NonAggressionPact(Aserai / Northern Empire, Expired)
17:53:12.410 [INFO] (Telemetry) [SNAPSHOT] date=Autumn 8, 1091 kingdoms=8 atWar=2 wars=1 longestWarDays=14 avgExhaustion=17.8 claims=46 trustRecords=56 fabrications=0 nonAggressionPact=6 truce=8 defensivePact=2 alliance=1 tributaryPact=1 vassalage=0
17:53:16.410 [INFO] (Treaty) Expired, honoured in full: Truce(Western Empire / Vlandia, Expired)
17:53:25.585 [INFO] (Claims) Aserai now has a claim to retake Tubilis Castle from Vlandia.
17:53:32.450 [INFO] (Treaty) Expired, honoured in full: NonAggressionPact(Southern Empire / Sturgia, Expired)
17:53:40.456 [INFO] (Telemetry) [SNAPSHOT] date=Autumn 15, 1091 kingdoms=8 atWar=2 wars=1 longestWarDays=21 avgExhaustion=26.6 claims=47 trustRecords=56 fabrications=0 nonAggressionPact=5 truce=7 defensivePact=2 alliance=1 tributaryPact=1 vassalage=0
17:53:44.184 [INFO] (Claims) Vlandia now has a claim to retake Tubilis Castle from Aserai.
17:54:08.503 [INFO] (Telemetry) [SNAPSHOT] date=Winter 1, 1091 kingdoms=8 atWar=2 wars=1 longestWarDays=28 avgExhaustion=38.6 claims=48 trustRecords=56 fabrications=0 nonAggressionPact=5 truce=7 defensivePact=2 alliance=1 tributaryPact=1 vassalage=0
17:54:24.500 [INFO] (Treaty) Signed: NonAggressionPact(Southern Empire / Sturgia, Active)
17:54:24.501 [INFO] (AI) Southern Empire signed a NonAggressionPact with Sturgia (mutual value 22).
17:54:36.499 [INFO] (Telemetry) [SNAPSHOT] date=Winter 8, 1091 kingdoms=8 atWar=2 wars=1 longestWarDays=35 avgExhaustion=45.2 claims=46 trustRecords=56 fabrications=0 nonAggressionPact=6 truce=7 defensivePact=2 alliance=1 tributaryPact=1 vassalage=0
17:55:04.511 [INFO] (Treaty) Truce recorded until Winter 15, 1092 between Aserai and Vlandia.
17:55:04.512 [INFO] (Telemetry) [WAR-ENDED] aggressor=Aserai defender=Vlandia days=42 casusBelli=Conquest finalScore=10.0 exhaustion=42.8/60.5 fiefsTaken=1/1 calledBy=none
17:55:04.512 [INFO] (Core) War closed after 42 days: Aserai vs Vlandia [Conquest] score=9.98 exhaustion=42.85/60.54 | weariness now Aserai=72.4, Vlandia=100.0.
17:55:04.513 [INFO] (Peace) Aserai and Vlandia made peace: white peace.
17:55:04.513 [INFO] (AI) Vlandia sued for peace with Aserai at exhaustion 60.5: white peace.
17:55:04.516 [INFO] (Telemetry) [SNAPSHOT] date=Winter 15, 1091 kingdoms=8 atWar=0 wars=0 longestWarDays=0 avgExhaustion=0.0 claims=46 trustRecords=56 fabrications=0 nonAggressionPact=6 truce=8 defensivePact=2 alliance=1 tributaryPact=1 vassalage=0
17:55:28.508 [INFO] (Treaty) Expired, honoured in full: TributaryPact(Aserai / Southern Empire, Expired)
17:55:32.507 [INFO] (Telemetry) [SNAPSHOT] date=Spring 1, 1092 kingdoms=8 atWar=0 wars=0 longestWarDays=0 avgExhaustion=0.0 claims=46 trustRecords=56 fabrications=0 nonAggressionPact=6 truce=8 defensivePact=2 alliance=1 tributaryPact=0 vassalage=0
17:55:57.226 [INFO] (Core) War opened: Aserai -> Southern Empire (CausedByKingdomDecision => ReclaimAncestralLand, legitimacy 0.70).
17:56:00.509 [INFO] (Telemetry) [SNAPSHOT] date=Spring 8, 1092 kingdoms=8 atWar=2 wars=1 longestWarDays=1 avgExhaustion=0.9 claims=45 trustRecords=56 fabrications=0 nonAggressionPact=6 truce=8 defensivePact=2 alliance=1 tributaryPact=0 vassalage=0
17:56:28.506 [INFO] (Telemetry) [SNAPSHOT] date=Spring 15, 1092 kingdoms=8 atWar=2 wars=1 longestWarDays=8 avgExhaustion=7.0 claims=45 trustRecords=56 fabrications=0 nonAggressionPact=6 truce=8 defensivePact=2 alliance=1 tributaryPact=0 vassalage=0
17:56:44.509 [INFO] (Treaty) Expired, honoured in full: NonAggressionPact(Battania / Southern Empire, Expired)
17:56:56.514 [INFO] (Telemetry) [SNAPSHOT] date=Summer 1, 1092 kingdoms=8 atWar=2 wars=1 longestWarDays=15 avgExhaustion=28.5 claims=43 trustRecords=56 fabrications=0 nonAggressionPact=5 truce=8 defensivePact=2 alliance=1 tributaryPact=0 vassalage=0
17:57:00.506 [INFO] (Treaty) Expired, honoured in full: Truce(Battania / Vlandia, Expired)
17:57:04.506 [INFO] (Treaty) Expired, honoured in full: Truce(Western Empire / Aserai, Expired)
17:57:24.513 [INFO] (Treaty) Signed: TributaryPact(Northern Empire / Southern Empire, Active) tribute 500 from Southern Empire every 7 days
17:57:24.513 [INFO] (AI) Northern Empire imposed a tributary pact on Southern Empire.
17:57:24.515 [INFO] (Telemetry) [SNAPSHOT] date=Summer 8, 1092 kingdoms=8 atWar=2 wars=1 longestWarDays=22 avgExhaustion=40.5 claims=43 trustRecords=56 fabrications=0 nonAggressionPact=5 truce=6 defensivePact=2 alliance=1 tributaryPact=1 vassalage=0
17:57:36.506 [INFO] (Treaty) Expired, honoured in full: Truce(Southern Empire / Western Empire, Expired)
17:57:40.510 [INFO] (Treaty) Signed: NonAggressionPact(Southern Empire / Battania, Active)
17:57:40.510 [INFO] (AI) Southern Empire signed a NonAggressionPact with Battania (mutual value 21).
17:57:47.631 [INFO] (Core) War opened: Khuzait -> Northern Empire (CausedByKingdomDecision => ReclaimAncestralLand, legitimacy 0.70).
17:57:50.369 [INFO] (Core) War opened: Vlandia -> Battania (CausedByKingdomDecision => ReclaimAncestralLand, legitimacy 0.70).
17:57:52.512 [INFO] (Telemetry) [SNAPSHOT] date=Summer 15, 1092 kingdoms=8 atWar=6 wars=3 longestWarDays=29 avgExhaustion=19.1 claims=43 trustRecords=56 fabrications=0 nonAggressionPact=6 truce=5 defensivePact=2 alliance=1 tributaryPact=1 vassalage=0
17:58:00.515 [INFO] (Treaty) Signed: TributaryPact(Western Empire / Southern Empire, Active) tribute 500 from Southern Empire every 7 days
17:58:00.515 [INFO] (AI) Western Empire imposed a tributary pact on Southern Empire.
17:58:00.516 [INFO] (Treaty) Expired, honoured in full: NonAggressionPact(Khuzait / Battania, Expired)
17:58:00.516 [INFO] (Treaty) Expired, honoured in full: Truce(Northern Empire / Vlandia, Expired)
17:58:12.521 [INFO] (Treaty) Expired, honoured in full: Truce(Khuzait / Southern Empire, Expired)
17:58:16.516 [INFO] (Treaty) Expired, honoured in full: NonAggressionPact(Sturgia / Northern Empire, Expired)
17:58:16.516 [INFO] (Treaty) Expired, honoured in full: Truce(Western Empire / Battania, Expired)
17:58:20.518 [INFO] (Telemetry) [SNAPSHOT] date=Autumn 1, 1092 kingdoms=8 atWar=6 wars=3 longestWarDays=36 avgExhaustion=31.6 claims=44 trustRecords=56 fabrications=0 nonAggressionPact=4 truce=2 defensivePact=2 alliance=1 tributaryPact=2 vassalage=0
17:58:24.519 [INFO] (Treaty) Signed: NonAggressionPact(Khuzait / Battania, Active)
17:58:24.520 [INFO] (AI) Khuzait signed a NonAggressionPact with Battania (mutual value 29).
17:58:28.528 [INFO] (Treaty) Expired, honoured in full: Truce(Northern Empire / Western Empire, Expired)
17:58:29.972 [INFO] (Claims) Battania now has a claim to retake Ab Comer Castle from Vlandia.
17:58:32.142 [INFO] (Core) War opened: Aserai -> Western Empire (CausedByCallToWarAgreement => DefendAlly, legitimacy 1.00).
17:58:32.143 [INFO] (CallToArms) Aserai answered Northern Empire and declared war on Western Empire.
17:58:32.143 [INFO] (Core) War opened: Western Empire -> Northern Empire (CausedByKingdomDecision => ReclaimAncestralLand, legitimacy 0.70).
17:58:32.309 [INFO] (Treaty) Truce recorded until Autumn 4, 1093 between Western Empire and Aserai.
17:58:32.309 [INFO] (Telemetry) [WAR-ENDED] aggressor=Aserai defender=Western_Empire days=0 casusBelli=DefendAlly finalScore=0.0 exhaustion=0.0/0.0 fiefsTaken=0/0 calledBy=Northern_Empire
17:58:32.310 [INFO] (Core) War closed after 0 days: Aserai vs Western Empire [DefendAlly] score=0.00 exhaustion=0.00/0.00 | weariness now Western Empire=87.2, Aserai=64.6.
17:58:36.571 [INFO] (Treaty) Truce recorded until Autumn 5, 1093 between Aserai and Southern Empire.
17:58:36.571 [INFO] (Telemetry) [WAR-ENDED] aggressor=Aserai defender=Southern_Empire days=40 casusBelli=ReclaimAncestralLand finalScore=-37.5 exhaustion=56.0/90.7 fiefsTaken=0/0 calledBy=none
17:58:36.571 [INFO] (Core) War closed after 40 days: Aserai vs Southern Empire [ReclaimAncestralLand] score=-37.55 exhaustion=56.01/90.69 | weariness now Aserai=92.5, Southern Empire=100.0.
17:58:36.573 [INFO] (Peace) Aserai and Southern Empire made peace: white peace.
17:58:36.573 [INFO] (AI) Southern Empire sued for peace with Aserai at exhaustion 90.6: white peace.
17:58:40.573 [INFO] (Treaty) Signed: TributaryPact(Aserai / Southern Empire, Active) tribute 500 from Southern Empire every 7 days
17:58:40.573 [INFO] (AI) Aserai imposed a tributary pact on Southern Empire.
17:58:41.573 [INFO] (Claims) Vlandia now has a claim to retake Rovalt from Battania.
17:58:44.595 [INFO] (Treaty) Signed: NonAggressionPact(Sturgia / Northern Empire, Active)
17:58:44.596 [INFO] (AI) Sturgia signed a NonAggressionPact with Northern Empire (mutual value 39).
17:58:48.624 [INFO] (Telemetry) [SNAPSHOT] date=Autumn 8, 1092 kingdoms=8 atWar=5 wars=3 longestWarDays=15 avgExhaustion=28.7 claims=48 trustRecords=56 fabrications=0 nonAggressionPact=6 truce=3 defensivePact=2 alliance=1 tributaryPact=3 vassalage=0
17:59:01.755 [INFO] (Claims) Battania now has a claim to retake Rovalt from Vlandia.
17:59:06.260 [INFO] (Claims) Northern Empire now has a claim to retake Tepes Castle from Khuzait.
17:59:11.862 [INFO] (Treaty) Truce recorded until Autumn 14, 1093 between Northern Empire and Khuzait.
17:59:11.862 [INFO] (Telemetry) [WAR-ENDED] aggressor=Khuzait defender=Northern_Empire days=21 casusBelli=ReclaimAncestralLand finalScore=38.7 exhaustion=37.8/61.2 fiefsTaken=1/0 calledBy=none
17:59:11.862 [INFO] (Core) War closed after 21 days: Khuzait vs Northern Empire [ReclaimAncestralLand] score=38.66 exhaustion=37.76/61.21 | weariness now Northern Empire=100.0, Khuzait=100.0.
17:59:16.703 [INFO] (Treaty) Truce recorded until Autumn 15, 1093 between Battania and Vlandia.
17:59:16.703 [INFO] (Telemetry) [WAR-ENDED] aggressor=Vlandia defender=Battania days=22 casusBelli=ReclaimAncestralLand finalScore=-43.1 exhaustion=68.6/57.4 fiefsTaken=2/1 calledBy=none
17:59:16.704 [INFO] (Core) War closed after 22 days: Vlandia vs Battania [ReclaimAncestralLand] score=-43.07 exhaustion=68.58/57.44 | weariness now Battania=100.0, Vlandia=100.0.
17:59:16.705 [INFO] (Peace) Battania and Vlandia made peace: white peace.
17:59:16.705 [INFO] (AI) Vlandia sued for peace with Battania at exhaustion 61.4: white peace.
17:59:16.707 [INFO] (Telemetry) [SNAPSHOT] date=Autumn 15, 1092 kingdoms=8 atWar=2 wars=1 longestWarDays=11 avgExhaustion=29.3 claims=50 trustRecords=56 fabrications=0 nonAggressionPact=6 truce=5 defensivePact=2 alliance=1 tributaryPact=3 vassalage=0
17:59:25.001 [INFO] (Core) War opened: Sturgia -> Battania (CausedByKingdomDecision => ReclaimAncestralLand, legitimacy 0.70).
17:59:44.710 [INFO] (Treaty) Expired, honoured in full: Alliance(Northern Empire / Aserai, Expired)
17:59:44.711 [INFO] (Telemetry) [SNAPSHOT] date=Winter 1, 1092 kingdoms=8 atWar=4 wars=2 longestWarDays=18 avgExhaustion=19.3 claims=51 trustRecords=56 fabrications=0 nonAggressionPact=6 truce=5 defensivePact=2 alliance=0 tributaryPact=3 vassalage=0
17:59:52.711 [INFO] (Treaty) Signed: NonAggressionPact(Western Empire / Battania, Active)
17:59:52.711 [INFO] (AI) Western Empire signed a NonAggressionPact with Battania (mutual value 23).
18:00:12.708 [INFO] (Treaty) Truce recorded until Winter 8, 1093 between Western Empire and Northern Empire.
18:00:12.708 [INFO] (Telemetry) [WAR-ENDED] aggressor=Western_Empire defender=Northern_Empire days=25 casusBelli=ReclaimAncestralLand finalScore=25.5 exhaustion=39.8/66.1 fiefsTaken=0/0 calledBy=none
18:00:12.708 [INFO] (Core) War closed after 25 days: Western Empire vs Northern Empire [ReclaimAncestralLand] score=25.54 exhaustion=39.78/66.13 | weariness now Western Empire=100.0, Northern Empire=100.0.
18:00:12.711 [INFO] (Peace) Western Empire and Northern Empire made peace: white peace.
18:00:12.711 [INFO] (AI) Northern Empire sued for peace with Western Empire at exhaustion 64.9: white peace.
18:00:12.713 [INFO] (Telemetry) [SNAPSHOT] date=Winter 8, 1092 kingdoms=8 atWar=2 wars=1 longestWarDays=12 avgExhaustion=7.2 claims=52 trustRecords=56 fabrications=0 nonAggressionPact=7 truce=6 defensivePact=2 alliance=0 tributaryPact=3 vassalage=0
18:00:19.834 [INFO] (Core) War opened: Khuzait -> Southern Empire (CausedByKingdomDecision => Conquest, legitimacy 0.20).
18:00:20.659 [INFO] (Claims) Battania now has a claim to retake Flintolg Castle from Sturgia.
18:00:21.672 [INFO] (Core) War opened: Vlandia -> Western Empire (CausedByKingdomDecision => ReclaimAncestralLand, legitimacy 0.70).
18:00:40.766 [INFO] (Telemetry) [SNAPSHOT] date=Winter 15, 1092 kingdoms=8 atWar=6 wars=3 longestWarDays=19 avgExhaustion=19.2 claims=54 trustRecords=56 fabrications=0 nonAggressionPact=7 truce=6 defensivePact=2 alliance=0 tributaryPact=3 vassalage=0
18:00:44.765 [INFO] (Treaty) Expired, honoured in full: DefensivePact(Khuzait / Aserai, Expired)
18:00:44.765 [INFO] (Treaty) Expired, honoured in full: Truce(Aserai / Vlandia, Expired)
18:01:03.485 [INFO] (Claims) Southern Empire now has a claim to retake Corenia Castle from Khuzait.
18:01:04.795 [INFO] (Treaty) Signed: DefensivePact(Sturgia / Northern Empire, Active)
18:01:04.795 [INFO] (AI) Sturgia signed a DefensivePact with Northern Empire (mutual value 47).
18:01:08.811 [INFO] (Telemetry) [SNAPSHOT] date=Spring 1, 1093 kingdoms=8 atWar=6 wars=3 longestWarDays=26 avgExhaustion=37.5 claims=57 trustRecords=56 fabrications=0 nonAggressionPact=7 truce=5 defensivePact=2 alliance=0 tributaryPact=3 vassalage=0
18:01:20.808 [INFO] (Treaty) Truce recorded until Spring 4, 1094 between Sturgia and Battania.
18:01:20.808 [INFO] (Telemetry) [WAR-ENDED] aggressor=Sturgia defender=Battania days=29 casusBelli=ReclaimAncestralLand finalScore=47.9 exhaustion=42.9/69.2 fiefsTaken=1/0 calledBy=none
18:01:20.808 [INFO] (Core) War closed after 29 days: Sturgia vs Battania [ReclaimAncestralLand] score=47.86 exhaustion=42.91/69.21 | weariness now Sturgia=62.1, Battania=100.0.
18:01:20.811 [INFO] (Peace) Sturgia and Battania made peace: white peace.
18:01:20.811 [INFO] (AI) Battania sued for peace with Sturgia at exhaustion 69.1: white peace.
18:01:31.765 [INFO] (Claims) Southern Empire now has a claim to retake Odrysa Castle from Khuzait.
18:01:36.852 [INFO] (Telemetry) [SNAPSHOT] date=Spring 8, 1093 kingdoms=8 atWar=4 wars=2 longestWarDays=19 avgExhaustion=37.7 claims=59 trustRecords=56 fabrications=0 nonAggressionPact=7 truce=6 defensivePact=2 alliance=0 tributaryPact=3 vassalage=0
18:01:41.064 [INFO] (Treaty) Truce recorded until Spring 9, 1094 between Southern Empire and Khuzait.
18:01:41.064 [INFO] (Telemetry) [WAR-ENDED] aggressor=Khuzait defender=Southern_Empire days=20 casusBelli=Conquest finalScore=60.0 exhaustion=30.8/78.0 fiefsTaken=2/0 calledBy=none
18:01:41.064 [INFO] (Core) War closed after 20 days: Khuzait vs Southern Empire [Conquest] score=60.00 exhaustion=30.84/78.03 | weariness now Southern Empire=100.0, Khuzait=100.0.
18:01:57.480 [INFO] (Core) War opened: Aserai -> Khuzait (CausedByKingdomDecision => ReclaimAncestralLand, legitimacy 0.70).
18:02:03.466 [INFO] (Claims) Vlandia now has a claim to retake Garontor Castle from Western Empire.
18:02:04.873 [INFO] (Telemetry) [SNAPSHOT] date=Spring 15, 1093 kingdoms=8 atWar=4 wars=2 longestWarDays=26 avgExhaustion=23.5 claims=60 trustRecords=56 fabrications=0 nonAggressionPact=7 truce=7 defensivePact=2 alliance=0 tributaryPact=3 vassalage=0
18:02:16.891 [INFO] (Treaty) Expired, honoured in full: NonAggressionPact(Battania / Aserai, Expired)
18:02:32.902 [INFO] (Treaty) Truce recorded until Summer 1, 1094 between Western Empire and Vlandia.
18:02:32.902 [INFO] (Telemetry) [WAR-ENDED] aggressor=Vlandia defender=Western_Empire days=33 casusBelli=ReclaimAncestralLand finalScore=-26.8 exhaustion=68.6/59.5 fiefsTaken=0/1 calledBy=none
18:02:32.902 [INFO] (Core) War closed after 33 days: Vlandia vs Western Empire [ReclaimAncestralLand] score=-26.83 exhaustion=68.56/59.53 | weariness now Western Empire=100.0, Vlandia=100.0.
18:02:32.905 [INFO] (Peace) Western Empire and Vlandia made peace: white peace.
18:02:32.905 [INFO] (AI) Vlandia sued for peace with Western Empire at exhaustion 68.6: white peace.
18:02:32.908 [INFO] (Telemetry) [SNAPSHOT] date=Summer 1, 1093 kingdoms=8 atWar=2 wars=1 longestWarDays=9 avgExhaustion=16.5 claims=61 trustRecords=56 fabrications=0 nonAggressionPact=6 truce=8 defensivePact=2 alliance=0 tributaryPact=3 vassalage=0
18:02:44.908 [INFO] (Treaty) Signed: NonAggressionPact(Battania / Aserai, Active)
18:02:44.908 [INFO] (AI) Battania signed a NonAggressionPact with Aserai (mutual value 34).
18:02:48.909 [INFO] (Treaty) Expired, honoured in full: NonAggressionPact(Southern Empire / Northern Empire, Expired)
18:03:00.912 [INFO] (Telemetry) [SNAPSHOT] date=Summer 8, 1093 kingdoms=8 atWar=2 wars=1 longestWarDays=16 avgExhaustion=20.2 claims=60 trustRecords=56 fabrications=0 nonAggressionPact=6 truce=8 defensivePact=2 alliance=0 tributaryPact=3 vassalage=0
18:03:13.904 [INFO] (Claims) Khuzait now has a claim to retake Erzenur Castle from Aserai.
18:03:26.169 [INFO] (Claims) Aserai now has a claim to retake Husn Fulq from Khuzait.
18:03:28.994 [INFO] (Telemetry) [SNAPSHOT] date=Summer 15, 1093 kingdoms=8 atWar=2 wars=1 longestWarDays=23 avgExhaustion=40.0 claims=59 trustRecords=56 fabrications=0 nonAggressionPact=6 truce=8 defensivePact=2 alliance=0 tributaryPact=3 vassalage=0
18:03:51.350 [INFO] (Claims) Khuzait now has a claim to retake Husn Fulq from Aserai.
18:03:58.375 [INFO] (Telemetry) [SNAPSHOT] date=Autumn 1, 1093 kingdoms=8 atWar=2 wars=1 longestWarDays=30 avgExhaustion=49.3 claims=57 trustRecords=56 fabrications=0 nonAggressionPact=6 truce=8 defensivePact=2 alliance=0 tributaryPact=3 vassalage=0
18:04:00.053 [INFO] (Claims) Aserai now has a claim to retake Erzenur Castle from Khuzait.
18:04:02.391 [INFO] (Treaty) Truce recorded until Autumn 2, 1094 between Aserai and Khuzait.
18:04:02.391 [INFO] (Telemetry) [WAR-ENDED] aggressor=Aserai defender=Khuzait days=31 casusBelli=ReclaimAncestralLand finalScore=15.9 exhaustion=43.5/66.6 fiefsTaken=2/2 calledBy=none
18:04:02.391 [INFO] (Core) War closed after 31 days: Aserai vs Khuzait [ReclaimAncestralLand] score=15.92 exhaustion=43.50/66.56 | weariness now Aserai=100.0, Khuzait=100.0.
18:04:02.392 [INFO] (Peace) Aserai and Khuzait made peace: white peace.
18:04:02.393 [INFO] (AI) Khuzait sued for peace with Aserai at exhaustion 66.6: white peace.
18:04:10.416 [INFO] (Treaty) Expired, honoured in full: Truce(Western Empire / Aserai, Expired)
18:04:18.414 [INFO] (Treaty) Expired, honoured in full: Truce(Aserai / Southern Empire, Expired)
18:04:26.415 [INFO] (Telemetry) [SNAPSHOT] date=Autumn 8, 1093 kingdoms=8 atWar=0 wars=0 longestWarDays=0 avgExhaustion=0.0 claims=57 trustRecords=56 fabrications=0 nonAggressionPact=6 truce=7 defensivePact=2 alliance=0 tributaryPact=3 vassalage=0
18:04:50.403 [INFO] (Treaty) Expired, honoured in full: Truce(Northern Empire / Khuzait, Expired)
18:04:54.406 [INFO] (Treaty) Expired, honoured in full: Truce(Battania / Vlandia, Expired)
18:04:54.409 [INFO] (Telemetry) [SNAPSHOT] date=Autumn 15, 1093 kingdoms=8 atWar=0 wars=0 longestWarDays=0 avgExhaustion=0.0 claims=57 trustRecords=56 fabrications=0 nonAggressionPact=6 truce=5 defensivePact=2 alliance=0 tributaryPact=3 vassalage=0
18:05:22.409 [INFO] (Telemetry) [SNAPSHOT] date=Winter 1, 1093 kingdoms=8 atWar=0 wars=0 longestWarDays=0 avgExhaustion=0.0 claims=56 trustRecords=56 fabrications=0 nonAggressionPact=6 truce=5 defensivePact=2 alliance=0 tributaryPact=3 vassalage=0
18:05:23.462 [INFO] (Core) War opened: Vlandia -> Battania (CausedByKingdomDecision => ReclaimAncestralLand, legitimacy 0.70).
18:05:38.414 [INFO] (Treaty) Expired, honoured in full: NonAggressionPact(Southern Empire / Sturgia, Expired)
18:05:50.412 [INFO] (Treaty) Expired, honoured in full: Truce(Western Empire / Northern Empire, Expired)
18:05:50.414 [INFO] (Telemetry) [SNAPSHOT] date=Winter 8, 1093 kingdoms=8 atWar=2 wars=1 longestWarDays=7 avgExhaustion=21.2 claims=55 trustRecords=56 fabrications=0 nonAggressionPact=5 truce=4 defensivePact=2 alliance=0 tributaryPact=3 vassalage=0
18:06:18.416 [INFO] (Telemetry) [SNAPSHOT] date=Winter 15, 1093 kingdoms=8 atWar=2 wars=1 longestWarDays=14 avgExhaustion=28.8 claims=55 trustRecords=56 fabrications=0 nonAggressionPact=5 truce=4 defensivePact=2 alliance=0 tributaryPact=3 vassalage=0
18:06:26.023 [INFO] (Claims) Vlandia now has a claim to retake Rovalt from Battania.
18:06:46.458 [INFO] (Treaty) Truce recorded until Spring 1, 1095 between Battania and Vlandia.
18:06:46.458 [INFO] (Telemetry) [WAR-ENDED] aggressor=Vlandia defender=Battania days=21 casusBelli=ReclaimAncestralLand finalScore=-4.4 exhaustion=72.1/48.5 fiefsTaken=0/1 calledBy=none
18:06:46.458 [INFO] (Core) War closed after 21 days: Vlandia vs Battania [ReclaimAncestralLand] score=-4.45 exhaustion=72.06/48.52 | weariness now Battania=100.0, Vlandia=100.0.
18:06:46.460 [INFO] (Peace) Battania and Vlandia made peace: white peace.
18:06:46.460 [INFO] (AI) Vlandia sued for peace with Battania at exhaustion 71.9: white peace.
18:06:46.462 [INFO] (Telemetry) [SNAPSHOT] date=Spring 1, 1094 kingdoms=8 atWar=0 wars=0 longestWarDays=0 avgExhaustion=0.0 claims=55 trustRecords=56 fabrications=0 nonAggressionPact=5 truce=5 defensivePact=2 alliance=0 tributaryPact=3 vassalage=0
18:07:02.457 [INFO] (Treaty) Expired, honoured in full: Truce(Sturgia / Battania, Expired)
18:07:10.751 [INFO] (Core) War opened: Sturgia -> Battania (CausedByKingdomDecision => ReclaimAncestralLand, legitimacy 0.70).
18:07:14.463 [INFO] (Telemetry) [SNAPSHOT] date=Spring 8, 1094 kingdoms=8 atWar=2 wars=1 longestWarDays=1 avgExhaustion=0.4 claims=55 trustRecords=56 fabrications=0 nonAggressionPact=5 truce=4 defensivePact=2 alliance=0 tributaryPact=3 vassalage=0
18:07:22.486 [INFO] (Treaty) Expired, honoured in full: Truce(Southern Empire / Khuzait, Expired)
18:07:42.482 [INFO] (Telemetry) [SNAPSHOT] date=Spring 15, 1094 kingdoms=8 atWar=2 wars=1 longestWarDays=8 avgExhaustion=18.8 claims=55 trustRecords=56 fabrications=0 nonAggressionPact=5 truce=3 defensivePact=2 alliance=0 tributaryPact=3 vassalage=0
18:07:46.475 [INFO] (Treaty) Signed: NonAggressionPact(Khuzait / Southern Empire, Active)
18:07:46.476 [INFO] (AI) Khuzait signed a NonAggressionPact with Southern Empire (mutual value 32).
18:08:10.487 [INFO] (Treaty) Expired, honoured in full: Truce(Western Empire / Vlandia, Expired)
18:08:10.488 [INFO] (Telemetry) [SNAPSHOT] date=Summer 1, 1094 kingdoms=8 atWar=2 wars=1 longestWarDays=15 avgExhaustion=24.6 claims=54 trustRecords=56 fabrications=0 nonAggressionPact=6 truce=2 defensivePact=2 alliance=0 tributaryPact=3 vassalage=0
18:08:17.994 [INFO] (Core) War opened: Northern Empire -> Battania (CausedByKingdomDecision => Conquest, legitimacy 0.20).
18:08:18.369 [INFO] (Claims) Battania now has a claim to retake Uthelaim Castle from Sturgia.
18:08:23.676 [INFO] (Claims) Sturgia now has a claim to retake Flintolg Castle from Battania.
18:08:23.888 [INFO] (Treaty) Truce recorded until Summer 5, 1095 between Battania and Northern Empire.
18:08:23.888 [INFO] (Telemetry) [WAR-ENDED] aggressor=Northern_Empire defender=Battania days=1 casusBelli=Conquest finalScore=3.8 exhaustion=0.5/1.3 fiefsTaken=0/0 calledBy=none
18:08:23.888 [INFO] (Core) War closed after 1 days: Northern Empire vs Battania [Conquest] score=3.79 exhaustion=0.51/1.34 | weariness now Battania=96.9, Northern Empire=81.8.
18:08:38.571 [INFO] (Telemetry) [SNAPSHOT] date=Summer 8, 1094 kingdoms=8 atWar=2 wars=1 longestWarDays=22 avgExhaustion=45.4 claims=56 trustRecords=56 fabrications=0 nonAggressionPact=6 truce=3 defensivePact=2 alliance=0 tributaryPact=3 vassalage=0
18:08:42.410 [INFO] (Core) War opened: Northern Empire -> Western Empire (CausedByCallToWarAgreement => DefendAlly, legitimacy 1.00).
18:08:42.411 [INFO] (CallToArms) Northern Empire answered Sturgia and declared war on Western Empire.
18:08:42.411 [INFO] (Core) War opened: Western Empire -> Sturgia (CausedByKingdomDecision => Conquest, legitimacy 0.20).
18:08:42.570 [INFO] (Treaty) Expired, honoured in full: TributaryPact(Northern Empire / Southern Empire, Expired)
18:08:50.574 [INFO] (Treaty) Truce recorded until Summer 11, 1095 between Sturgia and Battania.
18:08:50.574 [INFO] (Telemetry) [WAR-ENDED] aggressor=Sturgia defender=Battania days=25 casusBelli=ReclaimAncestralLand finalScore=30.8 exhaustion=57.7/70.8 fiefsTaken=1/1 calledBy=none
18:08:50.575 [INFO] (Core) War closed after 25 days: Sturgia vs Battania [ReclaimAncestralLand] score=30.83 exhaustion=57.68/70.76 | weariness now Sturgia=74.2, Battania=100.0.
18:08:50.578 [INFO] (Peace) Sturgia and Battania made peace: white peace.
18:08:50.578 [INFO] (AI) Battania sued for peace with Sturgia at exhaustion 70.8: white peace.
18:08:58.588 [INFO] (Treaty) Expired, honoured in full: NonAggressionPact(Southern Empire / Battania, Expired)
18:09:02.585 [INFO] (Treaty) Signed: Alliance(Sturgia / Northern Empire, Active)
18:09:02.585 [INFO] (AI) Sturgia signed a Alliance with Northern Empire (mutual value 110).
18:09:06.587 [INFO] (Telemetry) [SNAPSHOT] date=Summer 15, 1094 kingdoms=8 atWar=3 wars=2 longestWarDays=6 avgExhaustion=2.6 claims=57 trustRecords=56 fabrications=0 nonAggressionPact=5 truce=4 defensivePact=2 alliance=1 tributaryPact=2 vassalage=0
18:09:14.590 [INFO] (Treaty) Expired, honoured in full: TributaryPact(Western Empire / Southern Empire, Expired)
18:09:18.592 [INFO] (Treaty) Signed: DefensivePact(Battania / Southern Empire, Active)
18:09:18.592 [INFO] (AI) Battania signed a DefensivePact with Southern Empire (mutual value 47).
18:09:28.342 [INFO] (Core) War opened: Sturgia -> Khuzait (CausedByCallToWarAgreement => DefendAlly, legitimacy 1.00).
18:09:28.343 [INFO] (CallToArms) Sturgia answered Northern Empire and declared war on Khuzait.
18:09:28.343 [INFO] (Core) War opened: Khuzait -> Northern Empire (CausedByKingdomDecision => ReclaimAncestralLand, legitimacy 0.70).
18:09:33.304 [INFO] (Claims) Western Empire now has a claim to retake Ataconia Castle from Northern Empire.
18:09:34.613 [INFO] (Treaty) Expired, honoured in full: DefensivePact(Northern Empire / Aserai, Expired)
18:09:34.615 [INFO] (Telemetry) [SNAPSHOT] date=Autumn 1, 1094 kingdoms=8 atWar=4 wars=4 longestWarDays=13 avgExhaustion=7.4 claims=59 trustRecords=56 fabrications=0 nonAggressionPact=5 truce=4 defensivePact=2 alliance=1 tributaryPact=1 vassalage=0
18:09:38.631 [INFO] (Treaty) Expired, honoured in full: NonAggressionPact(Khuzait / Battania, Expired)
18:09:38.631 [INFO] (Treaty) Expired, honoured in full: Truce(Aserai / Khuzait, Expired)
18:09:54.668 [INFO] (Treaty) Signed: DefensivePact(Aserai / Northern Empire, Active)
18:09:54.668 [INFO] (AI) Aserai signed a DefensivePact with Northern Empire (mutual value 50).
18:09:58.663 [INFO] (Treaty) Expired, honoured in full: TributaryPact(Aserai / Southern Empire, Expired)
18:10:02.671 [INFO] (Treaty) Expired, honoured in full: NonAggressionPact(Sturgia / Northern Empire, Expired)
18:10:02.673 [INFO] (Telemetry) [SNAPSHOT] date=Autumn 8, 1094 kingdoms=8 atWar=4 wars=4 longestWarDays=20 avgExhaustion=13.2 claims=60 trustRecords=56 fabrications=0 nonAggressionPact=3 truce=3 defensivePact=3 alliance=1 tributaryPact=0 vassalage=0
18:10:05.922 [INFO] (Claims) Northern Empire now has a claim to retake Ataconia Castle from Western Empire.
18:10:11.546 [INFO] (Core) War opened: Aserai -> Khuzait (CausedByKingdomDecision => ReclaimAncestralLand, legitimacy 0.70).
18:10:13.171 [INFO] (Claims) Northern Empire now has a claim to retake Syratos Castle from Khuzait.
18:10:14.128 [INFO] (Treaty) Truce recorded until Autumn 11, 1095 between Sturgia and Khuzait.
18:10:14.128 [INFO] (Telemetry) [WAR-ENDED] aggressor=Sturgia defender=Khuzait days=11 casusBelli=DefendAlly finalScore=-4.0 exhaustion=11.1/6.2 fiefsTaken=0/0 calledBy=Northern_Empire
18:10:14.129 [INFO] (Core) War closed after 11 days: Sturgia vs Khuzait [DefendAlly] score=-3.97 exhaustion=11.05/6.21 | weariness now Sturgia=76.5, Khuzait=89.2.
18:10:14.130 [INFO] (CallToArms) Sturgia leaves the war against Khuzait now that Northern Empire has made peace.
18:10:14.130 [INFO] (Treaty) Truce recorded until Autumn 11, 1095 between Northern Empire and Khuzait.
18:10:14.130 [INFO] (Telemetry) [WAR-ENDED] aggressor=Khuzait defender=Northern_Empire days=11 casusBelli=ReclaimAncestralLand finalScore=21.4 exhaustion=7.1/22.1 fiefsTaken=1/0 calledBy=none
18:10:14.130 [INFO] (Core) War closed after 11 days: Khuzait vs Northern Empire [ReclaimAncestralLand] score=21.39 exhaustion=7.05/22.10 | weariness now Northern Empire=88.8, Khuzait=92.7.
18:10:30.750 [INFO] (Treaty) Truce recorded until Autumn 15, 1095 between Western Empire and Northern Empire.
18:10:30.751 [INFO] (Telemetry) [WAR-ENDED] aggressor=Northern_Empire defender=Western_Empire days=27 casusBelli=DefendAlly finalScore=-9.3 exhaustion=60.4/51.0 fiefsTaken=1/1 calledBy=Sturgia
18:10:30.751 [INFO] (Core) War closed after 27 days: Northern Empire vs Western Empire [DefendAlly] score=-9.32 exhaustion=60.42/51.03 | weariness now Western Empire=100.0, Northern Empire=100.0.
18:10:30.753 [INFO] (Peace) Western Empire and Northern Empire made peace: white peace.
18:10:30.753 [INFO] (AI) Northern Empire sued for peace with Western Empire at exhaustion 60.1: white peace.
18:10:30.755 [INFO] (Telemetry) [SNAPSHOT] date=Autumn 15, 1094 kingdoms=8 atWar=4 wars=2 longestWarDays=27 avgExhaustion=5.4 claims=61 trustRecords=56 fabrications=0 nonAggressionPact=3 truce=6 defensivePact=3 alliance=1 tributaryPact=0 vassalage=0
18:10:58.763 [INFO] (Telemetry) [SNAPSHOT] date=Winter 1, 1094 kingdoms=8 atWar=4 wars=2 longestWarDays=34 avgExhaustion=8.9 claims=61 trustRecords=56 fabrications=0 nonAggressionPact=3 truce=6 defensivePact=3 alliance=1 tributaryPact=0 vassalage=0
18:11:06.763 [INFO] (Treaty) Expired, honoured in full: NonAggressionPact(Western Empire / Battania, Expired)
18:11:26.767 [INFO] (Telemetry) [SNAPSHOT] date=Winter 8, 1094 kingdoms=8 atWar=4 wars=2 longestWarDays=41 avgExhaustion=21.5 claims=62 trustRecords=56 fabrications=0 nonAggressionPact=2 truce=6 defensivePact=3 alliance=1 tributaryPact=0 vassalage=0
18:11:34.766 [INFO] (Treaty) Signed: NonAggressionPact(Western Empire / Battania, Active)
18:11:34.766 [INFO] (AI) Western Empire signed a NonAggressionPact with Battania (mutual value 29).
18:11:39.892 [INFO] (Core) War opened: Vlandia -> Western Empire (CausedByKingdomDecision => ReclaimAncestralLand, legitimacy 0.70).
18:11:44.046 [INFO] (Claims) Western Empire now has a claim to retake Gersegos Castle from Sturgia.
18:11:51.959 [INFO] (Claims) Khuzait now has a claim to retake Odokh from Aserai.
18:11:54.693 [INFO] (Treaty) Truce recorded until Winter 15, 1095 between Western Empire and Sturgia.
18:11:54.693 [INFO] (Telemetry) [WAR-ENDED] aggressor=Western_Empire defender=Sturgia days=48 casusBelli=Conquest finalScore=5.1 exhaustion=64.5/30.4 fiefsTaken=0/1 calledBy=none
18:11:54.693 [INFO] (Core) War closed after 48 days: Western Empire vs Sturgia [Conquest] score=5.10 exhaustion=64.49/30.43 | weariness now Western Empire=100.0, Sturgia=88.0.
18:11:54.855 [INFO] (Telemetry) [SNAPSHOT] date=Winter 15, 1094 kingdoms=8 atWar=4 wars=2 longestWarDays=26 avgExhaustion=15.5 claims=64 trustRecords=56 fabrications=0 nonAggressionPact=3 truce=7 defensivePact=3 alliance=1 tributaryPact=0 vassalage=0
18:11:55.088 [INFO] (Claims) Aserai now has a claim to retake Husn Fulq from Khuzait.
18:12:22.911 [INFO] (Telemetry) [SNAPSHOT] date=Spring 1, 1095 kingdoms=8 atWar=4 wars=2 longestWarDays=33 avgExhaustion=28.3 claims=64 trustRecords=56 fabrications=0 nonAggressionPact=3 truce=7 defensivePact=3 alliance=1 tributaryPact=0 vassalage=0
18:12:26.916 [INFO] (Treaty) Expired, honoured in full: Truce(Battania / Vlandia, Expired)
18:12:36.160 [INFO] (Claims) Western Empire now has a claim to retake Thractorae Castle from Vlandia.
18:12:42.744 [INFO] (Claims) Khuzait now has a claim to retake Husn Fulq from Aserai.
18:12:47.715 [INFO] (Claims) Aserai now has a claim to retake Odokh from Khuzait.
18:12:50.809 [INFO] (Treaty) Truce recorded until Spring 8, 1096 between Western Empire and Vlandia.
18:12:50.810 [INFO] (Telemetry) [WAR-ENDED] aggressor=Vlandia defender=Western_Empire days=18 casusBelli=ReclaimAncestralLand finalScore=49.0 exhaustion=17.2/59.1 fiefsTaken=1/0 calledBy=none
18:12:50.810 [INFO] (Core) War closed after 18 days: Vlandia vs Western Empire [ReclaimAncestralLand] score=48.96 exhaustion=17.18/59.06 | weariness now Western Empire=100.0, Vlandia=94.9.
18:12:51.044 [INFO] (Telemetry) [SNAPSHOT] date=Spring 8, 1095 kingdoms=8 atWar=2 wars=1 longestWarDays=40 avgExhaustion=65.3 claims=65 trustRecords=56 fabrications=0 nonAggressionPact=3 truce=7 defensivePact=3 alliance=1 tributaryPact=0 vassalage=0
18:12:55.041 [INFO] (Treaty) Truce recorded until Spring 9, 1096 between Aserai and Khuzait.
18:12:55.041 [INFO] (Telemetry) [WAR-ENDED] aggressor=Aserai defender=Khuzait days=41 casusBelli=ReclaimAncestralLand finalScore=13.1 exhaustion=58.6/74.1 fiefsTaken=2/2 calledBy=none
18:12:55.041 [INFO] (Core) War closed after 41 days: Aserai vs Khuzait [ReclaimAncestralLand] score=13.12 exhaustion=58.56/74.11 | weariness now Aserai=100.0, Khuzait=100.0.
18:12:55.043 [INFO] (Peace) Aserai and Khuzait made peace: white peace.
18:12:55.043 [INFO] (AI) Khuzait sued for peace with Aserai at exhaustion 74.1: white peace.
18:12:59.796 [INFO] (Core) War opened: Aserai -> Western Empire (CausedByKingdomDecision => ReclaimAncestralLand, legitimacy 0.70).
18:13:19.038 [INFO] (Telemetry) [SNAPSHOT] date=Spring 15, 1095 kingdoms=8 atWar=2 wars=1 longestWarDays=5 avgExhaustion=0.8 claims=65 trustRecords=56 fabrications=0 nonAggressionPact=3 truce=8 defensivePact=3 alliance=1 tributaryPact=0 vassalage=0
18:13:47.044 [INFO] (Telemetry) [SNAPSHOT] date=Summer 1, 1095 kingdoms=8 atWar=2 wars=1 longestWarDays=12 avgExhaustion=1.7 claims=65 trustRecords=56 fabrications=0 nonAggressionPact=3 truce=8 defensivePact=3 alliance=1 tributaryPact=0 vassalage=0
18:13:59.044 [INFO] (Treaty) Expired, honoured in full: NonAggressionPact(Battania / Aserai, Expired)
18:14:03.034 [INFO] (Treaty) Expired, honoured in full: Truce(Battania / Northern Empire, Expired)
18:14:15.042 [INFO] (Telemetry) [SNAPSHOT] date=Summer 8, 1095 kingdoms=8 atWar=2 wars=1 longestWarDays=19 avgExhaustion=17.6 claims=63 trustRecords=56 fabrications=0 nonAggressionPact=2 truce=7 defensivePact=3 alliance=1 tributaryPact=0 vassalage=0
18:14:27.040 [INFO] (Treaty) Signed: NonAggressionPact(Battania / Aserai, Active)
18:14:27.040 [INFO] (AI) Battania signed a NonAggressionPact with Aserai (mutual value 42).
18:14:27.040 [INFO] (Treaty) Expired, honoured in full: Truce(Sturgia / Battania, Expired)
18:14:43.046 [INFO] (Telemetry) [SNAPSHOT] date=Summer 15, 1095 kingdoms=8 atWar=2 wars=1 longestWarDays=26 avgExhaustion=18.7 claims=62 trustRecords=56 fabrications=0 nonAggressionPact=3 truce=6 defensivePact=3 alliance=1 tributaryPact=0 vassalage=0
18:15:11.046 [INFO] (Telemetry) [SNAPSHOT] date=Autumn 1, 1095 kingdoms=8 atWar=2 wars=1 longestWarDays=33 avgExhaustion=28.7 claims=61 trustRecords=56 fabrications=0 nonAggressionPact=3 truce=6 defensivePact=3 alliance=1 tributaryPact=0 vassalage=0
18:15:12.925 [INFO] (Claims) Western Empire now has a claim to retake Garontor Castle from Aserai.
18:15:19.129 [INFO] (Core) War opened: Southern Empire -> Western Empire (CausedByKingdomDecision => ReclaimAncestralLand, legitimacy 0.70).
18:15:20.174 [INFO] (Core) War opened: Northern Empire -> Vlandia (CausedByCallToWarAgreement => DefendAlly, legitimacy 1.00).
18:15:20.175 [INFO] (CallToArms) Northern Empire answered Aserai and declared war on Vlandia.
18:15:20.175 [INFO] (Core) War opened: Vlandia -> Aserai (CausedByKingdomDecision => ReclaimAncestralLand, legitimacy 0.70).
18:15:22.339 [INFO] (Treaty) Truce recorded until Autumn 4, 1096 between Northern Empire and Vlandia.
18:15:22.339 [INFO] (Telemetry) [WAR-ENDED] aggressor=Northern_Empire defender=Vlandia days=1 casusBelli=DefendAlly finalScore=0.0 exhaustion=0.0/0.0 fiefsTaken=0/0 calledBy=Aserai
18:15:22.339 [INFO] (Core) War closed after 1 days: Northern Empire vs Vlandia [DefendAlly] score=0.00 exhaustion=0.00/0.00 | weariness now Northern Empire=89.0, Vlandia=89.2.
18:15:27.087 [INFO] (Treaty) Signed: DefensivePact(Southern Empire / Aserai, Active)
18:15:27.088 [INFO] (AI) Southern Empire signed a DefensivePact with Aserai (mutual value 51).
18:15:39.083 [INFO] (Telemetry) [SNAPSHOT] date=Autumn 8, 1095 kingdoms=8 atWar=4 wars=3 longestWarDays=40 avgExhaustion=16.1 claims=63 trustRecords=56 fabrications=0 nonAggressionPact=3 truce=7 defensivePact=4 alliance=1 tributaryPact=0 vassalage=0
18:15:51.090 [INFO] (Treaty) Expired, honoured in full: Truce(Sturgia / Khuzait, Expired)
18:15:51.090 [INFO] (Treaty) Expired, honoured in full: Truce(Northern Empire / Khuzait, Expired)
18:16:07.092 [INFO] (Treaty) Expired, honoured in full: Truce(Western Empire / Northern Empire, Expired)
18:16:07.094 [INFO] (Telemetry) [SNAPSHOT] date=Autumn 15, 1095 kingdoms=8 atWar=4 wars=3 longestWarDays=47 avgExhaustion=24.1 claims=63 trustRecords=56 fabrications=0 nonAggressionPact=3 truce=4 defensivePact=4 alliance=1 tributaryPact=0 vassalage=0
18:16:08.633 [INFO] (Core) War opened: Battania -> Vlandia (CausedByKingdomDecision => ReclaimAncestralLand, legitimacy 0.70).
18:16:15.092 [INFO] (Treaty) Truce recorded until Autumn 17, 1096 between Aserai and Western Empire.
18:16:15.092 [INFO] (Telemetry) [WAR-ENDED] aggressor=Aserai defender=Western_Empire days=49 casusBelli=ReclaimAncestralLand finalScore=13.4 exhaustion=36.4/73.5 fiefsTaken=1/0 calledBy=none
18:16:15.092 [INFO] (Core) War closed after 49 days: Aserai vs Western Empire [ReclaimAncestralLand] score=13.35 exhaustion=36.39/73.48 | weariness now Aserai=100.0, Western Empire=100.0.
18:16:15.094 [INFO] (Peace) Aserai and Western Empire made peace: white peace.
18:16:15.094 [INFO] (AI) Western Empire sued for peace with Aserai at exhaustion 73.5: white peace.
18:16:19.086 [INFO] (Treaty) Signed: Alliance(Battania / Aserai, Active)
18:16:19.088 [INFO] (AI) Battania signed a Alliance with Aserai (mutual value 101).
18:16:35.109 [INFO] (Telemetry) [SNAPSHOT] date=Winter 1, 1095 kingdoms=8 atWar=5 wars=3 longestWarDays=19 avgExhaustion=25.3 claims=62 trustRecords=56 fabrications=0 nonAggressionPact=3 truce=5 defensivePact=4 alliance=2 tributaryPact=0 vassalage=0
18:16:54.914 [INFO] (Claims) Vlandia now has a claim to retake Thractorae Castle from Aserai.
18:17:00.728 [INFO] (Claims) Vlandia now has a claim to retake Caleus Castle from Battania.
18:17:03.174 [INFO] (Telemetry) [SNAPSHOT] date=Winter 8, 1095 kingdoms=8 atWar=5 wars=3 longestWarDays=26 avgExhaustion=37.4 claims=65 trustRecords=56 fabrications=0 nonAggressionPact=3 truce=5 defensivePact=4 alliance=2 tributaryPact=0 vassalage=0
18:17:06.427 [INFO] (Core) War opened: Battania -> Northern Empire (CausedByCallToWarAgreement => DefendAlly, legitimacy 1.00).
18:17:06.428 [INFO] (CallToArms) Battania answered Southern Empire and declared war on Northern Empire.
18:17:06.428 [INFO] (Core) War opened: Sturgia -> Southern Empire (CausedByCallToWarAgreement => DefendAlly, legitimacy 1.00).
18:17:06.429 [INFO] (CallToArms) Sturgia answered Northern Empire and declared war on Southern Empire.
18:17:06.429 [INFO] (Core) War opened: Northern Empire -> Southern Empire (CausedByKingdomDecision => ReclaimAncestralLand, legitimacy 0.70).
18:17:07.345 [INFO] (Treaty) Truce recorded until Winter 9, 1096 between Southern Empire and Sturgia.
18:17:07.345 [INFO] (Telemetry) [WAR-ENDED] aggressor=Sturgia defender=Southern_Empire days=0 casusBelli=DefendAlly finalScore=0.0 exhaustion=0.1/0.1 fiefsTaken=0/0 calledBy=Northern_Empire
18:17:07.346 [INFO] (Core) War closed after 0 days: Sturgia vs Southern Empire [DefendAlly] score=0.00 exhaustion=0.08/0.08 | weariness now Southern Empire=65.4, Sturgia=76.2.
18:17:08.270 [INFO] (Treaty) Truce recorded until Winter 9, 1096 between Vlandia and Aserai.
18:17:08.270 [INFO] (Telemetry) [WAR-ENDED] aggressor=Vlandia defender=Aserai days=27 casusBelli=ReclaimAncestralLand finalScore=-16.7 exhaustion=35.3/17.7 fiefsTaken=0/1 calledBy=none
18:17:08.270 [INFO] (Core) War closed after 27 days: Vlandia vs Aserai [ReclaimAncestralLand] score=-16.67 exhaustion=35.30/17.73 | weariness now Vlandia=100.0, Aserai=100.0.
18:17:11.176 [INFO] (Treaty) Truce recorded until Winter 10, 1096 between Southern Empire and Western Empire.
18:17:11.176 [INFO] (Telemetry) [WAR-ENDED] aggressor=Southern_Empire defender=Western_Empire days=28 casusBelli=ReclaimAncestralLand finalScore=-4.5 exhaustion=42.7/70.9 fiefsTaken=0/0 calledBy=none
18:17:11.176 [INFO] (Core) War closed after 28 days: Southern Empire vs Western Empire [ReclaimAncestralLand] score=-4.48 exhaustion=42.72/70.86 | weariness now Southern Empire=86.8, Western Empire=100.0.
18:17:11.178 [INFO] (Peace) Southern Empire and Western Empire made peace: white peace.
18:17:11.178 [INFO] (AI) Western Empire sued for peace with Southern Empire at exhaustion 70.9: white peace.
18:17:12.559 [INFO] (Treaty) Truce recorded until Winter 11, 1096 between Battania and Northern Empire.
18:17:12.559 [INFO] (Telemetry) [WAR-ENDED] aggressor=Battania defender=Northern_Empire days=2 casusBelli=DefendAlly finalScore=0.0 exhaustion=0.5/0.4 fiefsTaken=0/0 calledBy=Southern_Empire
18:17:12.559 [INFO] (Core) War closed after 2 days: Battania vs Northern Empire [DefendAlly] score=0.00 exhaustion=0.49/0.41 | weariness now Battania=81.3, Northern Empire=85.1.
18:17:18.228 [INFO] (Core) War opened: Sturgia -> Khuzait (CausedByCallToWarAgreement => DefendAlly, legitimacy 1.00).
18:17:18.229 [INFO] (CallToArms) Sturgia answered Northern Empire and declared war on Khuzait.
18:17:18.229 [INFO] (Core) War opened: Khuzait -> Northern Empire (CausedByKingdomDecision => ReclaimAncestralLand, legitimacy 0.70).
18:17:19.179 [INFO] (Treaty) Signed: DefensivePact(Southern Empire / Khuzait, Active)
18:17:19.179 [INFO] (AI) Southern Empire signed a DefensivePact with Khuzait (mutual value 61).
18:17:23.123 [INFO] (Claims) Vlandia now has a claim to retake Ab Comer Castle from Battania.
18:17:31.236 [INFO] (Treaty) Truce recorded until Winter 15, 1096 between Battania and Vlandia.
18:17:31.238 [INFO] (Telemetry) [WAR-ENDED] aggressor=Battania defender=Vlandia days=21 casusBelli=ReclaimAncestralLand finalScore=16.1 exhaustion=41.4/65.0 fiefsTaken=2/0 calledBy=none
18:17:31.238 [INFO] (Core) War closed after 21 days: Battania vs Vlandia [ReclaimAncestralLand] score=16.12 exhaustion=41.37/65.04 | weariness now Battania=100.0, Vlandia=100.0.
18:17:31.240 [INFO] (Peace) Battania and Vlandia made peace: white peace.
18:17:31.240 [INFO] (AI) Vlandia sued for peace with Battania at exhaustion 65.0: white peace.
18:17:31.240 [INFO] (Treaty) Expired, honoured in full: Truce(Western Empire / Sturgia, Expired)
18:17:31.243 [INFO] (Telemetry) [SNAPSHOT] date=Winter 15, 1095 kingdoms=8 atWar=4 wars=3 longestWarDays=6 avgExhaustion=5.0 claims=68 trustRecords=56 fabrications=0 nonAggressionPact=3 truce=9 defensivePact=5 alliance=2 tributaryPact=0 vassalage=0
18:17:51.236 [INFO] (Treaty) Signed: TributaryPact(Aserai / Southern Empire, Active) tribute 500 from Southern Empire every 7 days
18:17:51.236 [INFO] (AI) Aserai imposed a tributary pact on Southern Empire.
18:17:59.235 [INFO] (Treaty) Expired, honoured in full: DefensivePact(Sturgia / Northern Empire, Expired)
18:17:59.236 [INFO] (Telemetry) [SNAPSHOT] date=Spring 1, 1096 kingdoms=8 atWar=4 wars=3 longestWarDays=13 avgExhaustion=12.3 claims=71 trustRecords=56 fabrications=0 nonAggressionPact=3 truce=9 defensivePact=4 alliance=2 tributaryPact=1 vassalage=0
18:18:23.322 [INFO] (Claims) Khuzait now has a claim to retake Urikskala Castle from Sturgia.
18:18:27.264 [INFO] (Treaty) Expired, honoured in full: Truce(Western Empire / Vlandia, Expired)
18:18:27.266 [INFO] (Telemetry) [SNAPSHOT] date=Spring 8, 1096 kingdoms=8 atWar=4 wars=3 longestWarDays=20 avgExhaustion=23.1 claims=71 trustRecords=56 fabrications=0 nonAggressionPact=3 truce=8 defensivePact=4 alliance=2 tributaryPact=1 vassalage=0
18:18:36.638 [INFO] (Treaty) Expired, honoured in full: Truce(Aserai / Khuzait, Expired)
18:18:56.654 [INFO] (Telemetry) [SNAPSHOT] date=Spring 15, 1096 kingdoms=8 atWar=4 wars=3 longestWarDays=27 avgExhaustion=30.5 claims=71 trustRecords=56 fabrications=0 nonAggressionPact=3 truce=7 defensivePact=4 alliance=2 tributaryPact=1 vassalage=0
18:19:00.657 [INFO] (Treaty) Expired, honoured in full: NonAggressionPact(Khuzait / Southern Empire, Expired)
18:19:12.662 [INFO] (Treaty) Truce recorded until Spring 19, 1097 between Northern Empire and Southern Empire.
18:19:12.663 [INFO] (Telemetry) [WAR-ENDED] aggressor=Northern_Empire defender=Southern_Empire days=31 casusBelli=ReclaimAncestralLand finalScore=9.0 exhaustion=34.9/82.0 fiefsTaken=0/0 calledBy=none
18:19:12.663 [INFO] (Core) War closed after 31 days: Northern Empire vs Southern Empire [ReclaimAncestralLand] score=8.98 exhaustion=34.89/82.01 | weariness now Northern Empire=98.2, Southern Empire=100.0.
18:19:12.665 [INFO] (Peace) Northern Empire and Southern Empire made peace: white peace.
18:19:12.665 [INFO] (AI) Southern Empire sued for peace with Northern Empire at exhaustion 81.7: white peace.
18:19:24.669 [INFO] (Telemetry) [SNAPSHOT] date=Summer 1, 1096 kingdoms=8 atWar=3 wars=2 longestWarDays=31 avgExhaustion=36.0 claims=71 trustRecords=56 fabrications=0 nonAggressionPact=2 truce=8 defensivePact=4 alliance=2 tributaryPact=1 vassalage=0
18:19:31.756 [INFO] (Treaty) Truce recorded until Summer 3, 1097 between Khuzait and Sturgia.
18:19:31.758 [INFO] (Telemetry) [WAR-ENDED] aggressor=Sturgia defender=Khuzait days=33 casusBelli=DefendAlly finalScore=3.5 exhaustion=15.4/28.1 fiefsTaken=1/0 calledBy=Northern_Empire
18:19:31.758 [INFO] (Core) War closed after 33 days: Sturgia vs Khuzait [DefendAlly] score=3.54 exhaustion=15.37/28.11 | weariness now Khuzait=99.2, Sturgia=78.6.
18:19:48.671 [INFO] (Treaty) Signed: DefensivePact(Sturgia / Northern Empire, Active)
18:19:48.672 [INFO] (AI) Sturgia signed a DefensivePact with Northern Empire (mutual value 49).
18:19:52.666 [INFO] (Treaty) Truce recorded until Summer 8, 1097 between Khuzait and Northern Empire.
18:19:52.668 [INFO] (Telemetry) [WAR-ENDED] aggressor=Khuzait defender=Northern_Empire days=38 casusBelli=ReclaimAncestralLand finalScore=17.9 exhaustion=65.6/84.3 fiefsTaken=0/0 calledBy=none
18:19:52.668 [INFO] (Core) War closed after 38 days: Khuzait vs Northern Empire [ReclaimAncestralLand] score=17.94 exhaustion=65.57/84.33 | weariness now Khuzait=100.0, Northern Empire=100.0.
18:19:52.670 [INFO] (Peace) Khuzait and Northern Empire made peace: white peace.
18:19:52.670 [INFO] (AI) Northern Empire sued for peace with Khuzait at exhaustion 72.7: white peace.
18:19:52.672 [INFO] (Telemetry) [SNAPSHOT] date=Summer 8, 1096 kingdoms=8 atWar=0 wars=0 longestWarDays=0 avgExhaustion=0.0 claims=70 trustRecords=56 fabrications=0 nonAggressionPact=2 truce=10 defensivePact=5 alliance=2 tributaryPact=1 vassalage=0
18:20:01.975 [INFO] (Core) War opened: Aserai -> Sturgia (CausedByCallToWarAgreement => DefendAlly, legitimacy 1.00).
18:20:01.976 [INFO] (CallToArms) Aserai answered Battania and declared war on Sturgia.
18:20:01.976 [INFO] (Core) War opened: Battania -> Sturgia (CausedByKingdomDecision => ReclaimAncestralLand, legitimacy 0.70).
18:20:09.452 [INFO] (Treaty) Truce recorded until Summer 12, 1097 between Aserai and Sturgia.
18:20:09.453 [INFO] (Telemetry) [WAR-ENDED] aggressor=Aserai defender=Sturgia days=2 casusBelli=DefendAlly finalScore=0.0 exhaustion=0.2/0.2 fiefsTaken=0/0 calledBy=Battania
18:20:09.453 [INFO] (Core) War closed after 2 days: Aserai vs Sturgia [DefendAlly] score=0.00 exhaustion=0.16/0.16 | weariness now Aserai=93.3, Sturgia=77.2.
18:20:20.694 [INFO] (Telemetry) [SNAPSHOT] date=Summer 15, 1096 kingdoms=8 atWar=2 wars=1 longestWarDays=5 avgExhaustion=2.6 claims=70 trustRecords=56 fabrications=0 nonAggressionPact=2 truce=11 defensivePact=5 alliance=2 tributaryPact=1 vassalage=0
18:20:48.698 [INFO] (Telemetry) [SNAPSHOT] date=Autumn 1, 1096 kingdoms=8 atWar=2 wars=1 longestWarDays=12 avgExhaustion=22.3 claims=70 trustRecords=56 fabrications=0 nonAggressionPact=2 truce=11 defensivePact=5 alliance=2 tributaryPact=1 vassalage=0
18:21:00.693 [INFO] (Treaty) Expired, honoured in full: Truce(Northern Empire / Vlandia, Expired)
18:21:09.287 [INFO] (Core) War opened: Battania -> Khuzait (CausedByCallToWarAgreement => DefendAlly, legitimacy 1.00).
18:21:09.289 [INFO] (CallToArms) Battania answered Aserai and declared war on Khuzait.
18:21:09.289 [INFO] (Core) War opened: Aserai -> Khuzait (CausedByKingdomDecision => ReclaimAncestralLand, legitimacy 0.70).
18:21:14.003 [INFO] (Treaty) Truce recorded until Autumn 7, 1097 between Battania and Khuzait.
18:21:14.003 [INFO] (Telemetry) [WAR-ENDED] aggressor=Battania defender=Khuzait days=1 casusBelli=DefendAlly finalScore=0.0 exhaustion=0.1/0.1 fiefsTaken=0/0 calledBy=Aserai
18:21:14.004 [INFO] (Core) War closed after 1 days: Battania vs Khuzait [DefendAlly] score=0.00 exhaustion=0.08/0.08 | weariness now Battania=91.6, Khuzait=96.9.
18:21:16.702 [INFO] (Telemetry) [SNAPSHOT] date=Autumn 8, 1096 kingdoms=8 atWar=4 wars=2 longestWarDays=19 avgExhaustion=24.9 claims=68 trustRecords=56 fabrications=0 nonAggressionPact=2 truce=11 defensivePact=5 alliance=2 tributaryPact=1 vassalage=0
18:21:40.704 [INFO] (Treaty) Truce recorded until Autumn 14, 1097 between Battania and Sturgia.
18:21:40.704 [INFO] (Telemetry) [WAR-ENDED] aggressor=Battania defender=Sturgia days=25 casusBelli=ReclaimAncestralLand finalScore=17.6 exhaustion=49.8/65.3 fiefsTaken=0/0 calledBy=none
18:21:40.704 [INFO] (Core) War closed after 25 days: Battania vs Sturgia [ReclaimAncestralLand] score=17.57 exhaustion=49.78/65.35 | weariness now Battania=100.0, Sturgia=100.0.
18:21:40.708 [INFO] (Peace) Battania and Sturgia made peace: white peace.
18:21:40.708 [INFO] (AI) Sturgia sued for peace with Battania at exhaustion 63.6: white peace.
18:21:44.710 [INFO] (Telemetry) [SNAPSHOT] date=Autumn 15, 1096 kingdoms=8 atWar=2 wars=1 longestWarDays=9 avgExhaustion=5.6 claims=67 trustRecords=56 fabrications=0 nonAggressionPact=2 truce=12 defensivePact=5 alliance=2 tributaryPact=1 vassalage=0
18:21:56.706 [INFO] (Treaty) Expired, honoured in full: Truce(Aserai / Western Empire, Expired)
18:22:12.712 [INFO] (Telemetry) [SNAPSHOT] date=Winter 1, 1096 kingdoms=8 atWar=2 wars=1 longestWarDays=16 avgExhaustion=20.1 claims=67 trustRecords=56 fabrications=0 nonAggressionPact=2 truce=11 defensivePact=5 alliance=2 tributaryPact=1 vassalage=0
18:22:40.716 [INFO] (Telemetry) [SNAPSHOT] date=Winter 8, 1096 kingdoms=8 atWar=2 wars=1 longestWarDays=23 avgExhaustion=30.4 claims=67 trustRecords=56 fabrications=0 nonAggressionPact=2 truce=11 defensivePact=5 alliance=2 tributaryPact=1 vassalage=0
18:22:48.721 [INFO] (Treaty) Expired, honoured in full: Truce(Southern Empire / Sturgia, Expired)
18:22:48.721 [INFO] (Treaty) Expired, honoured in full: Truce(Vlandia / Aserai, Expired)
18:22:48.722 [INFO] (Treaty) Expired, honoured in full: Truce(Southern Empire / Western Empire, Expired)
18:22:52.716 [INFO] (Treaty) Signed: DefensivePact(Battania / Aserai, Active)
18:22:52.716 [INFO] (AI) Battania signed a DefensivePact with Aserai (mutual value 47).
18:22:52.716 [INFO] (Treaty) Expired, honoured in full: NonAggressionPact(Western Empire / Battania, Expired)
18:22:52.716 [INFO] (Treaty) Expired, honoured in full: Truce(Battania / Northern Empire, Expired)
18:22:56.290 [INFO] (Claims) Aserai now has a claim to retake Husn Fulq from Khuzait.
18:23:08.517 [INFO] (Core) War opened: Battania -> Western Empire (CausedByCallToWarAgreement => DefendAlly, legitimacy 1.00).
18:23:08.519 [INFO] (CallToArms) Battania answered Southern Empire and declared war on Western Empire.
18:23:08.519 [INFO] (Core) War opened: Aserai -> Western Empire (CausedByCallToWarAgreement => DefendAlly, legitimacy 1.00).
18:23:08.520 [INFO] (CallToArms) Aserai answered Southern Empire and declared war on Western Empire.
18:23:08.520 [INFO] (Core) War opened: Khuzait -> Western Empire (CausedByCallToWarAgreement => DefendAlly, legitimacy 1.00).
18:23:08.521 [INFO] (CallToArms) Khuzait answered Southern Empire and declared war on Western Empire.
18:23:08.521 [INFO] (Core) War opened: Western Empire -> Southern Empire (CausedByKingdomDecision => ReclaimAncestralLand, legitimacy 0.70).
18:23:08.764 [INFO] (Telemetry) [SNAPSHOT] date=Winter 15, 1096 kingdoms=8 atWar=5 wars=5 longestWarDays=30 avgExhaustion=8.3 claims=66 trustRecords=56 fabrications=0 nonAggressionPact=1 truce=7 defensivePact=6 alliance=2 tributaryPact=1 vassalage=0
18:23:11.854 [INFO] (Treaty) Truce recorded until Winter 16, 1097 between Khuzait and Western Empire.
18:23:11.854 [INFO] (Telemetry) [WAR-ENDED] aggressor=Khuzait defender=Western_Empire days=1 casusBelli=DefendAlly finalScore=0.0 exhaustion=0.1/0.1 fiefsTaken=0/0 calledBy=Southern_Empire
18:23:11.854 [INFO] (Core) War closed after 1 days: Khuzait vs Western Empire [DefendAlly] score=0.00 exhaustion=0.08/0.08 | weariness now Khuzait=92.6, Western Empire=86.5.
18:23:12.759 [INFO] (Treaty) Expired, honoured in full: Truce(Battania / Vlandia, Expired)
18:23:20.765 [INFO] (Treaty) Signed: Alliance(Battania / Southern Empire, Active)
18:23:20.766 [INFO] (AI) Battania signed a Alliance with Southern Empire (mutual value 98).
18:23:36.766 [INFO] (Telemetry) [SNAPSHOT] date=Spring 1, 1097 kingdoms=8 atWar=5 wars=4 longestWarDays=37 avgExhaustion=19.4 claims=68 trustRecords=56 fabrications=0 nonAggressionPact=1 truce=7 defensivePact=6 alliance=3 tributaryPact=1 vassalage=0
18:23:54.022 [INFO] (Core) War opened: Northern Empire -> Vlandia (CausedByCallToWarAgreement => DefendAlly, legitimacy 1.00).
18:23:54.023 [INFO] (CallToArms) Northern Empire answered Aserai and declared war on Vlandia.
18:23:54.023 [INFO] (Core) War opened: Southern Empire -> Vlandia (CausedByCallToWarAgreement => DefendAlly, legitimacy 1.00).
18:23:54.024 [INFO] (CallToArms) Southern Empire answered Aserai and declared war on Vlandia.
18:23:54.024 [INFO] (Core) War opened: Battania -> Vlandia (CausedByCallToWarAgreement => DefendAlly, legitimacy 1.00).
18:23:54.025 [INFO] (CallToArms) Battania answered Aserai and declared war on Vlandia.
18:23:54.025 [INFO] (Core) War opened: Vlandia -> Aserai (CausedByKingdomDecision => ReclaimAncestralLand, legitimacy 0.70).
18:23:55.938 [INFO] (Treaty) Truce recorded until Spring 6, 1098 between Northern Empire and Vlandia.
18:23:55.938 [INFO] (Telemetry) [WAR-ENDED] aggressor=Northern_Empire defender=Vlandia days=0 casusBelli=DefendAlly finalScore=-2.6 exhaustion=0.4/0.0 fiefsTaken=0/0 calledBy=Aserai
18:23:55.938 [INFO] (Core) War closed after 0 days: Northern Empire vs Vlandia [DefendAlly] score=-2.58 exhaustion=0.39/0.05 | weariness now Northern Empire=91.0, Vlandia=85.6.
18:23:56.765 [INFO] (Treaty) Truce recorded until Spring 6, 1098 between Khuzait and Aserai.
18:23:56.765 [INFO] (Telemetry) [WAR-ENDED] aggressor=Aserai defender=Khuzait days=42 casusBelli=ReclaimAncestralLand finalScore=-11.6 exhaustion=64.2/61.6 fiefsTaken=0/1 calledBy=none
18:23:56.765 [INFO] (Core) War closed after 42 days: Aserai vs Khuzait [ReclaimAncestralLand] score=-11.63 exhaustion=64.15/61.64 | weariness now Khuzait=100.0, Aserai=100.0.
18:23:56.767 [INFO] (Peace) Khuzait and Aserai made peace: white peace.
18:23:56.767 [INFO] (AI) Aserai sued for peace with Khuzait at exhaustion 64.2: white peace.
18:24:04.770 [INFO] (Telemetry) [SNAPSHOT] date=Spring 8, 1097 kingdoms=8 atWar=5 wars=6 longestWarDays=14 avgExhaustion=9.4 claims=67 trustRecords=56 fabrications=0 nonAggressionPact=1 truce=9 defensivePact=6 alliance=3 tributaryPact=1 vassalage=0
18:24:05.650 [INFO] (Treaty) Truce recorded until Spring 8, 1098 between Vlandia and Southern Empire.
18:24:05.650 [INFO] (Telemetry) [WAR-ENDED] aggressor=Southern_Empire defender=Vlandia days=3 casusBelli=DefendAlly finalScore=1.0 exhaustion=0.8/0.6 fiefsTaken=0/0 calledBy=Aserai
18:24:05.651 [INFO] (Core) War closed after 3 days: Southern Empire vs Vlandia [DefendAlly] score=0.95 exhaustion=0.84/0.57 | weariness now Vlandia=85.5, Southern Empire=89.3.
18:24:32.769 [INFO] (Telemetry) [SNAPSHOT] date=Spring 15, 1097 kingdoms=8 atWar=5 wars=5 longestWarDays=21 avgExhaustion=15.5 claims=69 trustRecords=56 fabrications=0 nonAggressionPact=1 truce=10 defensivePact=6 alliance=3 tributaryPact=1 vassalage=0
18:24:38.847 [INFO] (Claims) Battania now has a claim to retake Rovalt from Vlandia.
18:24:48.821 [INFO] (Treaty) Expired, honoured in full: Truce(Northern Empire / Southern Empire, Expired)
18:24:50.246 [INFO] (Treaty) Truce recorded until Spring 20, 1098 between Battania and Vlandia.
18:24:50.247 [INFO] (Telemetry) [WAR-ENDED] aggressor=Battania defender=Vlandia days=14 casusBelli=DefendAlly finalScore=-25.8 exhaustion=31.9/12.1 fiefsTaken=0/1 calledBy=Aserai
18:24:50.247 [INFO] (Core) War closed after 14 days: Battania vs Vlandia [DefendAlly] score=-25.82 exhaustion=31.87/12.06 | weariness now Battania=100.0, Vlandia=89.8.
18:24:56.894 [INFO] (Claims) Aserai now has a claim to retake Thractorae Castle from Western Empire.
18:24:57.785 [INFO] (Treaty) Truce recorded until Spring 21, 1098 between Vlandia and Aserai.
18:24:57.785 [INFO] (Telemetry) [WAR-ENDED] aggressor=Vlandia defender=Aserai days=16 casusBelli=ReclaimAncestralLand finalScore=2.4 exhaustion=3.9/5.3 fiefsTaken=0/0 calledBy=none
18:24:57.785 [INFO] (Core) War closed after 16 days: Vlandia vs Aserai [ReclaimAncestralLand] score=2.40 exhaustion=3.88/5.33 | weariness now Vlandia=91.5, Aserai=100.0.
18:25:00.868 [INFO] (Telemetry) [SNAPSHOT] date=Summer 1, 1097 kingdoms=8 atWar=4 wars=3 longestWarDays=28 avgExhaustion=29.6 claims=71 trustRecords=56 fabrications=0 nonAggressionPact=1 truce=11 defensivePact=6 alliance=3 tributaryPact=1 vassalage=0
18:25:08.862 [INFO] (Treaty) Expired, honoured in full: Truce(Khuzait / Sturgia, Expired)
18:25:09.155 [INFO] (Claims) Aserai now has a claim to retake Garontor Castle from Western Empire.
18:25:12.116 [INFO] (Core) War opened: Battania -> Northern Empire (CausedByCallToWarAgreement => DefendAlly, legitimacy 1.00).
18:25:12.116 [INFO] (CallToArms) Battania answered Southern Empire and declared war on Northern Empire.
18:25:12.118 [INFO] (Core) War opened: Sturgia -> Southern Empire (CausedByCallToWarAgreement => DefendAlly, legitimacy 1.00).
18:25:12.118 [INFO] (CallToArms) Sturgia answered Northern Empire and declared war on Southern Empire.
18:25:12.118 [INFO] (Core) War opened: Northern Empire -> Southern Empire (CausedByKingdomDecision => ReclaimAncestralLand, legitimacy 0.70).
18:25:12.662 [INFO] (Treaty) Truce recorded until Summer 4, 1098 between Western Empire and Aserai.
18:25:12.662 [INFO] (Telemetry) [WAR-ENDED] aggressor=Aserai defender=Western_Empire days=31 casusBelli=DefendAlly finalScore=-10.1 exhaustion=17.4/13.8 fiefsTaken=0/2 calledBy=Southern_Empire
18:25:12.662 [INFO] (Core) War closed after 31 days: Aserai vs Western Empire [DefendAlly] score=-10.14 exhaustion=17.37/13.78 | weariness now Western Empire=88.9, Aserai=100.0.
18:25:13.160 [INFO] (Treaty) Truce recorded until Summer 4, 1098 between Battania and Western Empire.
18:25:13.161 [INFO] (Telemetry) [WAR-ENDED] aggressor=Battania defender=Western_Empire days=31 casusBelli=DefendAlly finalScore=23.6 exhaustion=33.3/39.2 fiefsTaken=0/0 calledBy=Southern_Empire
18:25:13.161 [INFO] (Core) War closed after 31 days: Battania vs Western Empire [DefendAlly] score=23.63 exhaustion=33.28/39.22 | weariness now Battania=100.0, Western Empire=100.0.
18:25:13.163 [INFO] (CallToArms) Battania leaves the war against Western Empire now that Southern Empire has made peace.
18:25:13.163 [INFO] (Treaty) Truce recorded until Summer 4, 1098 between Southern Empire and Western Empire.
18:25:13.163 [INFO] (Telemetry) [WAR-ENDED] aggressor=Western_Empire defender=Southern_Empire days=31 casusBelli=ReclaimAncestralLand finalScore=5.3 exhaustion=45.3/63.2 fiefsTaken=0/0 calledBy=none
18:25:13.163 [INFO] (Core) War closed after 31 days: Western Empire vs Southern Empire [ReclaimAncestralLand] score=5.27 exhaustion=45.32/63.20 | weariness now Southern Empire=100.0, Western Empire=100.0.
18:25:17.162 [INFO] (Treaty) Truce recorded until Summer 5, 1098 between Southern Empire and Sturgia.
18:25:17.163 [INFO] (Telemetry) [WAR-ENDED] aggressor=Sturgia defender=Southern_Empire days=1 casusBelli=DefendAlly finalScore=0.0 exhaustion=0.2/0.2 fiefsTaken=0/0 calledBy=Northern_Empire
18:25:17.163 [INFO] (Core) War closed after 1 days: Sturgia vs Southern Empire [DefendAlly] score=0.00 exhaustion=0.16/0.16 | weariness now Southern Empire=99.9, Sturgia=91.8.
18:25:17.414 [INFO] (Core) War opened: Northern Empire -> Western Empire (CausedByCallToWarAgreement => DefendAlly, legitimacy 1.00).
18:25:17.415 [INFO] (CallToArms) Northern Empire answered Sturgia and declared war on Western Empire.
18:25:17.415 [INFO] (Core) War opened: Sturgia -> Western Empire (CausedByKingdomDecision => Conquest, legitimacy 0.20).
18:25:18.207 [INFO] (Treaty) Truce recorded until Summer 5, 1098 between Battania and Northern Empire.
18:25:18.207 [INFO] (Telemetry) [WAR-ENDED] aggressor=Battania defender=Northern_Empire days=2 casusBelli=DefendAlly finalScore=0.0 exhaustion=0.2/0.2 fiefsTaken=0/0 calledBy=Southern_Empire
18:25:18.207 [INFO] (Core) War closed after 2 days: Battania vs Northern Empire [DefendAlly] score=0.00 exhaustion=0.16/0.16 | weariness now Battania=99.9, Northern Empire=88.0.
18:25:28.912 [INFO] (Treaty) Expired, honoured in full: Truce(Khuzait / Northern Empire, Expired)
18:25:28.913 [INFO] (Telemetry) [SNAPSHOT] date=Summer 8, 1097 kingdoms=8 atWar=4 wars=3 longestWarDays=4 avgExhaustion=2.4 claims=72 trustRecords=56 fabrications=0 nonAggressionPact=1 truce=14 defensivePact=6 alliance=3 tributaryPact=1 vassalage=0
18:25:29.915 [INFO] (Core) War opened: Vlandia -> Western Empire (CausedByKingdomDecision => ReclaimAncestralLand, legitimacy 0.70).
18:25:40.914 [INFO] (Treaty) Expired, honoured in full: NonAggressionPact(Battania / Aserai, Expired)
18:25:48.910 [INFO] (Treaty) Expired, honoured in full: Truce(Aserai / Sturgia, Expired)
18:25:52.914 [INFO] (Treaty) Expired, honoured in full: Alliance(Sturgia / Northern Empire, Expired)
18:25:56.916 [INFO] (Treaty) Signed: Alliance(Northern Empire / Sturgia, Active)
18:25:56.916 [INFO] (AI) Northern Empire signed a Alliance with Sturgia (mutual value 106).
18:25:56.918 [INFO] (Telemetry) [SNAPSHOT] date=Summer 15, 1097 kingdoms=8 atWar=5 wars=4 longestWarDays=11 avgExhaustion=13.3 claims=74 trustRecords=56 fabrications=0 nonAggressionPact=0 truce=13 defensivePact=6 alliance=3 tributaryPact=1 vassalage=0
18:26:06.258 [INFO] (Claims) Western Empire now has a claim to retake Thractorae Castle from Vlandia.
18:26:08.735 [INFO] (Treaty) Truce recorded until Summer 18, 1098 between Western Empire and Vlandia.
18:26:08.735 [INFO] (Telemetry) [WAR-ENDED] aggressor=Vlandia defender=Western_Empire days=10 casusBelli=ReclaimAncestralLand finalScore=4.5 exhaustion=3.9/9.6 fiefsTaken=1/0 calledBy=none
18:26:08.735 [INFO] (Core) War closed after 10 days: Vlandia vs Western Empire [ReclaimAncestralLand] score=4.53 exhaustion=3.90/9.56 | weariness now Western Empire=100.0, Vlandia=90.9.
18:26:12.234 [INFO] (Claims) Southern Empire now has a claim to retake Melion Castle from Northern Empire.
18:26:12.977 [INFO] (Treaty) Truce recorded until Summer 19, 1098 between Northern Empire and Southern Empire.
18:26:12.977 [INFO] (Telemetry) [WAR-ENDED] aggressor=Northern_Empire defender=Southern_Empire days=15 casusBelli=ReclaimAncestralLand finalScore=22.7 exhaustion=25.0/61.0 fiefsTaken=1/0 calledBy=none
18:26:12.978 [INFO] (Core) War closed after 15 days: Northern Empire vs Southern Empire [ReclaimAncestralLand] score=22.71 exhaustion=24.98/60.96 | weariness now Northern Empire=98.5, Southern Empire=100.0.
18:26:12.980 [INFO] (Peace) Northern Empire and Southern Empire made peace: white peace.
18:26:12.980 [INFO] (AI) Southern Empire sued for peace with Northern Empire at exhaustion 60.5: white peace.
18:26:12.980 [INFO] (Treaty) Expired, honoured in full: DefensivePact(Battania / Southern Empire, Expired)
18:26:25.000 [INFO] (Telemetry) [SNAPSHOT] date=Autumn 1, 1097 kingdoms=8 atWar=3 wars=2 longestWarDays=17 avgExhaustion=24.9 claims=76 trustRecords=56 fabrications=0 nonAggressionPact=0 truce=15 defensivePact=5 alliance=3 tributaryPact=1 vassalage=0
18:26:42.597 [INFO] (Core) War opened: Sturgia -> Khuzait (CausedByCallToWarAgreement => DefendAlly, legitimacy 1.00).
18:26:42.598 [INFO] (CallToArms) Sturgia answered Northern Empire and declared war on Khuzait.
18:26:42.598 [INFO] (Core) War opened: Khuzait -> Northern Empire (CausedByKingdomDecision => ReclaimAncestralLand, legitimacy 0.70).
18:26:45.009 [INFO] (Treaty) Expired, honoured in full: DefensivePact(Aserai / Northern Empire, Expired)
18:26:47.971 [INFO] (Claims) Sturgia now has a claim to retake Gersegos Castle from Western Empire.
18:26:53.035 [INFO] (Treaty) Expired, honoured in full: Truce(Battania / Khuzait, Expired)
18:26:53.037 [INFO] (Telemetry) [SNAPSHOT] date=Autumn 8, 1097 kingdoms=8 atWar=4 wars=4 longestWarDays=24 avgExhaustion=16.6 claims=77 trustRecords=56 fabrications=0 nonAggressionPact=0 truce=14 defensivePact=4 alliance=3 tributaryPact=1 vassalage=0
18:27:12.593 [INFO] (Treaty) Truce recorded until Autumn 13, 1098 between Western Empire and Northern Empire.
18:27:12.593 [INFO] (Telemetry) [WAR-ENDED] aggressor=Northern_Empire defender=Western_Empire days=29 casusBelli=DefendAlly finalScore=24.7 exhaustion=24.5/44.8 fiefsTaken=0/0 calledBy=Sturgia
18:27:12.593 [INFO] (Core) War closed after 29 days: Northern Empire vs Western Empire [DefendAlly] score=24.71 exhaustion=24.54/44.78 | weariness now Western Empire=100.0, Northern Empire=100.0.
18:27:13.056 [INFO] (Treaty) Signed: DefensivePact(Aserai / Northern Empire, Active)
18:27:13.056 [INFO] (AI) Aserai signed a DefensivePact with Northern Empire (mutual value 57).
18:27:16.599 [INFO] (Claims) Western Empire now has a claim to retake Gersegos Castle from Sturgia.
18:27:21.089 [INFO] (Treaty) Expired, honoured in full: Truce(Battania / Sturgia, Expired)
18:27:21.090 [INFO] (Telemetry) [SNAPSHOT] date=Autumn 15, 1097 kingdoms=8 atWar=4 wars=3 longestWarDays=31 avgExhaustion=23.4 claims=77 trustRecords=56 fabrications=0 nonAggressionPact=0 truce=14 defensivePact=5 alliance=3 tributaryPact=1 vassalage=0
18:27:24.725 [INFO] (Treaty) Truce recorded until Autumn 16, 1098 between Western Empire and Sturgia.
18:27:24.726 [INFO] (Telemetry) [WAR-ENDED] aggressor=Sturgia defender=Western_Empire days=32 casusBelli=Conquest finalScore=12.6 exhaustion=46.0/80.2 fiefsTaken=1/1 calledBy=none
18:27:24.726 [INFO] (Core) War closed after 32 days: Sturgia vs Western Empire [Conquest] score=12.56 exhaustion=45.98/80.17 | weariness now Western Empire=100.0, Sturgia=100.0.
18:27:38.038 [INFO] (Claims) Northern Empire now has a claim to retake Amprela from Khuzait.
18:27:49.136 [INFO] (Telemetry) [SNAPSHOT] date=Winter 1, 1097 kingdoms=8 atWar=3 wars=2 longestWarDays=17 avgExhaustion=12.6 claims=78 trustRecords=56 fabrications=0 nonAggressionPact=0 truce=15 defensivePact=5 alliance=3 tributaryPact=1 vassalage=0
18:28:00.596 [INFO] (Treaty) Truce recorded until Winter 4, 1098 between Sturgia and Khuzait.
18:28:00.598 [INFO] (Telemetry) [WAR-ENDED] aggressor=Sturgia defender=Khuzait days=19 casusBelli=DefendAlly finalScore=-4.9 exhaustion=4.1/2.6 fiefsTaken=0/0 calledBy=Northern_Empire
18:28:00.598 [INFO] (Core) War closed after 19 days: Sturgia vs Khuzait [DefendAlly] score=-4.87 exhaustion=4.12/2.61 | weariness now Sturgia=100.0, Khuzait=92.2.
18:28:00.599 [INFO] (CallToArms) Sturgia leaves the war against Khuzait now that Northern Empire has made peace.
18:28:00.599 [INFO] (Treaty) Truce recorded until Winter 4, 1098 between Northern Empire and Khuzait.
18:28:00.600 [INFO] (Telemetry) [WAR-ENDED] aggressor=Khuzait defender=Northern_Empire days=19 casusBelli=ReclaimAncestralLand finalScore=53.7 exhaustion=18.1/56.4 fiefsTaken=1/0 calledBy=none
18:28:00.600 [INFO] (Core) War closed after 19 days: Khuzait vs Northern Empire [ReclaimAncestralLand] score=53.73 exhaustion=18.11/56.40 | weariness now Northern Empire=100.0, Khuzait=100.0.
18:28:17.138 [INFO] (Telemetry) [SNAPSHOT] date=Winter 8, 1097 kingdoms=8 atWar=0 wars=0 longestWarDays=0 avgExhaustion=0.0 claims=77 trustRecords=56 fabrications=0 nonAggressionPact=0 truce=17 defensivePact=5 alliance=3 tributaryPact=1 vassalage=0
18:28:45.141 [INFO] (Telemetry) [SNAPSHOT] date=Winter 15, 1097 kingdoms=8 atWar=0 wars=0 longestWarDays=0 avgExhaustion=0.0 claims=75 trustRecords=56 fabrications=0 nonAggressionPact=0 truce=17 defensivePact=5 alliance=3 tributaryPact=1 vassalage=0
18:28:49.138 [INFO] (Treaty) Expired, honoured in full: Truce(Khuzait / Western Empire, Expired)
18:29:05.134 [INFO] (Treaty) Expired, honoured in full: TributaryPact(Aserai / Southern Empire, Expired)
18:29:13.137 [INFO] (Telemetry) [SNAPSHOT] date=Spring 1, 1098 kingdoms=8 atWar=0 wars=0 longestWarDays=0 avgExhaustion=0.0 claims=73 trustRecords=56 fabrications=0 nonAggressionPact=0 truce=16 defensivePact=5 alliance=3 tributaryPact=0 vassalage=0
18:29:33.133 [INFO] (Treaty) Expired, honoured in full: Truce(Northern Empire / Vlandia, Expired)
18:29:37.139 [INFO] (Treaty) Expired, honoured in full: Truce(Khuzait / Aserai, Expired)
18:29:41.136 [INFO] (Telemetry) [SNAPSHOT] date=Spring 8, 1098 kingdoms=8 atWar=0 wars=0 longestWarDays=0 avgExhaustion=0.0 claims=73 trustRecords=56 fabrications=0 nonAggressionPact=0 truce=14 defensivePact=5 alliance=3 tributaryPact=0 vassalage=0
18:29:45.145 [INFO] (Treaty) Expired, honoured in full: Truce(Vlandia / Southern Empire, Expired)
18:30:09.140 [INFO] (Treaty) Signed: NonAggressionPact(Vlandia / Southern Empire, Active)
18:30:09.140 [INFO] (AI) Vlandia signed a NonAggressionPact with Southern Empire (mutual value 20).
18:30:09.142 [INFO] (Telemetry) [SNAPSHOT] date=Spring 15, 1098 kingdoms=8 atWar=0 wars=0 longestWarDays=0 avgExhaustion=0.0 claims=70 trustRecords=56 fabrications=0 nonAggressionPact=1 truce=13 defensivePact=5 alliance=3 tributaryPact=0 vassalage=0
18:30:29.144 [INFO] (Treaty) Expired, honoured in full: Truce(Battania / Vlandia, Expired)
18:30:37.141 [INFO] (Treaty) Expired, honoured in full: Truce(Vlandia / Aserai, Expired)
18:30:37.145 [INFO] (Telemetry) [SNAPSHOT] date=Summer 1, 1098 kingdoms=8 atWar=0 wars=0 longestWarDays=0 avgExhaustion=0.0 claims=70 trustRecords=56 fabrications=0 nonAggressionPact=1 truce=11 defensivePact=5 alliance=3 tributaryPact=0 vassalage=0
18:30:49.144 [INFO] (Treaty) Expired, honoured in full: Truce(Western Empire / Aserai, Expired)
18:30:53.139 [INFO] (Treaty) Expired, honoured in full: Truce(Battania / Western Empire, Expired)
18:30:53.140 [INFO] (Treaty) Expired, honoured in full: Truce(Southern Empire / Western Empire, Expired)
18:30:57.145 [INFO] (Treaty) Expired, honoured in full: Truce(Southern Empire / Sturgia, Expired)
18:30:57.146 [INFO] (Treaty) Expired, honoured in full: Truce(Battania / Northern Empire, Expired)
18:31:00.153 [INFO] (Core) War opened: Battania -> Western Empire (CausedByCallToWarAgreement => DefendAlly, legitimacy 1.00).
18:31:00.154 [INFO] (CallToArms) Battania answered Aserai and declared war on Western Empire.
18:31:00.155 [INFO] (Core) War opened: Aserai -> Western Empire (CausedByKingdomDecision => ReclaimAncestralLand, legitimacy 0.70).
18:31:05.150 [INFO] (Telemetry) [SNAPSHOT] date=Summer 8, 1098 kingdoms=8 atWar=3 wars=2 longestWarDays=1 avgExhaustion=0.8 claims=70 trustRecords=56 fabrications=0 nonAggressionPact=1 truce=6 defensivePact=5 alliance=3 tributaryPact=0 vassalage=0
18:31:22.358 [INFO] (Core) War opened: Aserai -> Vlandia (CausedByCallToWarAgreement => DefendAlly, legitimacy 1.00).
18:31:22.359 [INFO] (CallToArms) Aserai answered Battania and declared war on Vlandia.
18:31:22.359 [INFO] (Core) War opened: Vlandia -> Battania (CausedByKingdomDecision => ReclaimAncestralLand, legitimacy 0.70).
18:31:22.984 [INFO] (Treaty) Truce recorded until Summer 13, 1099 between Vlandia and Aserai.
18:31:22.984 [INFO] (Telemetry) [WAR-ENDED] aggressor=Aserai defender=Vlandia days=0 casusBelli=DefendAlly finalScore=0.0 exhaustion=0.0/0.0 fiefsTaken=0/0 calledBy=Battania
18:31:22.984 [INFO] (Core) War closed after 0 days: Aserai vs Vlandia [DefendAlly] score=0.00 exhaustion=0.00/0.00 | weariness now Vlandia=79.0, Aserai=86.0.
18:31:33.154 [INFO] (Telemetry) [SNAPSHOT] date=Summer 15, 1098 kingdoms=8 atWar=4 wars=3 longestWarDays=8 avgExhaustion=6.4 claims=69 trustRecords=56 fabrications=0 nonAggressionPact=1 truce=7 defensivePact=5 alliance=3 tributaryPact=0 vassalage=0
18:31:44.385 [INFO] (Claims) Western Empire now has a claim to retake Veron Castle from Battania.
18:31:45.165 [INFO] (Treaty) Expired, honoured in full: Truce(Western Empire / Vlandia, Expired)
18:31:53.188 [INFO] (Treaty) Expired, honoured in full: Truce(Northern Empire / Southern Empire, Expired)
18:31:57.340 [INFO] (Claims) Western Empire now has a claim to retake Garontor Castle from Aserai.
18:32:01.228 [INFO] (Treaty) Signed: NonAggressionPact(Vlandia / Western Empire, Active)
18:32:01.229 [INFO] (AI) Vlandia signed a NonAggressionPact with Western Empire (mutual value 22).
18:32:01.231 [INFO] (Telemetry) [SNAPSHOT] date=Autumn 1, 1098 kingdoms=8 atWar=4 wars=3 longestWarDays=15 avgExhaustion=17.3 claims=71 trustRecords=56 fabrications=0 nonAggressionPact=2 truce=5 defensivePact=5 alliance=3 tributaryPact=0 vassalage=0
18:32:03.759 [INFO] (Claims) Battania now has a claim to retake Ab Comer Castle from Vlandia.
18:32:09.773 [INFO] (Core) War opened: Aserai -> Sturgia (CausedByCallToWarAgreement => DefendAlly, legitimacy 1.00).
18:32:09.774 [INFO] (CallToArms) Aserai answered Battania and declared war on Sturgia.
18:32:09.774 [INFO] (Core) War opened: Southern Empire -> Sturgia (CausedByCallToWarAgreement => DefendAlly, legitimacy 1.00).
18:32:09.775 [INFO] (CallToArms) Southern Empire answered Battania and declared war on Sturgia.
18:32:09.775 [INFO] (Core) War opened: Northern Empire -> Battania (CausedByCallToWarAgreement => DefendAlly, legitimacy 1.00).
18:32:09.776 [INFO] (CallToArms) Northern Empire answered Sturgia and declared war on Battania.
18:32:09.776 [INFO] (Core) War opened: Sturgia -> Battania (CausedByKingdomDecision => ReclaimAncestralLand, legitimacy 0.70).
18:32:13.191 [INFO] (Treaty) Truce recorded until Autumn 4, 1099 between Southern Empire and Sturgia.
18:32:13.192 [INFO] (Telemetry) [WAR-ENDED] aggressor=Southern_Empire defender=Sturgia days=1 casusBelli=DefendAlly finalScore=0.0 exhaustion=0.0/0.0 fiefsTaken=0/0 calledBy=Battania
18:32:13.192 [INFO] (Core) War closed after 1 days: Southern Empire vs Sturgia [DefendAlly] score=0.00 exhaustion=0.00/0.00 | weariness now Southern Empire=86.5, Sturgia=90.5.
18:32:17.270 [INFO] (Treaty) Signed: DefensivePact(Southern Empire / Battania, Active)
18:32:17.271 [INFO] (AI) Southern Empire signed a DefensivePact with Battania (mutual value 49).
18:32:17.271 [INFO] (Treaty) Expired, honoured in full: DefensivePact(Southern Empire / Aserai, Expired)
18:32:19.153 [INFO] (Treaty) Truce recorded until Autumn 6, 1099 between Sturgia and Aserai.
18:32:19.153 [INFO] (Telemetry) [WAR-ENDED] aggressor=Aserai defender=Sturgia days=2 casusBelli=DefendAlly finalScore=-4.5 exhaustion=0.8/0.3 fiefsTaken=0/0 calledBy=Battania
18:32:19.153 [INFO] (Core) War closed after 2 days: Aserai vs Sturgia [DefendAlly] score=-4.45 exhaustion=0.77/0.31 | weariness now Sturgia=90.4, Aserai=84.3.
18:32:20.818 [INFO] (Treaty) Truce recorded until Autumn 6, 1099 between Battania and Western Empire.
18:32:20.818 [INFO] (Telemetry) [WAR-ENDED] aggressor=Battania defender=Western_Empire days=20 casusBelli=DefendAlly finalScore=-57.3 exhaustion=47.8/39.6 fiefsTaken=1/0 calledBy=Aserai
18:32:20.818 [INFO] (Core) War closed after 20 days: Battania vs Western Empire [DefendAlly] score=-57.28 exhaustion=47.76/39.64 | weariness now Battania=100.0, Western Empire=100.0.
18:32:20.820 [INFO] (CallToArms) Battania leaves the war against Western Empire now that Aserai has made peace.
18:32:20.820 [INFO] (Treaty) Truce recorded until Autumn 6, 1099 between Western Empire and Aserai.
18:32:20.820 [INFO] (Telemetry) [WAR-ENDED] aggressor=Aserai defender=Western_Empire days=20 casusBelli=ReclaimAncestralLand finalScore=3.4 exhaustion=10.5/14.0 fiefsTaken=1/0 calledBy=none
18:32:20.820 [INFO] (Core) War closed after 20 days: Aserai vs Western Empire [ReclaimAncestralLand] score=3.37 exhaustion=10.48/14.02 | weariness now Western Empire=100.0, Aserai=89.6.
18:32:22.618 [INFO] (Treaty) Truce recorded until Autumn 7, 1099 between Battania and Vlandia.
18:32:22.618 [INFO] (Telemetry) [WAR-ENDED] aggressor=Vlandia defender=Battania days=15 casusBelli=ReclaimAncestralLand finalScore=18.5 exhaustion=10.5/28.8 fiefsTaken=1/0 calledBy=none
18:32:22.618 [INFO] (Core) War closed after 15 days: Vlandia vs Battania [ReclaimAncestralLand] score=18.48 exhaustion=10.54/28.84 | weariness now Battania=100.0, Vlandia=82.0.
18:32:24.491 [INFO] (Treaty) Truce recorded until Autumn 7, 1099 between Northern Empire and Battania.
18:32:24.491 [INFO] (Telemetry) [WAR-ENDED] aggressor=Northern_Empire defender=Battania days=4 casusBelli=DefendAlly finalScore=6.2 exhaustion=1.0/2.8 fiefsTaken=0/0 calledBy=Sturgia
18:32:24.492 [INFO] (Core) War closed after 4 days: Northern Empire vs Battania [DefendAlly] score=6.16 exhaustion=1.04/2.77 | weariness now Northern Empire=90.6, Battania=100.0.
18:32:29.273 [INFO] (Telemetry) [SNAPSHOT] date=Autumn 8, 1098 kingdoms=8 atWar=2 wars=1 longestWarDays=5 avgExhaustion=4.2 claims=72 trustRecords=56 fabrications=0 nonAggressionPact=2 truce=11 defensivePact=5 alliance=3 tributaryPact=0 vassalage=0
18:32:33.282 [INFO] (Treaty) Signed: NonAggressionPact(Khuzait / Battania, Active)
18:32:33.283 [INFO] (AI) Khuzait signed a NonAggressionPact with Battania (mutual value 37).
18:32:42.114 [INFO] (Core) War opened: Khuzait -> Aserai (CausedByCallToWarAgreement => DefendAlly, legitimacy 1.00).
18:32:42.115 [INFO] (CallToArms) Khuzait answered Southern Empire and declared war on Aserai.
18:32:42.116 [INFO] (Core) War opened: Aserai -> Southern Empire (CausedByKingdomDecision => ReclaimAncestralLand, legitimacy 0.70).
18:32:45.287 [INFO] (Treaty) Signed: Alliance(Southern Empire / Khuzait, Active)
18:32:45.287 [INFO] (AI) Southern Empire signed a Alliance with Khuzait (mutual value 97).
18:32:49.276 [INFO] (Treaty) Expired, honoured in full: Truce(Western Empire / Northern Empire, Expired)
18:32:57.286 [INFO] (Telemetry) [SNAPSHOT] date=Autumn 15, 1098 kingdoms=8 atWar=5 wars=3 longestWarDays=12 avgExhaustion=8.3 claims=72 trustRecords=56 fabrications=0 nonAggressionPact=3 truce=10 defensivePact=5 alliance=4 tributaryPact=0 vassalage=0
18:33:01.280 [INFO] (Treaty) Expired, honoured in full: Truce(Western Empire / Sturgia, Expired)
18:33:09.285 [INFO] (Treaty) Expired, honoured in full: Alliance(Battania / Aserai, Expired)
18:33:18.524 [INFO] (Claims) Sturgia now has a claim to retake Uthelaim Castle from Battania.
18:33:25.318 [INFO] (Telemetry) [SNAPSHOT] date=Winter 1, 1098 kingdoms=8 atWar=5 wars=3 longestWarDays=19 avgExhaustion=22.0 claims=75 trustRecords=56 fabrications=0 nonAggressionPact=3 truce=9 defensivePact=5 alliance=3 tributaryPact=0 vassalage=0
18:33:32.487 [INFO] (Core) War opened: Northern Empire -> Southern Empire (CausedByKingdomDecision => ReclaimAncestralLand, legitimacy 0.70).
18:33:33.068 [INFO] (Core) War opened: Khuzait -> Western Empire (CausedByCallToWarAgreement => DefendAlly, legitimacy 1.00).
18:33:33.069 [INFO] (CallToArms) Khuzait answered Southern Empire and declared war on Western Empire.
18:33:33.070 [INFO] (Core) War opened: Western Empire -> Southern Empire (CausedByKingdomDecision => ReclaimAncestralLand, legitimacy 0.70).
18:33:33.310 [INFO] (Treaty) Signed: DefensivePact(Western Empire / Aserai, Active)
18:33:33.310 [INFO] (AI) Western Empire signed a DefensivePact with Aserai (mutual value 67).
18:33:35.912 [INFO] (Claims) Khuzait now has a claim to retake Husn Fulq from Aserai.
18:33:38.746 [INFO] (Treaty) Expired, honoured in full: Truce(Sturgia / Khuzait, Expired)
18:33:38.746 [INFO] (Treaty) Expired, honoured in full: Truce(Northern Empire / Khuzait, Expired)
18:33:40.338 [INFO] (Treaty) Truce recorded until Winter 5, 1099 between Khuzait and Western Empire.
18:33:40.339 [INFO] (Telemetry) [WAR-ENDED] aggressor=Khuzait defender=Western_Empire days=1 casusBelli=DefendAlly finalScore=0.0 exhaustion=0.2/0.2 fiefsTaken=0/0 calledBy=Southern_Empire
18:33:40.339 [INFO] (Core) War closed after 1 days: Khuzait vs Western Empire [DefendAlly] score=0.00 exhaustion=0.16/0.16 | weariness now Khuzait=87.3, Western Empire=97.1.
18:33:46.773 [INFO] (Treaty) Signed: Alliance(Aserai / Northern Empire, Active)
18:33:46.773 [INFO] (AI) Aserai signed a Alliance with Northern Empire (mutual value 90).
18:33:54.777 [INFO] (Telemetry) [SNAPSHOT] date=Winter 8, 1098 kingdoms=8 atWar=7 wars=5 longestWarDays=26 avgExhaustion=19.0 claims=76 trustRecords=56 fabrications=0 nonAggressionPact=3 truce=8 defensivePact=6 alliance=4 tributaryPact=0 vassalage=0
18:34:02.780 [INFO] (Treaty) Signed: DefensivePact(Western Empire / Northern Empire, Active)
18:34:02.780 [INFO] (AI) Western Empire signed a DefensivePact with Northern Empire (mutual value 62).
18:34:14.783 [INFO] (Treaty) Expired, honoured in full: DefensivePact(Southern Empire / Khuzait, Expired)
18:34:17.817 [INFO] (Claims) Aserai now has a claim to retake Lavenia Castle from Southern Empire.
18:34:22.824 [INFO] (Telemetry) [SNAPSHOT] date=Winter 15, 1098 kingdoms=8 atWar=7 wars=5 longestWarDays=33 avgExhaustion=28.3 claims=79 trustRecords=56 fabrications=0 nonAggressionPact=3 truce=8 defensivePact=6 alliance=4 tributaryPact=0 vassalage=0
18:34:26.820 [INFO] (Treaty) Signed: DefensivePact(Khuzait / Southern Empire, Active)
18:34:26.821 [INFO] (AI) Khuzait signed a DefensivePact with Southern Empire (mutual value 61).
18:34:27.582 [INFO] (Claims) Aserai now has a claim to retake Danustica from Khuzait.
18:34:30.922 [INFO] (Treaty) Truce recorded until Winter 17, 1099 between Khuzait and Aserai.
18:34:30.922 [INFO] (Telemetry) [WAR-ENDED] aggressor=Khuzait defender=Aserai days=27 casusBelli=DefendAlly finalScore=36.3 exhaustion=27.8/58.3 fiefsTaken=1/1 calledBy=Southern_Empire
18:34:30.922 [INFO] (Core) War closed after 27 days: Khuzait vs Aserai [DefendAlly] score=36.29 exhaustion=27.84/58.29 | weariness now Khuzait=99.3, Aserai=100.0.
18:34:30.927 [INFO] (CallToArms) Khuzait leaves the war against Aserai now that Southern Empire has made peace.
18:34:30.927 [INFO] (Treaty) Truce recorded until Winter 17, 1099 between Southern Empire and Aserai.
18:34:30.927 [INFO] (Telemetry) [WAR-ENDED] aggressor=Aserai defender=Southern_Empire days=27 casusBelli=ReclaimAncestralLand finalScore=-27.5 exhaustion=21.8/35.9 fiefsTaken=0/1 calledBy=none
18:34:30.927 [INFO] (Core) War closed after 27 days: Aserai vs Southern Empire [ReclaimAncestralLand] score=-27.53 exhaustion=21.77/35.88 | weariness now Southern Empire=99.2, Aserai=100.0.
18:34:33.928 [INFO] (Core) War opened: Northern Empire -> Khuzait (CausedByCallToWarAgreement => DefendAlly, legitimacy 1.00).
18:34:33.929 [INFO] (CallToArms) Northern Empire answered Sturgia and declared war on Khuzait.
18:34:33.929 [INFO] (Core) War opened: Khuzait -> Sturgia (CausedByKingdomDecision => ReclaimAncestralLand, legitimacy 0.70).
18:34:34.877 [INFO] (Treaty) Signed: Alliance(Battania / Khuzait, Active)
18:34:34.878 [INFO] (AI) Battania signed a Alliance with Khuzait (mutual value 74).
18:34:34.929 [INFO] (Treaty) Truce recorded until Winter 18, 1099 between Southern Empire and Northern Empire.
18:34:34.929 [INFO] (Telemetry) [WAR-ENDED] aggressor=Northern_Empire defender=Southern_Empire days=15 casusBelli=ReclaimAncestralLand finalScore=46.9 exhaustion=12.8/37.1 fiefsTaken=0/0 calledBy=none
18:34:34.929 [INFO] (Core) War closed after 15 days: Northern Empire vs Southern Empire [ReclaimAncestralLand] score=46.92 exhaustion=12.82/37.10 | weariness now Southern Empire=100.0, Northern Empire=92.1.
18:34:42.886 [INFO] (Treaty) Signed: TributaryPact(Aserai / Southern Empire, Active) tribute 500 from Southern Empire every 7 days
18:34:42.887 [INFO] (AI) Aserai imposed a tributary pact on Southern Empire.
18:34:46.888 [INFO] (Treaty) Truce recorded until Winter 21, 1099 between Battania and Sturgia.
18:34:46.888 [INFO] (Telemetry) [WAR-ENDED] aggressor=Sturgia defender=Battania days=39 casusBelli=ReclaimAncestralLand finalScore=1.6 exhaustion=70.4/50.5 fiefsTaken=0/1 calledBy=none
18:34:46.889 [INFO] (Core) War closed after 39 days: Sturgia vs Battania [ReclaimAncestralLand] score=1.57 exhaustion=70.45/50.51 | weariness now Battania=100.0, Sturgia=100.0.
18:34:46.891 [INFO] (Peace) Battania and Sturgia made peace: white peace.
18:34:46.891 [INFO] (AI) Sturgia sued for peace with Battania at exhaustion 70.4: white peace.
18:34:50.899 [INFO] (Treaty) Signed: TributaryPact(Northern Empire / Southern Empire, Active) tribute 500 from Southern Empire every 7 days
18:34:50.899 [INFO] (AI) Northern Empire imposed a tributary pact on Southern Empire.
18:34:50.903 [INFO] (Telemetry) [SNAPSHOT] date=Spring 1, 1099 kingdoms=8 atWar=5 wars=3 longestWarDays=19 avgExhaustion=12.7 claims=80 trustRecords=56 fabrications=0 nonAggressionPact=3 truce=12 defensivePact=7 alliance=5 tributaryPact=2 vassalage=0
18:35:18.895 [INFO] (Treaty) Signed: TributaryPact(Vlandia / Western Empire, Active) tribute 500 from Western Empire every 7 days
18:35:18.895 [INFO] (AI) Vlandia imposed a tributary pact on Western Empire.
18:35:18.898 [INFO] (Telemetry) [SNAPSHOT] date=Spring 8, 1099 kingdoms=8 atWar=5 wars=3 longestWarDays=26 avgExhaustion=20.0 claims=82 trustRecords=56 fabrications=0 nonAggressionPact=3 truce=12 defensivePact=7 alliance=5 tributaryPact=3 vassalage=0
18:35:46.938 [INFO] (Telemetry) [SNAPSHOT] date=Spring 15, 1099 kingdoms=8 atWar=5 wars=3 longestWarDays=33 avgExhaustion=34.8 claims=82 trustRecords=56 fabrications=0 nonAggressionPact=3 truce=12 defensivePact=7 alliance=5 tributaryPact=3 vassalage=0
18:35:54.928 [INFO] (Treaty) Truce recorded until Spring 17, 1100 between Southern Empire and Western Empire.
18:35:54.928 [INFO] (Telemetry) [WAR-ENDED] aggressor=Western_Empire defender=Southern_Empire days=35 casusBelli=ReclaimAncestralLand finalScore=-24.9 exhaustion=79.1/65.9 fiefsTaken=0/0 calledBy=none
18:35:54.928 [INFO] (Core) War closed after 35 days: Western Empire vs Southern Empire [ReclaimAncestralLand] score=-24.93 exhaustion=79.13/65.86 | weariness now Southern Empire=100.0, Western Empire=100.0.
18:35:54.931 [INFO] (Peace) Southern Empire and Western Empire made peace: white peace.
18:35:54.931 [INFO] (AI) Western Empire sued for peace with Southern Empire at exhaustion 79.0: white peace.
18:36:14.945 [INFO] (Telemetry) [SNAPSHOT] date=Summer 1, 1099 kingdoms=8 atWar=3 wars=2 longestWarDays=25 avgExhaustion=24.1 claims=82 trustRecords=56 fabrications=0 nonAggressionPact=3 truce=13 defensivePact=7 alliance=5 tributaryPact=3 vassalage=0
18:36:42.962 [INFO] (Treaty) Truce recorded until Summer 8, 1100 between Khuzait and Northern Empire.
18:36:42.962 [INFO] (Telemetry) [WAR-ENDED] aggressor=Northern_Empire defender=Khuzait days=32 casusBelli=DefendAlly finalScore=-31.2 exhaustion=64.7/40.5 fiefsTaken=0/0 calledBy=Sturgia
18:36:42.962 [INFO] (Core) War closed after 32 days: Northern Empire vs Khuzait [DefendAlly] score=-31.23 exhaustion=64.74/40.49 | weariness now Khuzait=100.0, Northern Empire=100.0.
18:36:42.964 [INFO] (Peace) Khuzait and Northern Empire made peace: white peace.
18:36:42.965 [INFO] (AI) Northern Empire sued for peace with Khuzait at exhaustion 64.7: white peace.
18:36:42.965 [INFO] (Treaty) Expired, honoured in full: DefensivePact(Sturgia / Northern Empire, Expired)
18:36:42.966 [INFO] (Telemetry) [SNAPSHOT] date=Summer 8, 1099 kingdoms=8 atWar=2 wars=1 longestWarDays=32 avgExhaustion=10.4 claims=80 trustRecords=56 fabrications=0 nonAggressionPact=3 truce=14 defensivePact=6 alliance=5 tributaryPact=3 vassalage=0
18:36:59.023 [INFO] (Treaty) Signed: DefensivePact(Southern Empire / Sturgia, Active)
18:36:59.023 [INFO] (AI) Southern Empire signed a DefensivePact with Sturgia (mutual value 45).
18:37:03.018 [INFO] (Treaty) Expired, honoured in full: Truce(Vlandia / Aserai, Expired)
18:37:11.022 [INFO] (Telemetry) [SNAPSHOT] date=Summer 15, 1099 kingdoms=8 atWar=2 wars=1 longestWarDays=39 avgExhaustion=14.2 claims=80 trustRecords=56 fabrications=0 nonAggressionPact=3 truce=13 defensivePact=7 alliance=5 tributaryPact=3 vassalage=0
18:37:39.065 [INFO] (Telemetry) [SNAPSHOT] date=Autumn 1, 1099 kingdoms=8 atWar=2 wars=1 longestWarDays=46 avgExhaustion=19.1 claims=81 trustRecords=56 fabrications=0 nonAggressionPact=3 truce=13 defensivePact=7 alliance=5 tributaryPact=3 vassalage=0
18:37:51.061 [INFO] (Treaty) Expired, honoured in full: Truce(Southern Empire / Sturgia, Expired)
18:37:59.063 [INFO] (Treaty) Expired, honoured in full: Truce(Sturgia / Aserai, Expired)
18:37:59.064 [INFO] (Treaty) Expired, honoured in full: Truce(Battania / Western Empire, Expired)
18:37:59.064 [INFO] (Treaty) Expired, honoured in full: Truce(Western Empire / Aserai, Expired)
18:38:03.060 [INFO] (Treaty) Expired, honoured in full: Truce(Battania / Vlandia, Expired)
18:38:03.060 [INFO] (Treaty) Expired, honoured in full: Truce(Northern Empire / Battania, Expired)
18:38:07.069 [INFO] (Telemetry) [SNAPSHOT] date=Autumn 8, 1099 kingdoms=8 atWar=2 wars=1 longestWarDays=53 avgExhaustion=38.4 claims=79 trustRecords=56 fabrications=0 nonAggressionPact=3 truce=7 defensivePact=7 alliance=5 tributaryPact=3 vassalage=0
18:38:15.063 [INFO] (Treaty) Signed: NonAggressionPact(Western Empire / Battania, Active)
18:38:15.064 [INFO] (AI) Western Empire signed a NonAggressionPact with Battania (mutual value 34).
18:38:20.390 [INFO] (Core) War opened: Battania -> Northern Empire (CausedByKingdomDecision => Conquest, legitimacy 0.20).
18:38:35.060 [INFO] (Telemetry) [SNAPSHOT] date=Autumn 15, 1099 kingdoms=8 atWar=4 wars=2 longestWarDays=60 avgExhaustion=26.0 claims=75 trustRecords=56 fabrications=0 nonAggressionPact=4 truce=7 defensivePact=7 alliance=5 tributaryPact=3 vassalage=0
18:38:59.062 [INFO] (Treaty) Truce recorded until Autumn 21, 1100 between Khuzait and Sturgia.
18:38:59.062 [INFO] (Telemetry) [WAR-ENDED] aggressor=Khuzait defender=Sturgia days=66 casusBelli=ReclaimAncestralLand finalScore=74.9 exhaustion=39.2/64.9 fiefsTaken=0/0 calledBy=none
18:38:59.063 [INFO] (Core) War closed after 66 days: Khuzait vs Sturgia [ReclaimAncestralLand] score=74.89 exhaustion=39.16/64.92 | weariness now Khuzait=100.0, Sturgia=100.0.
18:38:59.064 [INFO] (Peace) Khuzait and Sturgia made peace: white peace.
18:38:59.064 [INFO] (AI) Sturgia sued for peace with Khuzait at exhaustion 64.4: white peace.
18:39:03.060 [INFO] (Telemetry) [SNAPSHOT] date=Winter 1, 1099 kingdoms=8 atWar=2 wars=1 longestWarDays=11 avgExhaustion=10.9 claims=76 trustRecords=56 fabrications=0 nonAggressionPact=4 truce=8 defensivePact=7 alliance=5 tributaryPact=3 vassalage=0
18:39:04.312 [INFO] (Core) War opened: Battania -> Vlandia (CausedByCallToWarAgreement => DefendAlly, legitimacy 1.00).
18:39:04.313 [INFO] (CallToArms) Battania answered Aserai and declared war on Vlandia.
18:39:04.313 [INFO] (Core) War opened: Northern Empire -> Vlandia (CausedByCallToWarAgreement => DefendAlly, legitimacy 1.00).
18:39:04.314 [INFO] (CallToArms) Northern Empire answered Aserai and declared war on Vlandia.
18:39:04.314 [INFO] (Core) War opened: Vlandia -> Aserai (CausedByKingdomDecision => ReclaimAncestralLand, legitimacy 0.70).
18:39:10.327 [INFO] (Treaty) Truce recorded until Winter 3, 1100 between Northern Empire and Vlandia.
18:39:10.328 [INFO] (Telemetry) [WAR-ENDED] aggressor=Northern_Empire defender=Vlandia days=2 casusBelli=DefendAlly finalScore=0.0 exhaustion=0.1/0.1 fiefsTaken=0/0 calledBy=Aserai
18:39:10.328 [INFO] (Core) War closed after 2 days: Northern Empire vs Vlandia [DefendAlly] score=0.00 exhaustion=0.08/0.08 | weariness now Northern Empire=94.5, Vlandia=66.9.
18:39:13.222 [INFO] (Claims) Battania now has a claim to retake Uthelaim Castle from Northern Empire.
18:39:19.098 [INFO] (Treaty) Expired, honoured in full: Truce(Khuzait / Western Empire, Expired)
18:39:31.106 [INFO] (Telemetry) [SNAPSHOT] date=Winter 8, 1099 kingdoms=8 atWar=4 wars=3 longestWarDays=18 avgExhaustion=10.4 claims=79 trustRecords=56 fabrications=0 nonAggressionPact=4 truce=8 defensivePact=7 alliance=5 tributaryPact=3 vassalage=0
18:39:43.108 [INFO] (Treaty) Expired, honoured in full: DefensivePact(Battania / Aserai, Expired)
18:39:51.829 [INFO] (Claims) Vlandia now has a claim to retake Thractorae Castle from Battania.
18:39:52.211 [INFO] (Treaty) Truce recorded until Winter 13, 1100 between Battania and Vlandia.
18:39:52.212 [INFO] (Telemetry) [WAR-ENDED] aggressor=Battania defender=Vlandia days=12 casusBelli=DefendAlly finalScore=-6.0 exhaustion=28.3/14.1 fiefsTaken=1/0 calledBy=Aserai
18:39:52.212 [INFO] (Core) War closed after 12 days: Battania vs Vlandia [DefendAlly] score=-5.98 exhaustion=28.32/14.08 | weariness now Battania=100.0, Vlandia=72.3.
18:39:52.213 [INFO] (CallToArms) Battania leaves the war against Vlandia now that Aserai has made peace.
18:39:52.214 [INFO] (Treaty) Truce recorded until Winter 13, 1100 between Vlandia and Aserai.
18:39:52.214 [INFO] (Telemetry) [WAR-ENDED] aggressor=Vlandia defender=Aserai days=12 casusBelli=ReclaimAncestralLand finalScore=-10.8 exhaustion=8.5/1.8 fiefsTaken=0/0 calledBy=none
18:39:52.214 [INFO] (Core) War closed after 12 days: Vlandia vs Aserai [ReclaimAncestralLand] score=-10.75 exhaustion=8.53/1.80 | weariness now Vlandia=76.6, Aserai=88.9.
18:39:59.144 [INFO] (Telemetry) [SNAPSHOT] date=Winter 15, 1099 kingdoms=8 atWar=2 wars=1 longestWarDays=25 avgExhaustion=29.1 claims=80 trustRecords=56 fabrications=0 nonAggressionPact=4 truce=10 defensivePact=6 alliance=5 tributaryPact=3 vassalage=0
18:40:11.142 [INFO] (Treaty) Signed: DefensivePact(Battania / Aserai, Active)
18:40:11.143 [INFO] (AI) Battania signed a DefensivePact with Aserai (mutual value 55).
18:40:11.143 [INFO] (Treaty) Expired, honoured in full: Truce(Khuzait / Aserai, Expired)
18:40:11.143 [INFO] (Treaty) Expired, honoured in full: Truce(Southern Empire / Aserai, Expired)
18:40:15.145 [INFO] (Treaty) Expired, honoured in full: Alliance(Battania / Southern Empire, Expired)
18:40:15.145 [INFO] (Treaty) Expired, honoured in full: Truce(Southern Empire / Northern Empire, Expired)
18:40:27.147 [INFO] (Treaty) Expired, honoured in full: Truce(Battania / Sturgia, Expired)
18:40:27.151 [INFO] (Telemetry) [SNAPSHOT] date=Spring 1, 1100 kingdoms=8 atWar=2 wars=1 longestWarDays=32 avgExhaustion=38.5 claims=79 trustRecords=56 fabrications=0 nonAggressionPact=4 truce=6 defensivePact=7 alliance=4 tributaryPact=3 vassalage=0
18:40:55.160 [INFO] (Treaty) Truce recorded until Spring 8, 1101 between Battania and Northern Empire.
18:40:55.160 [INFO] (Telemetry) [WAR-ENDED] aggressor=Battania defender=Northern_Empire days=39 casusBelli=Conquest finalScore=-2.2 exhaustion=51.9/62.6 fiefsTaken=0/1 calledBy=none
18:40:55.160 [INFO] (Core) War closed after 39 days: Battania vs Northern Empire [Conquest] score=-2.23 exhaustion=51.93/62.56 | weariness now Battania=100.0, Northern Empire=100.0.
18:40:55.162 [INFO] (Peace) Battania and Northern Empire made peace: white peace.
18:40:55.162 [INFO] (AI) Northern Empire sued for peace with Battania at exhaustion 62.4: white peace.
18:40:55.165 [INFO] (Telemetry) [SNAPSHOT] date=Spring 8, 1100 kingdoms=8 atWar=0 wars=0 longestWarDays=0 avgExhaustion=0.0 claims=79 trustRecords=56 fabrications=0 nonAggressionPact=4 truce=7 defensivePact=7 alliance=4 tributaryPact=3 vassalage=0
18:41:23.159 [INFO] (Treaty) Expired, honoured in full: NonAggressionPact(Vlandia / Southern Empire, Expired)
18:41:23.161 [INFO] (Telemetry) [SNAPSHOT] date=Spring 15, 1100 kingdoms=8 atWar=0 wars=0 longestWarDays=0 avgExhaustion=0.0 claims=79 trustRecords=56 fabrications=0 nonAggressionPact=3 truce=7 defensivePact=7 alliance=4 tributaryPact=3 vassalage=0
18:41:31.162 [INFO] (Treaty) Expired, honoured in full: Truce(Southern Empire / Western Empire, Expired)
18:41:51.157 [INFO] (Treaty) Signed: NonAggressionPact(Vlandia / Southern Empire, Active)
18:41:51.157 [INFO] (AI) Vlandia signed a NonAggressionPact with Southern Empire (mutual value 26).
18:41:51.161 [INFO] (Telemetry) [SNAPSHOT] date=Summer 1, 1100 kingdoms=8 atWar=0 wars=0 longestWarDays=0 avgExhaustion=0.0 claims=79 trustRecords=56 fabrications=0 nonAggressionPact=4 truce=6 defensivePact=7 alliance=4 tributaryPact=3 vassalage=0
18:42:06.889 [INFO] (Core) War opened: Khuzait -> Western Empire (CausedByCallToWarAgreement => DefendAlly, legitimacy 1.00).
18:42:06.890 [INFO] (CallToArms) Khuzait answered Southern Empire and declared war on Western Empire.
18:42:06.890 [INFO] (Core) War opened: Sturgia -> Western Empire (CausedByCallToWarAgreement => DefendAlly, legitimacy 1.00).
18:42:06.891 [INFO] (CallToArms) Sturgia answered Southern Empire and declared war on Western Empire.
18:42:06.891 [INFO] (Core) War opened: Western Empire -> Southern Empire (CausedByKingdomDecision => ReclaimAncestralLand, legitimacy 0.70).
18:42:07.155 [INFO] (Treaty) Signed: Alliance(Southern Empire / Sturgia, Active)
18:42:07.155 [INFO] (AI) Southern Empire signed a Alliance with Sturgia (mutual value 107).
18:42:08.969 [INFO] (Treaty) Truce recorded until Summer 6, 1101 between Khuzait and Western Empire.
18:42:08.969 [INFO] (Telemetry) [WAR-ENDED] aggressor=Khuzait defender=Western_Empire days=1 casusBelli=DefendAlly finalScore=-2.0 exhaustion=0.4/0.2 fiefsTaken=0/0 calledBy=Southern_Empire
18:42:08.969 [INFO] (Core) War closed after 1 days: Khuzait vs Western Empire [DefendAlly] score=-2.04 exhaustion=0.36/0.19 | weariness now Khuzait=93.0, Western Empire=86.0.
18:42:19.158 [INFO] (Treaty) Expired, honoured in full: Truce(Khuzait / Northern Empire, Expired)
18:42:19.160 [INFO] (Telemetry) [SNAPSHOT] date=Summer 8, 1100 kingdoms=8 atWar=3 wars=2 longestWarDays=3 avgExhaustion=4.6 claims=79 trustRecords=56 fabrications=0 nonAggressionPact=4 truce=6 defensivePact=7 alliance=5 tributaryPact=3 vassalage=0
18:42:28.846 [INFO] (Core) War opened: Aserai -> Khuzait (CausedByCallToWarAgreement => DefendAlly, legitimacy 1.00).
18:42:28.847 [INFO] (CallToArms) Aserai answered Northern Empire and declared war on Khuzait.
18:42:28.847 [INFO] (Core) War opened: Khuzait -> Northern Empire (CausedByKingdomDecision => ReclaimAncestralLand, legitimacy 0.70).
18:42:43.205 [INFO] (Claims) Sturgia now has a claim to retake Gersegos Castle from Western Empire.
18:42:47.055 [INFO] (Treaty) Truce recorded until Summer 15, 1101 between Western Empire and Sturgia.
18:42:47.055 [INFO] (Telemetry) [WAR-ENDED] aggressor=Sturgia defender=Western_Empire days=10 casusBelli=DefendAlly finalScore=-19.4 exhaustion=15.8/11.1 fiefsTaken=0/1 calledBy=Southern_Empire
18:42:47.055 [INFO] (Core) War closed after 10 days: Sturgia vs Western Empire [DefendAlly] score=-19.43 exhaustion=15.77/11.12 | weariness now Western Empire=90.2, Sturgia=99.3.
18:42:47.211 [INFO] (Treaty) Expired, honoured in full: Alliance(Northern Empire / Sturgia, Expired)
18:42:47.214 [INFO] (Telemetry) [SNAPSHOT] date=Summer 15, 1100 kingdoms=8 atWar=5 wars=3 longestWarDays=10 avgExhaustion=9.3 claims=81 trustRecords=56 fabrications=0 nonAggressionPact=4 truce=7 defensivePact=7 alliance=4 tributaryPact=3 vassalage=0
18:43:05.829 [INFO] (Claims) Khuzait now has a claim to retake Amprela from Northern Empire.
18:43:11.242 [INFO] (Treaty) Signed: Alliance(Sturgia / Northern Empire, Active)
18:43:11.242 [INFO] (AI) Sturgia signed a Alliance with Northern Empire (mutual value 73).
18:43:15.245 [INFO] (Telemetry) [SNAPSHOT] date=Autumn 1, 1100 kingdoms=8 atWar=5 wars=3 longestWarDays=17 avgExhaustion=17.0 claims=81 trustRecords=56 fabrications=0 nonAggressionPact=4 truce=7 defensivePact=7 alliance=5 tributaryPact=3 vassalage=0
18:43:19.253 [INFO] (Treaty) Expired, honoured in full: NonAggressionPact(Vlandia / Western Empire, Expired)
18:43:39.257 [INFO] (Treaty) Signed: DefensivePact(Sturgia / Northern Empire, Active)
18:43:39.257 [INFO] (AI) Sturgia signed a DefensivePact with Northern Empire (mutual value 70).
18:43:41.572 [INFO] (Claims) Khuzait now has a claim to retake Syratos Castle from Northern Empire.
18:43:43.291 [INFO] (Telemetry) [SNAPSHOT] date=Autumn 8, 1100 kingdoms=8 atWar=5 wars=3 longestWarDays=24 avgExhaustion=34.3 claims=83 trustRecords=56 fabrications=0 nonAggressionPact=3 truce=7 defensivePact=8 alliance=5 tributaryPact=3 vassalage=0
18:43:51.291 [INFO] (Treaty) Truce recorded until Autumn 10, 1101 between Southern Empire and Western Empire.
18:43:51.292 [INFO] (Telemetry) [WAR-ENDED] aggressor=Western_Empire defender=Southern_Empire days=26 casusBelli=ReclaimAncestralLand finalScore=-45.6 exhaustion=72.8/56.1 fiefsTaken=0/0 calledBy=none
18:43:51.292 [INFO] (Core) War closed after 26 days: Western Empire vs Southern Empire [ReclaimAncestralLand] score=-45.65 exhaustion=72.77/56.06 | weariness now Southern Empire=100.0, Western Empire=100.0.
18:43:51.297 [INFO] (Peace) Southern Empire and Western Empire made peace: white peace.
18:43:51.297 [INFO] (AI) Western Empire sued for peace with Southern Empire at exhaustion 71.5: white peace.
18:43:51.297 [INFO] (Treaty) Expired, honoured in full: NonAggressionPact(Khuzait / Battania, Expired)
18:44:07.297 [INFO] (Treaty) Expired, honoured in full: DefensivePact(Aserai / Northern Empire, Expired)
18:44:11.302 [INFO] (Telemetry) [SNAPSHOT] date=Autumn 15, 1100 kingdoms=8 atWar=3 wars=2 longestWarDays=26 avgExhaustion=32.5 claims=82 trustRecords=56 fabrications=0 nonAggressionPact=2 truce=8 defensivePact=7 alliance=5 tributaryPact=3 vassalage=0
18:44:11.949 [INFO] (Claims) Khuzait now has a claim to retake Danustica from Aserai.
18:44:35.352 [INFO] (Treaty) Expired, honoured in full: Truce(Khuzait / Sturgia, Expired)
18:44:39.355 [INFO] (Telemetry) [SNAPSHOT] date=Winter 1, 1100 kingdoms=8 atWar=3 wars=2 longestWarDays=33 avgExhaustion=40.8 claims=82 trustRecords=56 fabrications=0 nonAggressionPact=2 truce=7 defensivePact=7 alliance=5 tributaryPact=3 vassalage=0
18:44:47.355 [INFO] (Treaty) Expired, honoured in full: Truce(Northern Empire / Vlandia, Expired)
18:45:07.354 [INFO] (Telemetry) [SNAPSHOT] date=Winter 8, 1100 kingdoms=8 atWar=3 wars=2 longestWarDays=40 avgExhaustion=46.2 claims=81 trustRecords=56 fabrications=0 nonAggressionPact=2 truce=6 defensivePact=7 alliance=5 tributaryPact=3 vassalage=0
18:45:17.332 [INFO] (Treaty) Truce recorded until Winter 11, 1101 between Khuzait and Aserai.
18:45:17.332 [INFO] (Telemetry) [WAR-ENDED] aggressor=Aserai defender=Khuzait days=42 casusBelli=DefendAlly finalScore=30.1 exhaustion=27.5/53.2 fiefsTaken=1/0 calledBy=Northern_Empire
18:45:17.332 [INFO] (Core) War closed after 42 days: Aserai vs Khuzait [DefendAlly] score=30.12 exhaustion=27.47/53.15 | weariness now Khuzait=100.0, Aserai=90.5.
18:45:31.353 [INFO] (Treaty) Expired, honoured in full: Truce(Battania / Vlandia, Expired)
18:45:31.354 [INFO] (Treaty) Expired, honoured in full: Truce(Vlandia / Aserai, Expired)
18:45:35.355 [INFO] (Treaty) Truce recorded until Winter 15, 1101 between Khuzait and Northern Empire.
18:45:35.355 [INFO] (Telemetry) [WAR-ENDED] aggressor=Khuzait defender=Northern_Empire days=47 casusBelli=ReclaimAncestralLand finalScore=32.6 exhaustion=83.3/75.1 fiefsTaken=0/2 calledBy=none
18:45:35.355 [INFO] (Core) War closed after 47 days: Khuzait vs Northern Empire [ReclaimAncestralLand] score=32.61 exhaustion=83.28/75.06 | weariness now Khuzait=100.0, Northern Empire=100.0.
18:45:35.358 [INFO] (Peace) Khuzait and Northern Empire made peace: white peace.
18:45:35.358 [INFO] (AI) Northern Empire sued for peace with Khuzait at exhaustion 63.8: white peace.
18:45:35.360 [INFO] (Telemetry) [SNAPSHOT] date=Winter 15, 1100 kingdoms=8 atWar=0 wars=0 longestWarDays=0 avgExhaustion=0.0 claims=81 trustRecords=56 fabrications=0 nonAggressionPact=2 truce=6 defensivePact=7 alliance=5 tributaryPact=3 vassalage=0
18:45:55.356 [INFO] (Treaty) Expired, honoured in full: TributaryPact(Aserai / Southern Empire, Expired)
18:46:03.358 [INFO] (Telemetry) [SNAPSHOT] date=Spring 1, 1101 kingdoms=8 atWar=0 wars=0 longestWarDays=0 avgExhaustion=0.0 claims=81 trustRecords=56 fabrications=0 nonAggressionPact=2 truce=6 defensivePact=7 alliance=5 tributaryPact=2 vassalage=0
18:46:07.355 [INFO] (Treaty) Expired, honoured in full: TributaryPact(Northern Empire / Southern Empire, Expired)
18:46:29.258 [INFO] (Core) War opened: Khuzait -> Vlandia (CausedByCallToWarAgreement => DefendAlly, legitimacy 1.00).
18:46:29.259 [INFO] (CallToArms) Khuzait answered Battania and declared war on Vlandia.
18:46:29.259 [INFO] (Core) War opened: Aserai -> Vlandia (CausedByCallToWarAgreement => DefendAlly, legitimacy 1.00).
18:46:29.260 [INFO] (CallToArms) Aserai answered Battania and declared war on Vlandia.
18:46:29.260 [INFO] (Core) War opened: Vlandia -> Battania (CausedByKingdomDecision => ReclaimAncestralLand, legitimacy 0.70).
18:46:30.423 [INFO] (Treaty) Truce recorded until Spring 8, 1102 between Aserai and Vlandia.
18:46:30.423 [INFO] (Telemetry) [WAR-ENDED] aggressor=Aserai defender=Vlandia days=0 casusBelli=DefendAlly finalScore=0.0 exhaustion=0.0/0.0 fiefsTaken=0/0 calledBy=Battania
18:46:30.423 [INFO] (Core) War closed after 0 days: Aserai vs Vlandia [DefendAlly] score=0.00 exhaustion=0.00/0.00 | weariness now Aserai=87.8, Vlandia=61.7.
18:46:30.673 [INFO] (Core) War opened: Aserai -> Southern Empire (CausedByCallToWarAgreement => DefendAlly, legitimacy 1.00).
18:46:30.674 [INFO] (CallToArms) Aserai answered Northern Empire and declared war on Southern Empire.
18:46:30.674 [INFO] (Core) War opened: Northern Empire -> Southern Empire (CausedByKingdomDecision => ReclaimAncestralLand, legitimacy 0.70).
18:46:31.360 [INFO] (Treaty) Expired, honoured in full: TributaryPact(Vlandia / Western Empire, Expired)
18:46:31.362 [INFO] (Telemetry) [SNAPSHOT] date=Spring 8, 1101 kingdoms=8 atWar=6 wars=4 longestWarDays=1 avgExhaustion=0.1 claims=81 trustRecords=56 fabrications=0 nonAggressionPact=2 truce=7 defensivePact=7 alliance=5 tributaryPact=0 vassalage=0
18:46:33.172 [INFO] (Treaty) Truce recorded until Spring 9, 1102 between Khuzait and Vlandia.
18:46:33.172 [INFO] (Telemetry) [WAR-ENDED] aggressor=Khuzait defender=Vlandia days=1 casusBelli=DefendAlly finalScore=0.0 exhaustion=0.1/0.1 fiefsTaken=0/0 calledBy=Battania
18:46:33.172 [INFO] (Core) War closed after 1 days: Khuzait vs Vlandia [DefendAlly] score=0.00 exhaustion=0.08/0.08 | weariness now Khuzait=97.8, Vlandia=61.6.
18:46:35.361 [INFO] (Treaty) Expired, honoured in full: Truce(Battania / Northern Empire, Expired)
18:46:59.364 [INFO] (Telemetry) [SNAPSHOT] date=Spring 15, 1101 kingdoms=8 atWar=5 wars=3 longestWarDays=8 avgExhaustion=7.7 claims=81 trustRecords=56 fabrications=0 nonAggressionPact=2 truce=7 defensivePact=7 alliance=5 tributaryPact=0 vassalage=0
18:47:07.355 [INFO] (Treaty) Signed: TributaryPact(Western Empire / Southern Empire, Active) tribute 500 from Southern Empire every 7 days
18:47:07.357 [INFO] (AI) Western Empire imposed a tributary pact on Southern Empire.
18:47:19.920 [INFO] (Core) War opened: Khuzait -> Sturgia (CausedByCallToWarAgreement => DefendAlly, legitimacy 1.00).
18:47:19.921 [INFO] (CallToArms) Khuzait answered Battania and declared war on Sturgia.
18:47:19.922 [INFO] (Core) War opened: Aserai -> Sturgia (CausedByCallToWarAgreement => DefendAlly, legitimacy 1.00).
18:47:19.923 [INFO] (CallToArms) Aserai answered Battania and declared war on Sturgia.
18:47:19.923 [INFO] (Core) War opened: Northern Empire -> Battania (CausedByCallToWarAgreement => DefendAlly, legitimacy 1.00).
18:47:19.924 [INFO] (CallToArms) Northern Empire answered Sturgia and declared war on Battania.
18:47:19.924 [INFO] (Core) War opened: Sturgia -> Battania (CausedByKingdomDecision => ReclaimAncestralLand, legitimacy 0.70).
18:47:20.010 [INFO] (Treaty) Truce recorded until Spring 20, 1102 between Aserai and Sturgia.
18:47:20.010 [INFO] (Telemetry) [WAR-ENDED] aggressor=Aserai defender=Sturgia days=0 casusBelli=DefendAlly finalScore=0.0 exhaustion=0.0/0.0 fiefsTaken=0/0 calledBy=Battania
18:47:20.010 [INFO] (Core) War closed after 0 days: Aserai vs Sturgia [DefendAlly] score=0.00 exhaustion=0.00/0.00 | weariness now Aserai=85.8, Sturgia=89.0.
18:47:27.368 [INFO] (Telemetry) [SNAPSHOT] date=Summer 1, 1101 kingdoms=8 atWar=7 wars=6 longestWarDays=15 avgExhaustion=14.9 claims=82 trustRecords=56 fabrications=0 nonAggressionPact=2 truce=8 defensivePact=7 alliance=5 tributaryPact=1 vassalage=0
18:47:38.692 [INFO] (Claims) Southern Empire now has a claim to retake Lavenia Castle from Aserai.
18:47:39.132 [INFO] (Claims) Battania now has a claim to retake Llanoc Hen Castle from Vlandia.
18:47:43.981 [INFO] (Claims) Vlandia now has a claim to retake Ab Comer Castle from Battania.
18:47:47.488 [INFO] (Treaty) Expired, honoured in full: Truce(Khuzait / Western Empire, Expired)
18:47:47.519 [INFO] (Treaty) Truce recorded until Summer 6, 1102 between Southern Empire and Aserai.
18:47:47.519 [INFO] (Telemetry) [WAR-ENDED] aggressor=Aserai defender=Southern_Empire days=19 casusBelli=DefendAlly finalScore=16.6 exhaustion=17.0/41.6 fiefsTaken=1/0 calledBy=Northern_Empire
18:47:47.519 [INFO] (Core) War closed after 19 days: Aserai vs Southern Empire [DefendAlly] score=16.61 exhaustion=16.95/41.59 | weariness now Southern Empire=100.0, Aserai=93.3.
18:47:55.499 [INFO] (Telemetry) [SNAPSHOT] date=Summer 8, 1101 kingdoms=8 atWar=6 wars=5 longestWarDays=22 avgExhaustion=22.2 claims=84 trustRecords=56 fabrications=0 nonAggressionPact=2 truce=8 defensivePact=7 alliance=5 tributaryPact=1 vassalage=0
18:48:07.500 [INFO] (Treaty) Truce recorded until Summer 11, 1102 between Vlandia and Battania.
18:48:07.500 [INFO] (Telemetry) [WAR-ENDED] aggressor=Vlandia defender=Battania days=25 casusBelli=ReclaimAncestralLand finalScore=3.4 exhaustion=50.8/63.1 fiefsTaken=1/1 calledBy=none
18:48:07.500 [INFO] (Core) War closed after 25 days: Vlandia vs Battania [ReclaimAncestralLand] score=3.44 exhaustion=50.82/63.09 | weariness now Vlandia=83.6, Battania=100.0.
18:48:07.504 [INFO] (Peace) Vlandia and Battania made peace: white peace.
18:48:07.504 [INFO] (AI) Battania sued for peace with Vlandia at exhaustion 63.1: white peace.
18:48:15.511 [INFO] (Treaty) Signed: TributaryPact(Aserai / Southern Empire, Active) tribute 500 from Southern Empire every 7 days
18:48:15.511 [INFO] (AI) Aserai imposed a tributary pact on Southern Empire.
18:48:23.506 [INFO] (Treaty) Expired, honoured in full: Truce(Western Empire / Sturgia, Expired)
18:48:23.509 [INFO] (Telemetry) [SNAPSHOT] date=Summer 15, 1101 kingdoms=8 atWar=5 wars=4 longestWarDays=28 avgExhaustion=21.7 claims=84 trustRecords=56 fabrications=0 nonAggressionPact=2 truce=8 defensivePact=7 alliance=5 tributaryPact=2 vassalage=0
18:48:40.946 [INFO] (Treaty) Truce recorded until Summer 19, 1102 between Northern Empire and Southern Empire.
18:48:40.946 [INFO] (Telemetry) [WAR-ENDED] aggressor=Northern_Empire defender=Southern_Empire days=32 casusBelli=ReclaimAncestralLand finalScore=-16.9 exhaustion=71.8/89.5 fiefsTaken=0/0 calledBy=none
18:48:40.946 [INFO] (Core) War closed after 32 days: Northern Empire vs Southern Empire [ReclaimAncestralLand] score=-16.89 exhaustion=71.78/89.45 | weariness now Northern Empire=100.0, Southern Empire=100.0.
18:48:40.949 [INFO] (Peace) Northern Empire and Southern Empire made peace: white peace.
18:48:40.949 [INFO] (AI) Southern Empire sued for peace with Northern Empire at exhaustion 89.5: white peace.
18:48:50.783 [INFO] (Claims) Northern Empire now has a claim to retake Uthelaim Castle from Battania.
18:48:53.005 [INFO] (Telemetry) [SNAPSHOT] date=Autumn 1, 1101 kingdoms=8 atWar=4 wars=3 longestWarDays=23 avgExhaustion=18.8 claims=85 trustRecords=56 fabrications=0 nonAggressionPact=2 truce=9 defensivePact=7 alliance=5 tributaryPact=2 vassalage=0
18:49:09.008 [INFO] (Treaty) Expired, honoured in full: DefensivePact(Southern Empire / Battania, Expired)
18:49:09.483 [INFO] (Treaty) Truce recorded until Autumn 5, 1102 between Sturgia and Khuzait.
18:49:09.483 [INFO] (Telemetry) [WAR-ENDED] aggressor=Khuzait defender=Sturgia days=27 casusBelli=DefendAlly finalScore=18.8 exhaustion=33.4/52.3 fiefsTaken=0/0 calledBy=Battania
18:49:09.483 [INFO] (Core) War closed after 27 days: Khuzait vs Sturgia [DefendAlly] score=18.75 exhaustion=33.43/52.28 | weariness now Sturgia=100.0, Khuzait=100.0.
18:49:21.008 [INFO] (Telemetry) [SNAPSHOT] date=Autumn 8, 1101 kingdoms=8 atWar=3 wars=2 longestWarDays=30 avgExhaustion=11.4 claims=84 trustRecords=56 fabrications=0 nonAggressionPact=2 truce=10 defensivePact=6 alliance=5 tributaryPact=2 vassalage=0
18:49:25.010 [INFO] (Treaty) Signed: DefensivePact(Khuzait / Battania, Active)
18:49:25.010 [INFO] (AI) Khuzait signed a DefensivePact with Battania (mutual value 45).
18:49:29.014 [INFO] (Treaty) Expired, honoured in full: NonAggressionPact(Western Empire / Battania, Expired)
18:49:29.014 [INFO] (Treaty) Expired, honoured in full: Truce(Southern Empire / Western Empire, Expired)
18:49:40.953 [INFO] (Core) War opened: Khuzait -> Western Empire (CausedByCallToWarAgreement => DefendAlly, legitimacy 1.00).
18:49:40.955 [INFO] (CallToArms) Khuzait answered Battania and declared war on Western Empire.
18:49:40.955 [INFO] (Core) War opened: Western Empire -> Battania (CausedByKingdomDecision => ReclaimAncestralLand, legitimacy 0.70).
18:49:41.014 [INFO] (Treaty) Expired, honoured in full: Alliance(Southern Empire / Khuzait, Expired)
18:49:44.619 [INFO] (Treaty) Truce recorded until Autumn 14, 1102 between Western Empire and Khuzait.
18:49:44.619 [INFO] (Telemetry) [WAR-ENDED] aggressor=Khuzait defender=Western_Empire days=1 casusBelli=DefendAlly finalScore=0.0 exhaustion=0.1/0.1 fiefsTaken=0/0 calledBy=Battania
18:49:44.619 [INFO] (Core) War closed after 1 days: Khuzait vs Western Empire [DefendAlly] score=0.00 exhaustion=0.08/0.08 | weariness now Western Empire=86.8, Khuzait=98.8.
18:49:49.014 [INFO] (Telemetry) [SNAPSHOT] date=Autumn 15, 1101 kingdoms=8 atWar=4 wars=3 longestWarDays=37 avgExhaustion=14.0 claims=85 trustRecords=56 fabrications=0 nonAggressionPact=1 truce=10 defensivePact=7 alliance=4 tributaryPact=2 vassalage=0
18:49:57.019 [INFO] (Treaty) Signed: Alliance(Western Empire / Sturgia, Active)
18:49:57.020 [INFO] (AI) Western Empire signed a Alliance with Sturgia (mutual value 70).
18:50:05.020 [INFO] (Treaty) Signed: DefensivePact(Southern Empire / Battania, Active)
18:50:05.021 [INFO] (AI) Southern Empire signed a DefensivePact with Battania (mutual value 51).
18:50:17.023 [INFO] (Telemetry) [SNAPSHOT] date=Winter 1, 1101 kingdoms=8 atWar=4 wars=3 longestWarDays=44 avgExhaustion=24.5 claims=87 trustRecords=56 fabrications=0 nonAggressionPact=1 truce=10 defensivePact=8 alliance=5 tributaryPact=2 vassalage=0
18:50:25.016 [INFO] (Treaty) Expired, honoured in full: DefensivePact(Western Empire / Aserai, Expired)
18:50:27.316 [INFO] (Claims) Battania now has a claim to retake Rhemtoil Castle from Western Empire.
18:50:37.060 [INFO] (Treaty) Expired, honoured in full: Alliance(Aserai / Northern Empire, Expired)
18:50:38.807 [INFO] (Claims) Battania now has a claim to retake Uthelaim Castle from Sturgia.
18:50:44.659 [INFO] (Treaty) Truce recorded until Winter 8, 1102 between Northern Empire and Battania.
18:50:44.659 [INFO] (Telemetry) [WAR-ENDED] aggressor=Northern_Empire defender=Battania days=51 casusBelli=DefendAlly finalScore=-1.6 exhaustion=44.2/33.7 fiefsTaken=0/1 calledBy=Sturgia
18:50:44.659 [INFO] (Core) War closed after 51 days: Northern Empire vs Battania [DefendAlly] score=-1.64 exhaustion=44.21/33.69 | weariness now Northern Empire=100.0, Battania=100.0.
18:50:45.097 [INFO] (Telemetry) [SNAPSHOT] date=Winter 8, 1101 kingdoms=8 atWar=3 wars=2 longestWarDays=51 avgExhaustion=28.5 claims=88 trustRecords=56 fabrications=0 nonAggressionPact=1 truce=11 defensivePact=7 alliance=4 tributaryPact=2 vassalage=0
18:50:53.100 [INFO] (Treaty) Expired, honoured in full: DefensivePact(Western Empire / Northern Empire, Expired)
18:50:57.093 [INFO] (Treaty) Expired, honoured in full: Truce(Khuzait / Aserai, Expired)
18:50:58.017 [INFO] (Claims) Battania now has a claim to retake Thractorae Castle from Western Empire.
18:51:10.334 [INFO] (Claims) Western Empire now has a claim to retake Rhemtoil Castle from Battania.
18:51:13.181 [INFO] (Treaty) Expired, honoured in full: Truce(Khuzait / Northern Empire, Expired)
18:51:13.185 [INFO] (Telemetry) [SNAPSHOT] date=Winter 15, 1101 kingdoms=8 atWar=3 wars=2 longestWarDays=58 avgExhaustion=36.7 claims=90 trustRecords=56 fabrications=0 nonAggressionPact=1 truce=9 defensivePact=6 alliance=4 tributaryPact=2 vassalage=0
18:51:17.180 [INFO] (Treaty) Expired, honoured in full: DefensivePact(Khuzait / Southern Empire, Expired)
18:51:22.114 [INFO] (Core) War opened: Sturgia -> Vlandia (CausedByCallToWarAgreement => DefendAlly, legitimacy 1.00).
18:51:22.115 [INFO] (CallToArms) Sturgia answered Western Empire and declared war on Vlandia.
18:51:22.116 [INFO] (Core) War opened: Vlandia -> Western Empire (CausedByKingdomDecision => ReclaimAncestralLand, legitimacy 0.70).
18:51:22.404 [INFO] (Treaty) Truce recorded until Winter 17, 1102 between Vlandia and Sturgia.
18:51:22.405 [INFO] (Telemetry) [WAR-ENDED] aggressor=Sturgia defender=Vlandia days=0 casusBelli=DefendAlly finalScore=0.0 exhaustion=0.0/0.0 fiefsTaken=0/0 calledBy=Western_Empire
18:51:22.405 [INFO] (Core) War closed after 0 days: Sturgia vs Vlandia [DefendAlly] score=0.00 exhaustion=0.00/0.00 | weariness now Vlandia=76.2, Sturgia=95.0.
18:51:25.176 [INFO] (Treaty) Expired, honoured in full: Alliance(Battania / Khuzait, Expired)
18:51:26.906 [INFO] (Core) War opened: Khuzait -> Southern Empire (CausedByKingdomDecision => Conquest, legitimacy 0.20).
18:51:38.647 [INFO] (Claims) Western Empire now has a claim to retake Gersegos Castle from Battania.
18:51:41.217 [INFO] (Telemetry) [SNAPSHOT] date=Spring 1, 1102 kingdoms=8 atWar=6 wars=4 longestWarDays=65 avgExhaustion=25.9 claims=89 trustRecords=56 fabrications=0 nonAggressionPact=1 truce=10 defensivePact=5 alliance=3 tributaryPact=2 vassalage=0
18:51:49.222 [INFO] (Treaty) Signed: DefensivePact(Western Empire / Sturgia, Active)
18:51:49.223 [INFO] (AI) Western Empire signed a DefensivePact with Sturgia (mutual value 66).
18:51:53.908 [INFO] (Core) War opened: Aserai -> Western Empire (CausedByKingdomDecision => ReclaimAncestralLand, legitimacy 0.70).
18:52:01.222 [INFO] (Treaty) Signed: Alliance(Aserai / Battania, Active)
18:52:01.223 [INFO] (AI) Aserai signed a Alliance with Battania (mutual value 90).
18:52:01.227 [INFO] (Claims) Western Empire now has a claim to retake Thractorae Castle from Vlandia.
18:52:01.448 [INFO] (Treaty) Truce recorded until Spring 6, 1103 between Southern Empire and Khuzait.
18:52:01.448 [INFO] (Telemetry) [WAR-ENDED] aggressor=Khuzait defender=Southern_Empire days=9 casusBelli=Conquest finalScore=2.9 exhaustion=17.1/43.6 fiefsTaken=0/0 calledBy=none
18:52:01.448 [INFO] (Core) War closed after 9 days: Khuzait vs Southern Empire [Conquest] score=2.85 exhaustion=17.07/43.61 | weariness now Southern Empire=100.0, Khuzait=100.0.
18:52:09.278 [INFO] (Treaty) Signed: DefensivePact(Vlandia / Aserai, Active)
18:52:09.278 [INFO] (AI) Vlandia signed a DefensivePact with Aserai (mutual value 49).
18:52:09.279 [INFO] (Treaty) Expired, honoured in full: Truce(Aserai / Vlandia, Expired)
18:52:09.282 [INFO] (Telemetry) [SNAPSHOT] date=Spring 8, 1102 kingdoms=8 atWar=5 wars=4 longestWarDays=72 avgExhaustion=30.1 claims=88 trustRecords=56 fabrications=0 nonAggressionPact=1 truce=10 defensivePact=7 alliance=4 tributaryPact=2 vassalage=0
18:52:13.283 [INFO] (Treaty) Expired, honoured in full: Truce(Khuzait / Vlandia, Expired)
18:52:15.090 [INFO] (Core) War opened: Khuzait -> Northern Empire (CausedByKingdomDecision => ReclaimAncestralLand, legitimacy 0.70).
18:52:17.100 [INFO] (Treaty) Truce recorded until Spring 10, 1103 between Western Empire and Vlandia.
18:52:17.101 [INFO] (Telemetry) [WAR-ENDED] aggressor=Vlandia defender=Western_Empire days=14 casusBelli=ReclaimAncestralLand finalScore=8.8 exhaustion=5.3/11.2 fiefsTaken=1/0 calledBy=none
18:52:17.101 [INFO] (Core) War closed after 14 days: Vlandia vs Western Empire [ReclaimAncestralLand] score=8.77 exhaustion=5.28/11.18 | weariness now Western Empire=86.7, Vlandia=76.9.
18:52:21.285 [INFO] (Treaty) Truce recorded until Spring 11, 1103 between Western Empire and Battania.
18:52:21.286 [INFO] (Telemetry) [WAR-ENDED] aggressor=Western_Empire defender=Battania days=40 casusBelli=ReclaimAncestralLand finalScore=14.5 exhaustion=57.8/71.6 fiefsTaken=2/2 calledBy=none
18:52:21.286 [INFO] (Core) War closed after 40 days: Western Empire vs Battania [ReclaimAncestralLand] score=14.47 exhaustion=57.77/71.63 | weariness now Western Empire=100.0, Battania=100.0.
18:52:21.287 [INFO] (Peace) Western Empire and Battania made peace: white peace.
18:52:21.287 [INFO] (AI) Battania sued for peace with Western Empire at exhaustion 71.6: white peace.
18:52:29.288 [INFO] (Treaty) Signed: DefensivePact(Aserai / Northern Empire, Active)
18:52:29.288 [INFO] (AI) Aserai signed a DefensivePact with Northern Empire (mutual value 52).
18:52:33.287 [INFO] (Treaty) Truce recorded until Spring 14, 1103 between Battania and Sturgia.
18:52:33.287 [INFO] (Telemetry) [WAR-ENDED] aggressor=Sturgia defender=Battania days=78 casusBelli=ReclaimAncestralLand finalScore=-12.4 exhaustion=63.8/71.6 fiefsTaken=1/0 calledBy=none
18:52:33.287 [INFO] (Core) War closed after 78 days: Sturgia vs Battania [ReclaimAncestralLand] score=-12.44 exhaustion=63.82/71.59 | weariness now Battania=100.0, Sturgia=100.0.
18:52:33.292 [INFO] (Peace) Battania and Sturgia made peace: white peace.
18:52:33.293 [INFO] (AI) Sturgia sued for peace with Battania at exhaustion 63.8: white peace.
18:52:37.297 [INFO] (Telemetry) [SNAPSHOT] date=Spring 15, 1102 kingdoms=8 atWar=4 wars=2 longestWarDays=11 avgExhaustion=5.1 claims=89 trustRecords=56 fabrications=0 nonAggressionPact=1 truce=12 defensivePact=8 alliance=4 tributaryPact=2 vassalage=0
18:53:01.305 [INFO] (Treaty) Expired, honoured in full: Truce(Aserai / Sturgia, Expired)
18:53:01.849 [INFO] (Claims) Northern Empire now has a claim to retake Syratos Castle from Khuzait.
18:53:05.349 [INFO] (Treaty) Expired, honoured in full: NonAggressionPact(Vlandia / Southern Empire, Expired)
18:53:05.351 [INFO] (Telemetry) [SNAPSHOT] date=Summer 1, 1102 kingdoms=8 atWar=4 wars=2 longestWarDays=18 avgExhaustion=14.3 claims=88 trustRecords=56 fabrications=0 nonAggressionPact=0 truce=11 defensivePact=8 alliance=4 tributaryPact=2 vassalage=0
18:53:29.356 [INFO] (Treaty) Expired, honoured in full: Truce(Southern Empire / Aserai, Expired)
18:53:33.356 [INFO] (Treaty) Signed: NonAggressionPact(Vlandia / Southern Empire, Active)
18:53:33.356 [INFO] (AI) Vlandia signed a NonAggressionPact with Southern Empire (mutual value 26).
18:53:33.359 [INFO] (Telemetry) [SNAPSHOT] date=Summer 8, 1102 kingdoms=8 atWar=4 wars=2 longestWarDays=25 avgExhaustion=22.0 claims=88 trustRecords=56 fabrications=0 nonAggressionPact=1 truce=10 defensivePact=8 alliance=4 tributaryPact=2 vassalage=0
18:53:36.705 [INFO] (Claims) Aserai now has a claim to retake Garontor Castle from Western Empire.
18:53:45.395 [INFO] (Treaty) Expired, honoured in full: Truce(Vlandia / Battania, Expired)
18:53:53.396 [INFO] (Treaty) Expired, honoured in full: DefensivePact(Southern Empire / Sturgia, Expired)
18:54:01.406 [INFO] (Telemetry) [SNAPSHOT] date=Summer 15, 1102 kingdoms=8 atWar=4 wars=2 longestWarDays=32 avgExhaustion=38.3 claims=88 trustRecords=56 fabrications=0 nonAggressionPact=1 truce=9 defensivePact=7 alliance=4 tributaryPact=2 vassalage=0
18:54:17.404 [INFO] (Treaty) Expired, honoured in full: Truce(Northern Empire / Southern Empire, Expired)
18:54:29.397 [INFO] (Treaty) Truce recorded until Autumn 1, 1103 between Khuzait and Northern Empire.
18:54:29.398 [INFO] (Telemetry) [WAR-ENDED] aggressor=Khuzait defender=Northern_Empire days=34 casusBelli=ReclaimAncestralLand finalScore=4.1 exhaustion=58.4/70.9 fiefsTaken=1/0 calledBy=none
18:54:29.398 [INFO] (Core) War closed after 34 days: Khuzait vs Northern Empire [ReclaimAncestralLand] score=4.13 exhaustion=58.41/70.91 | weariness now Khuzait=100.0, Northern Empire=100.0.
18:54:29.403 [INFO] (Peace) Khuzait and Northern Empire made peace: white peace.
18:54:29.403 [INFO] (AI) Northern Empire sued for peace with Khuzait at exhaustion 70.9: white peace.
18:54:29.406 [INFO] (Telemetry) [SNAPSHOT] date=Autumn 1, 1102 kingdoms=8 atWar=2 wars=1 longestWarDays=39 avgExhaustion=32.9 claims=87 trustRecords=56 fabrications=0 nonAggressionPact=1 truce=9 defensivePact=7 alliance=4 tributaryPact=2 vassalage=0
18:54:29.517 [INFO] (Core) War opened: Southern Empire -> Northern Empire (CausedByKingdomDecision => ReclaimAncestralLand, legitimacy 0.70).
18:54:45.416 [INFO] (Treaty) Signed: DefensivePact(Southern Empire / Sturgia, Active)
18:54:45.417 [INFO] (AI) Southern Empire signed a DefensivePact with Sturgia (mutual value 50).
18:54:46.392 [INFO] (Core) War opened: Khuzait -> Vlandia (CausedByCallToWarAgreement => DefendAlly, legitimacy 1.00).
18:54:46.393 [INFO] (CallToArms) Khuzait answered Battania and declared war on Vlandia.
18:54:46.394 [INFO] (Core) War opened: Vlandia -> Battania (CausedByKingdomDecision => ReclaimAncestralLand, legitimacy 0.70).
18:54:47.146 [INFO] (Treaty) Truce recorded until Autumn 6, 1103 between Khuzait and Vlandia.
18:54:47.147 [INFO] (Telemetry) [WAR-ENDED] aggressor=Khuzait defender=Vlandia days=0 casusBelli=DefendAlly finalScore=0.0 exhaustion=0.0/0.0 fiefsTaken=0/0 calledBy=Battania
18:54:47.147 [INFO] (Core) War closed after 0 days: Khuzait vs Vlandia [DefendAlly] score=0.00 exhaustion=0.00/0.00 | weariness now Khuzait=99.2, Vlandia=71.2.
18:54:49.410 [INFO] (Treaty) Expired, honoured in full: Truce(Sturgia / Khuzait, Expired)
18:54:57.419 [INFO] (Telemetry) [SNAPSHOT] date=Autumn 8, 1102 kingdoms=8 atWar=6 wars=3 longestWarDays=46 avgExhaustion=18.4 claims=88 trustRecords=56 fabrications=0 nonAggressionPact=1 truce=9 defensivePact=8 alliance=4 tributaryPact=2 vassalage=0
18:55:21.429 [INFO] (Treaty) Expired, honoured in full: Truce(Western Empire / Khuzait, Expired)
18:55:25.424 [INFO] (Telemetry) [SNAPSHOT] date=Autumn 15, 1102 kingdoms=8 atWar=6 wars=3 longestWarDays=53 avgExhaustion=37.9 claims=90 trustRecords=56 fabrications=0 nonAggressionPact=1 truce=8 defensivePact=8 alliance=4 tributaryPact=2 vassalage=0
18:55:33.423 [INFO] (Treaty) Signed: NonAggressionPact(Western Empire / Khuzait, Active)
18:55:33.423 [INFO] (AI) Western Empire signed a NonAggressionPact with Khuzait (mutual value 33).
18:55:53.453 [INFO] (Telemetry) [SNAPSHOT] date=Winter 1, 1102 kingdoms=8 atWar=6 wars=3 longestWarDays=60 avgExhaustion=53.3 claims=91 trustRecords=56 fabrications=0 nonAggressionPact=2 truce=8 defensivePact=8 alliance=4 tributaryPact=2 vassalage=0
18:56:05.452 [INFO] (Treaty) Truce recorded until Winter 4, 1103 between Vlandia and Battania.
18:56:05.452 [INFO] (Telemetry) [WAR-ENDED] aggressor=Vlandia defender=Battania days=20 casusBelli=ReclaimAncestralLand finalScore=-3.9 exhaustion=36.8/63.2 fiefsTaken=0/0 calledBy=none
18:56:05.452 [INFO] (Core) War closed after 20 days: Vlandia vs Battania [ReclaimAncestralLand] score=-3.89 exhaustion=36.84/63.25 | weariness now Vlandia=86.8, Battania=100.0.
18:56:05.455 [INFO] (Peace) Vlandia and Battania made peace: white peace.
18:56:05.455 [INFO] (AI) Battania sued for peace with Vlandia at exhaustion 63.2: white peace.
18:56:09.460 [INFO] (Treaty) Truce recorded until Winter 5, 1103 between Northern Empire and Southern Empire.
18:56:09.460 [INFO] (Telemetry) [WAR-ENDED] aggressor=Southern_Empire defender=Northern_Empire days=25 casusBelli=ReclaimAncestralLand finalScore=-25.3 exhaustion=100.0/54.9 fiefsTaken=0/0 calledBy=none
18:56:09.460 [INFO] (Core) War closed after 25 days: Southern Empire vs Northern Empire [ReclaimAncestralLand] score=-25.27 exhaustion=100.00/54.88 | weariness now Northern Empire=100.0, Southern Empire=100.0.
18:56:09.463 [INFO] (Peace) Northern Empire and Southern Empire made peace: white peace.
18:56:09.464 [INFO] (AI) Southern Empire sued for peace with Northern Empire at exhaustion 100.0: white peace.
18:56:13.474 [INFO] (Treaty) Truce recorded until Winter 6, 1103 between Western Empire and Aserai.
18:56:13.474 [INFO] (Telemetry) [WAR-ENDED] aggressor=Aserai defender=Western_Empire days=65 casusBelli=ReclaimAncestralLand finalScore=-34.5 exhaustion=63.3/52.3 fiefsTaken=0/1 calledBy=none
18:56:13.474 [INFO] (Core) War closed after 65 days: Aserai vs Western Empire [ReclaimAncestralLand] score=-34.55 exhaustion=63.35/52.32 | weariness now Western Empire=100.0, Aserai=100.0.
18:56:13.476 [INFO] (Peace) Western Empire and Aserai made peace: white peace.
18:56:13.476 [INFO] (AI) Aserai sued for peace with Western Empire at exhaustion 63.3: white peace.
18:56:17.330 [INFO] (Core) War opened: Western Empire -> Northern Empire (CausedByKingdomDecision => ReclaimAncestralLand, legitimacy 0.70).
18:56:21.481 [INFO] (Treaty) Expired, honoured in full: Truce(Northern Empire / Battania, Expired)
18:56:21.483 [INFO] (Telemetry) [SNAPSHOT] date=Winter 8, 1102 kingdoms=8 atWar=2 wars=1 longestWarDays=1 avgExhaustion=1.1 claims=88 trustRecords=56 fabrications=0 nonAggressionPact=2 truce=10 defensivePact=8 alliance=4 tributaryPact=2 vassalage=0
18:56:49.480 [INFO] (Telemetry) [SNAPSHOT] date=Winter 15, 1102 kingdoms=8 atWar=2 wars=1 longestWarDays=8 avgExhaustion=13.2 claims=87 trustRecords=56 fabrications=0 nonAggressionPact=2 truce=10 defensivePact=8 alliance=4 tributaryPact=2 vassalage=0
18:57:01.485 [INFO] (Treaty) Expired, honoured in full: DefensivePact(Battania / Aserai, Expired)
18:57:01.485 [INFO] (Treaty) Expired, honoured in full: Truce(Vlandia / Sturgia, Expired)
18:57:09.475 [INFO] (Treaty) Signed: DefensivePact(Aserai / Battania, Active)
18:57:09.476 [INFO] (AI) Aserai signed a DefensivePact with Battania (mutual value 51).
18:57:17.489 [INFO] (Telemetry) [SNAPSHOT] date=Spring 1, 1103 kingdoms=8 atWar=2 wars=1 longestWarDays=15 avgExhaustion=35.1 claims=88 trustRecords=56 fabrications=0 nonAggressionPact=2 truce=9 defensivePact=8 alliance=4 tributaryPact=2 vassalage=0
18:57:41.484 [INFO] (Treaty) Expired, honoured in full: Truce(Southern Empire / Khuzait, Expired)
18:57:45.486 [INFO] (Telemetry) [SNAPSHOT] date=Spring 8, 1103 kingdoms=8 atWar=2 wars=1 longestWarDays=22 avgExhaustion=48.3 claims=87 trustRecords=56 fabrications=0 nonAggressionPact=2 truce=8 defensivePact=8 alliance=4 tributaryPact=2 vassalage=0
18:57:53.487 [INFO] (Treaty) Expired, honoured in full: Truce(Western Empire / Vlandia, Expired)
18:57:57.492 [INFO] (Treaty) Expired, honoured in full: Truce(Western Empire / Battania, Expired)
18:58:08.634 [INFO] (Core) War opened: Sturgia -> Khuzait (CausedByCallToWarAgreement => DefendAlly, legitimacy 1.00).
18:58:08.635 [INFO] (CallToArms) Sturgia answered Southern Empire and declared war on Khuzait.
18:58:08.635 [INFO] (Core) War opened: Khuzait -> Southern Empire (CausedByKingdomDecision => Conquest, legitimacy 0.20).
18:58:09.487 [INFO] (Treaty) Expired, honoured in full: Truce(Battania / Sturgia, Expired)
18:58:13.492 [INFO] (Treaty) Truce recorded until Spring 15, 1104 between Western Empire and Northern Empire.
18:58:13.492 [INFO] (Telemetry) [WAR-ENDED] aggressor=Western_Empire defender=Northern_Empire days=29 casusBelli=ReclaimAncestralLand finalScore=15.4 exhaustion=61.1/66.2 fiefsTaken=0/0 calledBy=none
18:58:13.492 [INFO] (Core) War closed after 29 days: Western Empire vs Northern Empire [ReclaimAncestralLand] score=15.41 exhaustion=61.10/66.21 | weariness now Western Empire=100.0, Northern Empire=100.0.
18:58:13.495 [INFO] (Peace) Western Empire and Northern Empire made peace: white peace.
18:58:13.495 [INFO] (AI) Northern Empire sued for peace with Western Empire at exhaustion 64.2: white peace.
18:58:13.498 [INFO] (Telemetry) [SNAPSHOT] date=Spring 15, 1103 kingdoms=8 atWar=3 wars=2 longestWarDays=1 avgExhaustion=0.6 claims=87 trustRecords=56 fabrications=0 nonAggressionPact=2 truce=6 defensivePact=8 alliance=4 tributaryPact=2 vassalage=0
18:58:21.497 [INFO] (Treaty) Expired, honoured in full: TributaryPact(Western Empire / Southern Empire, Expired)
18:58:26.895 [INFO] (Core) War opened: Sturgia -> Battania (CausedByCallToWarAgreement => DefendAlly, legitimacy 1.00).
18:58:26.896 [INFO] (CallToArms) Sturgia answered Western Empire and declared war on Battania.
18:58:26.896 [INFO] (Core) War opened: Battania -> Western Empire (CausedByKingdomDecision => ReclaimAncestralLand, legitimacy 0.70).
18:58:41.505 [INFO] (Telemetry) [SNAPSHOT] date=Summer 1, 1103 kingdoms=8 atWar=5 wars=4 longestWarDays=8 avgExhaustion=7.1 claims=91 trustRecords=56 fabrications=0 nonAggressionPact=2 truce=6 defensivePact=8 alliance=4 tributaryPact=1 vassalage=0
18:58:42.774 [INFO] (Core) War opened: Sturgia -> Vlandia (CausedByCallToWarAgreement => DefendAlly, legitimacy 1.00).
18:58:42.775 [INFO] (CallToArms) Sturgia answered Western Empire and declared war on Vlandia.
18:58:42.775 [INFO] (Core) War opened: Vlandia -> Western Empire (CausedByKingdomDecision => ReclaimAncestralLand, legitimacy 0.70).
18:58:51.399 [INFO] (Treaty) Truce recorded until Summer 4, 1104 between Vlandia and Sturgia.
18:58:51.399 [INFO] (Telemetry) [WAR-ENDED] aggressor=Sturgia defender=Vlandia days=2 casusBelli=DefendAlly finalScore=0.0 exhaustion=0.2/0.2 fiefsTaken=0/0 calledBy=Western_Empire
18:58:51.400 [INFO] (Core) War closed after 2 days: Sturgia vs Vlandia [DefendAlly] score=0.00 exhaustion=0.16/0.16 | weariness now Vlandia=80.6, Sturgia=85.8.
18:58:57.509 [INFO] (Treaty) Expired, honoured in full: Alliance(Southern Empire / Sturgia, Expired)
18:59:09.511 [INFO] (Treaty) Signed: DefensivePact(Vlandia / Battania, Active)
18:59:09.512 [INFO] (AI) Vlandia signed a DefensivePact with Battania (mutual value 47).
18:59:09.514 [INFO] (Telemetry) [SNAPSHOT] date=Summer 8, 1103 kingdoms=8 atWar=6 wars=5 longestWarDays=15 avgExhaustion=13.0 claims=93 trustRecords=56 fabrications=0 nonAggressionPact=2 truce=7 defensivePact=9 alliance=3 tributaryPact=1 vassalage=0
18:59:10.409 [INFO] (Core) War opened: Aserai -> Khuzait (CausedByKingdomDecision => ReclaimAncestralLand, legitimacy 0.70).
18:59:12.854 [INFO] (Claims) Western Empire now has a claim to retake Hertogea Castle from Battania.
18:59:29.474 [INFO] (Treaty) Truce recorded until Summer 13, 1104 between Sturgia and Battania.
18:59:29.474 [INFO] (Telemetry) [WAR-ENDED] aggressor=Sturgia defender=Battania days=16 casusBelli=DefendAlly finalScore=17.0 exhaustion=10.9/9.5 fiefsTaken=0/0 calledBy=Western_Empire
18:59:29.474 [INFO] (Core) War closed after 16 days: Sturgia vs Battania [DefendAlly] score=17.01 exhaustion=10.95/9.48 | weariness now Sturgia=90.0, Battania=97.1.
18:59:29.476 [INFO] (CallToArms) Sturgia leaves the war against Battania now that Western Empire has made peace.
18:59:29.477 [INFO] (Treaty) Truce recorded until Summer 13, 1104 between Western Empire and Battania.
18:59:29.477 [INFO] (Telemetry) [WAR-ENDED] aggressor=Battania defender=Western_Empire days=16 casusBelli=ReclaimAncestralLand finalScore=15.6 exhaustion=18.7/37.9 fiefsTaken=1/0 calledBy=none
18:59:29.477 [INFO] (Core) War closed after 16 days: Battania vs Western Empire [ReclaimAncestralLand] score=15.65 exhaustion=18.73/37.94 | weariness now Western Empire=100.0, Battania=100.0.
18:59:29.578 [INFO] (Treaty) Signed: Alliance(Aserai / Sturgia, Active)
18:59:29.579 [INFO] (AI) Aserai signed a Alliance with Sturgia (mutual value 79).
18:59:33.576 [INFO] (Treaty) Signed: Alliance(Sturgia / Southern Empire, Active)
18:59:33.576 [INFO] (AI) Sturgia signed a Alliance with Southern Empire (mutual value 115).
18:59:33.576 [INFO] (Treaty) Expired, honoured in full: TributaryPact(Aserai / Southern Empire, Expired)
18:59:34.158 [INFO] (Claims) Western Empire now has a claim to retake Garontor Castle from Vlandia.
18:59:37.625 [INFO] (Telemetry) [SNAPSHOT] date=Summer 15, 1103 kingdoms=8 atWar=6 wars=4 longestWarDays=22 avgExhaustion=22.8 claims=94 trustRecords=56 fabrications=0 nonAggressionPact=2 truce=9 defensivePact=9 alliance=5 tributaryPact=0 vassalage=0
18:59:41.518 [INFO] (Treaty) Truce recorded until Summer 16, 1104 between Western Empire and Vlandia.
18:59:41.519 [INFO] (Telemetry) [WAR-ENDED] aggressor=Vlandia defender=Western_Empire days=15 casusBelli=ReclaimAncestralLand finalScore=19.5 exhaustion=9.7/24.4 fiefsTaken=1/0 calledBy=none
18:59:41.519 [INFO] (Core) War closed after 15 days: Vlandia vs Western Empire [ReclaimAncestralLand] score=19.52 exhaustion=9.69/24.37 | weariness now Western Empire=100.0, Vlandia=83.6.
19:00:01.617 [INFO] (Treaty) Expired, honoured in full: Alliance(Sturgia / Northern Empire, Expired)
19:00:05.622 [INFO] (Treaty) Signed: Alliance(Northern Empire / Sturgia, Active)
19:00:05.622 [INFO] (AI) Northern Empire signed a Alliance with Sturgia (mutual value 76).
19:00:05.623 [INFO] (Treaty) Expired, honoured in full: Truce(Khuzait / Northern Empire, Expired)
19:00:05.625 [INFO] (Telemetry) [SNAPSHOT] date=Autumn 1, 1103 kingdoms=8 atWar=4 wars=3 longestWarDays=29 avgExhaustion=29.3 claims=93 trustRecords=56 fabrications=0 nonAggressionPact=2 truce=9 defensivePact=9 alliance=5 tributaryPact=0 vassalage=0
19:00:09.399 [INFO] (Core) War opened: Western Empire -> Southern Empire (CausedByKingdomDecision => ReclaimAncestralLand, legitimacy 0.70).
19:00:09.627 [INFO] (Treaty) Signed: DefensivePact(Khuzait / Western Empire, Active)
19:00:09.628 [INFO] (AI) Khuzait signed a DefensivePact with Western Empire (mutual value 52).
19:00:21.629 [INFO] (Treaty) Truce recorded until Autumn 5, 1104 between Sturgia and Khuzait.
19:00:21.629 [INFO] (Telemetry) [WAR-ENDED] aggressor=Sturgia defender=Khuzait days=33 casusBelli=DefendAlly finalScore=1.2 exhaustion=38.0/43.9 fiefsTaken=0/0 calledBy=Southern_Empire
19:00:21.629 [INFO] (Core) War closed after 33 days: Sturgia vs Khuzait [DefendAlly] score=1.23 exhaustion=38.02/43.86 | weariness now Sturgia=100.0, Khuzait=100.0.
19:00:21.632 [INFO] (CallToArms) Sturgia leaves the war against Khuzait now that Southern Empire has made peace.
19:00:21.632 [INFO] (Treaty) Truce recorded until Autumn 5, 1104 between Khuzait and Southern Empire.
19:00:21.632 [INFO] (Telemetry) [WAR-ENDED] aggressor=Khuzait defender=Southern_Empire days=33 casusBelli=Conquest finalScore=-13.1 exhaustion=51.4/83.9 fiefsTaken=0/0 calledBy=none
19:00:21.633 [INFO] (Core) War closed after 33 days: Khuzait vs Southern Empire [Conquest] score=-13.15 exhaustion=51.39/83.95 | weariness now Khuzait=100.0, Southern Empire=100.0.
19:00:21.634 [INFO] (Peace) Khuzait and Southern Empire made peace: white peace.
19:00:21.634 [INFO] (AI) Southern Empire sued for peace with Khuzait at exhaustion 83.9: white peace.
19:00:25.635 [INFO] (Treaty) Signed: TributaryPact(Aserai / Southern Empire, Active) tribute 500 from Southern Empire every 7 days
19:00:25.635 [INFO] (AI) Aserai imposed a tributary pact on Southern Empire.
19:00:25.635 [INFO] (Treaty) Expired, honoured in full: Truce(Khuzait / Vlandia, Expired)
19:00:33.646 [INFO] (Treaty) Expired, honoured in full: DefensivePact(Sturgia / Northern Empire, Expired)
19:00:33.651 [INFO] (Telemetry) [SNAPSHOT] date=Autumn 8, 1103 kingdoms=8 atWar=4 wars=2 longestWarDays=21 avgExhaustion=12.5 claims=92 trustRecords=56 fabrications=0 nonAggressionPact=2 truce=10 defensivePact=9 alliance=5 tributaryPact=1 vassalage=0
19:01:01.650 [INFO] (Telemetry) [SNAPSHOT] date=Autumn 15, 1103 kingdoms=8 atWar=4 wars=2 longestWarDays=28 avgExhaustion=28.7 claims=91 trustRecords=56 fabrications=0 nonAggressionPact=2 truce=10 defensivePact=9 alliance=5 tributaryPact=1 vassalage=0
19:01:03.613 [INFO] (Claims) Aserai now has a claim to retake Husn Fulq from Khuzait.
19:01:29.689 [INFO] (Telemetry) [SNAPSHOT] date=Winter 1, 1103 kingdoms=8 atWar=4 wars=2 longestWarDays=35 avgExhaustion=39.0 claims=91 trustRecords=56 fabrications=0 nonAggressionPact=2 truce=10 defensivePact=9 alliance=5 tributaryPact=1 vassalage=0
19:01:45.692 [INFO] (Treaty) Expired, honoured in full: Truce(Vlandia / Battania, Expired)
19:01:45.693 [INFO] (Treaty) Expired, honoured in full: Truce(Northern Empire / Southern Empire, Expired)
19:01:53.698 [INFO] (Treaty) Expired, honoured in full: Truce(Western Empire / Aserai, Expired)
19:01:57.695 [INFO] (Treaty) Signed: TributaryPact(Vlandia / Western Empire, Active) tribute 500 from Western Empire every 7 days
19:01:57.695 [INFO] (AI) Vlandia imposed a tributary pact on Western Empire.
19:01:57.698 [INFO] (Telemetry) [SNAPSHOT] date=Winter 8, 1103 kingdoms=8 atWar=4 wars=2 longestWarDays=42 avgExhaustion=55.7 claims=92 trustRecords=56 fabrications=0 nonAggressionPact=2 truce=7 defensivePact=9 alliance=5 tributaryPact=2 vassalage=0
19:02:05.693 [INFO] (Treaty) Truce recorded until Winter 10, 1104 between Southern Empire and Western Empire.
19:02:05.694 [INFO] (Telemetry) [WAR-ENDED] aggressor=Western_Empire defender=Southern_Empire days=29 casusBelli=ReclaimAncestralLand finalScore=-20.8 exhaustion=77.8/69.3 fiefsTaken=0/0 calledBy=none
19:02:05.694 [INFO] (Core) War closed after 29 days: Western Empire vs Southern Empire [ReclaimAncestralLand] score=-20.82 exhaustion=77.85/69.35 | weariness now Southern Empire=100.0, Western Empire=100.0.
19:02:05.697 [INFO] (Peace) Southern Empire and Western Empire made peace: white peace.
19:02:05.697 [INFO] (AI) Western Empire sued for peace with Southern Empire at exhaustion 77.7: white peace.
19:02:25.215 [INFO] (Claims) Aserai now has a claim to retake Danustica from Khuzait.
19:02:25.729 [INFO] (Telemetry) [SNAPSHOT] date=Winter 15, 1103 kingdoms=8 atWar=2 wars=1 longestWarDays=49 avgExhaustion=59.0 claims=92 trustRecords=56 fabrications=0 nonAggressionPact=2 truce=8 defensivePact=9 alliance=5 tributaryPact=2 vassalage=0
19:02:29.229 [INFO] (Core) War opened: Battania -> Northern Empire (CausedByCallToWarAgreement => DefendAlly, legitimacy 1.00).
19:02:29.231 [INFO] (CallToArms) Battania answered Southern Empire and declared war on Northern Empire.
19:02:29.231 [INFO] (Core) War opened: Northern Empire -> Southern Empire (CausedByKingdomDecision => ReclaimAncestralLand, legitimacy 0.70).
19:02:37.751 [INFO] (Treaty) Signed: Alliance(Battania / Southern Empire, Active)
19:02:37.752 [INFO] (AI) Battania signed a Alliance with Southern Empire (mutual value 103).
19:02:45.750 [INFO] (Treaty) Truce recorded until Winter 20, 1104 between Khuzait and Aserai.
19:02:45.750 [INFO] (Telemetry) [WAR-ENDED] aggressor=Aserai defender=Khuzait days=54 casusBelli=ReclaimAncestralLand finalScore=-50.4 exhaustion=85.9/50.9 fiefsTaken=0/2 calledBy=none
19:02:45.750 [INFO] (Core) War closed after 54 days: Aserai vs Khuzait [ReclaimAncestralLand] score=-50.41 exhaustion=85.93/50.93 | weariness now Khuzait=100.0, Aserai=100.0.
19:02:45.752 [INFO] (Peace) Khuzait and Aserai made peace: white peace.
19:02:45.752 [INFO] (AI) Aserai sued for peace with Khuzait at exhaustion 85.9: white peace.
19:02:53.750 [INFO] (Telemetry) [SNAPSHOT] date=Spring 1, 1104 kingdoms=8 atWar=3 wars=2 longestWarDays=6 avgExhaustion=9.0 claims=92 trustRecords=56 fabrications=0 nonAggressionPact=2 truce=9 defensivePact=9 alliance=6 tributaryPact=2 vassalage=0
19:03:21.749 [INFO] (Telemetry) [SNAPSHOT] date=Spring 8, 1104 kingdoms=8 atWar=3 wars=2 longestWarDays=13 avgExhaustion=14.4 claims=92 trustRecords=56 fabrications=0 nonAggressionPact=2 truce=9 defensivePact=9 alliance=6 tributaryPact=2 vassalage=0
19:03:25.012 [INFO] (Claims) Northern Empire now has a claim to retake Melion Castle from Southern Empire.
19:03:51.275 [INFO] (Telemetry) [SNAPSHOT] date=Spring 15, 1104 kingdoms=8 atWar=3 wars=2 longestWarDays=20 avgExhaustion=31.1 claims=90 trustRecords=56 fabrications=0 nonAggressionPact=2 truce=9 defensivePact=9 alliance=6 tributaryPact=2 vassalage=0
19:03:55.268 [INFO] (Treaty) Truce recorded until Spring 16, 1105 between Battania and Northern Empire.
19:03:55.268 [INFO] (Telemetry) [WAR-ENDED] aggressor=Battania defender=Northern_Empire days=21 casusBelli=DefendAlly finalScore=22.9 exhaustion=16.1/32.9 fiefsTaken=0/0 calledBy=Southern_Empire
19:03:55.268 [INFO] (Core) War closed after 21 days: Battania vs Northern Empire [DefendAlly] score=22.88 exhaustion=16.14/32.92 | weariness now Battania=98.2, Northern Empire=100.0.
19:03:55.272 [INFO] (CallToArms) Battania leaves the war against Northern Empire now that Southern Empire has made peace.
19:03:55.272 [INFO] (Treaty) Truce recorded until Spring 16, 1105 between Southern Empire and Northern Empire.
19:03:55.272 [INFO] (Telemetry) [WAR-ENDED] aggressor=Northern_Empire defender=Southern_Empire days=21 casusBelli=ReclaimAncestralLand finalScore=57.8 exhaustion=38.6/100.0 fiefsTaken=0/1 calledBy=none
19:03:55.272 [INFO] (Core) War closed after 21 days: Northern Empire vs Southern Empire [ReclaimAncestralLand] score=57.83 exhaustion=38.61/100.00 | weariness now Southern Empire=100.0, Northern Empire=100.0.
19:03:55.296 [INFO] (Treaty) Expired, honoured in full: Truce(Western Empire / Northern Empire, Expired)
19:03:59.299 [INFO] (Treaty) Signed: TributaryPact(Western Empire / Southern Empire, Active) tribute 500 from Southern Empire every 7 days
19:03:59.299 [INFO] (AI) Western Empire imposed a tributary pact on Southern Empire.
19:04:19.301 [INFO] (Telemetry) [SNAPSHOT] date=Summer 1, 1104 kingdoms=8 atWar=0 wars=0 longestWarDays=0 avgExhaustion=0.0 claims=89 trustRecords=56 fabrications=0 nonAggressionPact=2 truce=10 defensivePact=9 alliance=6 tributaryPact=3 vassalage=0
19:04:31.305 [INFO] (Treaty) Expired, honoured in full: Truce(Vlandia / Sturgia, Expired)
19:04:47.305 [INFO] (Telemetry) [SNAPSHOT] date=Summer 8, 1104 kingdoms=8 atWar=0 wars=0 longestWarDays=0 avgExhaustion=0.0 claims=89 trustRecords=56 fabrications=0 nonAggressionPact=2 truce=9 defensivePact=9 alliance=6 tributaryPact=3 vassalage=0
19:04:51.300 [INFO] (Treaty) Expired, honoured in full: NonAggressionPact(Vlandia / Southern Empire, Expired)
19:05:07.299 [INFO] (Treaty) Expired, honoured in full: Truce(Sturgia / Battania, Expired)
19:05:07.300 [INFO] (Treaty) Expired, honoured in full: Truce(Western Empire / Battania, Expired)
19:05:15.309 [INFO] (Telemetry) [SNAPSHOT] date=Summer 15, 1104 kingdoms=8 atWar=0 wars=0 longestWarDays=0 avgExhaustion=0.0 claims=89 trustRecords=56 fabrications=0 nonAggressionPact=1 truce=7 defensivePact=9 alliance=6 tributaryPact=3 vassalage=0
19:05:19.298 [INFO] (Treaty) Expired, honoured in full: Truce(Western Empire / Vlandia, Expired)
19:05:43.309 [INFO] (Telemetry) [SNAPSHOT] date=Autumn 1, 1104 kingdoms=8 atWar=0 wars=0 longestWarDays=0 avgExhaustion=0.0 claims=88 trustRecords=56 fabrications=0 nonAggressionPact=1 truce=6 defensivePact=9 alliance=6 tributaryPact=3 vassalage=0
19:05:48.910 [INFO] (Core) War opened: Sturgia -> Battania (CausedByCallToWarAgreement => DefendAlly, legitimacy 1.00).
19:05:48.911 [INFO] (CallToArms) Sturgia answered Western Empire and declared war on Battania.
19:05:48.912 [INFO] (Core) War opened: Aserai -> Western Empire (CausedByCallToWarAgreement => DefendAlly, legitimacy 1.00).
19:05:48.913 [INFO] (CallToArms) Aserai answered Battania and declared war on Western Empire.
19:05:48.913 [INFO] (Core) War opened: Battania -> Western Empire (CausedByKingdomDecision => ReclaimAncestralLand, legitimacy 0.70).
19:05:55.952 [INFO] (Treaty) Truce recorded until Autumn 4, 1105 between Aserai and Western Empire.
19:05:55.953 [INFO] (Telemetry) [WAR-ENDED] aggressor=Aserai defender=Western_Empire days=2 casusBelli=DefendAlly finalScore=1.7 exhaustion=0.3/0.5 fiefsTaken=0/0 calledBy=Battania
19:05:55.953 [INFO] (Core) War closed after 2 days: Aserai vs Western Empire [DefendAlly] score=1.70 exhaustion=0.28/0.52 | weariness now Aserai=92.9, Western Empire=91.6.
19:06:03.296 [INFO] (Treaty) Expired, honoured in full: Truce(Sturgia / Khuzait, Expired)
19:06:03.297 [INFO] (Treaty) Expired, honoured in full: Truce(Khuzait / Southern Empire, Expired)
19:06:11.310 [INFO] (Telemetry) [SNAPSHOT] date=Autumn 8, 1104 kingdoms=8 atWar=3 wars=2 longestWarDays=6 avgExhaustion=5.8 claims=88 trustRecords=56 fabrications=0 nonAggressionPact=1 truce=5 defensivePact=9 alliance=6 tributaryPact=3 vassalage=0
19:06:15.310 [INFO] (Treaty) Expired, honoured in full: DefensivePact(Khuzait / Battania, Expired)
19:06:20.992 [INFO] (Core) War opened: Battania -> Khuzait (CausedByCallToWarAgreement => DefendAlly, legitimacy 1.00).
19:06:20.993 [INFO] (CallToArms) Battania answered Southern Empire and declared war on Khuzait.
19:06:20.993 [INFO] (Core) War opened: Sturgia -> Khuzait (CausedByCallToWarAgreement => DefendAlly, legitimacy 1.00).
19:06:20.994 [INFO] (CallToArms) Sturgia answered Southern Empire and declared war on Khuzait.
19:06:20.994 [INFO] (Core) War opened: Khuzait -> Southern Empire (CausedByKingdomDecision => Conquest, legitimacy 0.20).
19:06:33.281 [INFO] (Claims) Battania now has a claim to retake Hertogea Castle from Western Empire.
19:06:37.250 [INFO] (Claims) Battania now has a claim to retake Flintolg Castle from Sturgia.
19:06:39.396 [INFO] (Telemetry) [SNAPSHOT] date=Autumn 15, 1104 kingdoms=8 atWar=5 wars=5 longestWarDays=13 avgExhaustion=9.6 claims=90 trustRecords=56 fabrications=0 nonAggressionPact=1 truce=5 defensivePact=8 alliance=6 tributaryPact=3 vassalage=0
19:06:45.044 [INFO] (Treaty) Truce recorded until Autumn 17, 1105 between Khuzait and Battania.
19:06:45.045 [INFO] (Telemetry) [WAR-ENDED] aggressor=Battania defender=Khuzait days=6 casusBelli=DefendAlly finalScore=4.5 exhaustion=1.2/1.5 fiefsTaken=0/0 calledBy=Southern_Empire
19:06:45.045 [INFO] (Core) War closed after 6 days: Battania vs Khuzait [DefendAlly] score=4.48 exhaustion=1.16/1.47 | weariness now Khuzait=91.7, Battania=92.3.
19:06:47.395 [INFO] (Treaty) Expired, honoured in full: NonAggressionPact(Western Empire / Khuzait, Expired)
19:06:51.403 [INFO] (Treaty) Expired, honoured in full: Alliance(Western Empire / Sturgia, Expired)
19:06:55.408 [INFO] (Treaty) Expired, honoured in full: DefensivePact(Southern Empire / Battania, Expired)
19:07:03.143 [INFO] (Claims) Battania now has a claim to retake Gersegos Castle from Western Empire.
19:07:06.837 [INFO] (Core) War opened: Khuzait -> Northern Empire (CausedByCallToWarAgreement => DefendAlly, legitimacy 1.00).
19:07:06.839 [INFO] (CallToArms) Khuzait answered Western Empire and declared war on Northern Empire.
19:07:06.839 [INFO] (Core) War opened: Northern Empire -> Western Empire (CausedByKingdomDecision => ReclaimAncestralLand, legitimacy 0.70).
19:07:07.427 [INFO] (Treaty) Truce recorded until Winter 1, 1105 between Sturgia and Khuzait.
19:07:07.427 [INFO] (Telemetry) [WAR-ENDED] aggressor=Sturgia defender=Khuzait days=12 casusBelli=DefendAlly finalScore=-11.1 exhaustion=10.1/4.4 fiefsTaken=0/0 calledBy=Southern_Empire
19:07:07.427 [INFO] (Core) War closed after 12 days: Sturgia vs Khuzait [DefendAlly] score=-11.11 exhaustion=10.14/4.43 | weariness now Sturgia=89.9, Khuzait=93.2.
19:07:07.429 [INFO] (CallToArms) Sturgia leaves the war against Khuzait now that Southern Empire has made peace.
19:07:07.429 [INFO] (Treaty) Truce recorded until Winter 1, 1105 between Southern Empire and Khuzait.
19:07:07.429 [INFO] (Telemetry) [WAR-ENDED] aggressor=Khuzait defender=Southern_Empire days=12 casusBelli=Conquest finalScore=15.5 exhaustion=8.0/42.7 fiefsTaken=0/0 calledBy=none
19:07:07.430 [INFO] (Core) War closed after 12 days: Khuzait vs Southern Empire [Conquest] score=15.55 exhaustion=7.98/42.71 | weariness now Southern Empire=100.0, Khuzait=97.2.
19:07:07.457 [INFO] (Treaty) Signed: TributaryPact(Northern Empire / Southern Empire, Active) tribute 500 from Southern Empire every 7 days
19:07:07.457 [INFO] (AI) Northern Empire imposed a tributary pact on Southern Empire.
19:07:07.460 [INFO] (Telemetry) [SNAPSHOT] date=Winter 1, 1104 kingdoms=8 atWar=5 wars=4 longestWarDays=20 avgExhaustion=18.6 claims=92 trustRecords=56 fabrications=0 nonAggressionPact=0 truce=8 defensivePact=7 alliance=5 tributaryPact=4 vassalage=0
19:07:11.448 [INFO] (Treaty) Signed: Alliance(Khuzait / Western Empire, Active)
19:07:11.448 [INFO] (AI) Khuzait signed a Alliance with Western Empire (mutual value 78).
19:07:19.445 [INFO] (Treaty) Signed: DefensivePact(Battania / Northern Empire, Active)
19:07:19.445 [INFO] (AI) Battania signed a DefensivePact with Northern Empire (mutual value 51).
19:07:35.460 [INFO] (Telemetry) [SNAPSHOT] date=Winter 8, 1104 kingdoms=8 atWar=5 wars=4 longestWarDays=27 avgExhaustion=24.9 claims=92 trustRecords=56 fabrications=0 nonAggressionPact=0 truce=8 defensivePact=8 alliance=6 tributaryPact=4 vassalage=0
19:07:47.458 [INFO] (Treaty) Expired, honoured in full: Truce(Southern Empire / Western Empire, Expired)
19:07:51.105 [INFO] (Treaty) Truce recorded until Winter 12, 1105 between Sturgia and Battania.
19:07:51.105 [INFO] (Telemetry) [WAR-ENDED] aggressor=Sturgia defender=Battania days=31 casusBelli=DefendAlly finalScore=-0.1 exhaustion=40.8/54.4 fiefsTaken=1/0 calledBy=Western_Empire
19:07:51.106 [INFO] (Core) War closed after 31 days: Sturgia vs Battania [DefendAlly] score=-0.13 exhaustion=40.76/54.39 | weariness now Sturgia=100.0, Battania=100.0.
19:07:51.108 [INFO] (CallToArms) Sturgia leaves the war against Battania now that Western Empire has made peace.
19:07:51.108 [INFO] (Treaty) Truce recorded until Winter 12, 1105 between Western Empire and Battania.
19:07:51.108 [INFO] (Telemetry) [WAR-ENDED] aggressor=Battania defender=Western_Empire days=31 casusBelli=ReclaimAncestralLand finalScore=18.0 exhaustion=50.1/59.7 fiefsTaken=0/2 calledBy=none
19:07:51.108 [INFO] (Core) War closed after 31 days: Battania vs Western Empire [ReclaimAncestralLand] score=18.02 exhaustion=50.05/59.71 | weariness now Western Empire=100.0, Battania=100.0.
19:07:51.471 [INFO] (Treaty) Signed: DefensivePact(Southern Empire / Battania, Active)
19:07:51.471 [INFO] (AI) Southern Empire signed a DefensivePact with Battania (mutual value 48).
19:07:52.925 [INFO] (Claims) Northern Empire now has a claim to retake Amprela from Khuzait.
19:07:57.409 [INFO] (Claims) Western Empire now has a claim to retake Ataconia Castle from Northern Empire.
19:08:03.575 [INFO] (Telemetry) [SNAPSHOT] date=Winter 15, 1104 kingdoms=8 atWar=3 wars=2 longestWarDays=14 avgExhaustion=18.3 claims=91 trustRecords=56 fabrications=0 nonAggressionPact=0 truce=9 defensivePact=9 alliance=6 tributaryPact=4 vassalage=0
19:08:06.845 [INFO] (Treaty) Truce recorded until Winter 16, 1105 between Northern Empire and Khuzait.
19:08:06.845 [INFO] (Telemetry) [WAR-ENDED] aggressor=Khuzait defender=Northern_Empire days=15 casusBelli=DefendAlly finalScore=19.7 exhaustion=9.2/21.9 fiefsTaken=1/0 calledBy=Western_Empire
19:08:06.846 [INFO] (Core) War closed after 15 days: Khuzait vs Northern Empire [DefendAlly] score=19.66 exhaustion=9.23/21.86 | weariness now Northern Empire=100.0, Khuzait=99.6.
19:08:23.588 [INFO] (Treaty) Expired, honoured in full: Truce(Khuzait / Aserai, Expired)
19:08:27.585 [INFO] (Treaty) Signed: DefensivePact(Sturgia / Northern Empire, Active)
19:08:27.585 [INFO] (AI) Sturgia signed a DefensivePact with Northern Empire (mutual value 69).
19:08:31.592 [INFO] (Telemetry) [SNAPSHOT] date=Spring 1, 1105 kingdoms=8 atWar=2 wars=1 longestWarDays=21 avgExhaustion=47.1 claims=91 trustRecords=56 fabrications=0 nonAggressionPact=0 truce=9 defensivePact=10 alliance=6 tributaryPact=4 vassalage=0
19:08:43.599 [INFO] (Treaty) Expired, honoured in full: DefensivePact(Western Empire / Sturgia, Expired)
19:08:47.989 [INFO] (Core) War opened: Sturgia -> Western Empire (CausedByKingdomDecision => ReclaimAncestralLand, legitimacy 0.70).
19:08:47.992 [INFO] (Treaty) Battania went to war despite a Truce with Sturgia - recording it as a breach.
19:08:47.992 [INFO] (Treaty) Battania broke Truce with Sturgia - Sturgia now has a casus belli.
19:08:47.992 [INFO] (Core) War opened: Battania -> Sturgia (CausedByCallToWarAgreement => DefendAlly, legitimacy 1.00).
19:08:51.448 [INFO] (Treaty) Truce recorded until Spring 6, 1106 between Western Empire and Northern Empire.
19:08:51.449 [INFO] (Telemetry) [WAR-ENDED] aggressor=Northern_Empire defender=Western_Empire days=26 casusBelli=ReclaimAncestralLand finalScore=8.9 exhaustion=47.0/68.6 fiefsTaken=1/0 calledBy=none
19:08:51.449 [INFO] (Core) War closed after 26 days: Northern Empire vs Western Empire [ReclaimAncestralLand] score=8.92 exhaustion=47.03/68.59 | weariness now Western Empire=100.0, Northern Empire=100.0.
19:08:55.609 [INFO] (Treaty) Expired, honoured in full: Alliance(Aserai / Battania, Expired)
19:08:59.606 [INFO] (Telemetry) [SNAPSHOT] date=Spring 8, 1105 kingdoms=8 atWar=3 wars=2 longestWarDays=3 avgExhaustion=0.6 claims=93 trustRecords=56 fabrications=0 nonAggressionPact=0 truce=9 defensivePact=9 alliance=5 tributaryPact=4 vassalage=0
19:09:03.604 [INFO] (Treaty) Expired, honoured in full: DefensivePact(Vlandia / Aserai, Expired)
19:09:07.600 [INFO] (Treaty) Signed: Alliance(Western Empire / Battania, Active)
19:09:07.601 [INFO] (AI) Western Empire signed a Alliance with Battania (mutual value 91).
19:09:19.602 [INFO] (Treaty) Expired, honoured in full: DefensivePact(Aserai / Northern Empire, Expired)
19:09:27.611 [INFO] (Telemetry) [SNAPSHOT] date=Spring 15, 1105 kingdoms=8 atWar=3 wars=2 longestWarDays=10 avgExhaustion=3.8 claims=93 trustRecords=56 fabrications=0 nonAggressionPact=0 truce=9 defensivePact=7 alliance=6 tributaryPact=4 vassalage=0
19:09:31.610 [INFO] (Treaty) Expired, honoured in full: Truce(Battania / Northern Empire, Expired)
19:09:31.610 [INFO] (Treaty) Expired, honoured in full: Truce(Southern Empire / Northern Empire, Expired)
19:09:33.500 [INFO] (Core) War opened: Sturgia -> Vlandia (CausedByCallToWarAgreement => DefendAlly, legitimacy 1.00).
19:09:33.501 [INFO] (CallToArms) Sturgia answered Aserai and declared war on Vlandia.
19:09:33.501 [INFO] (Core) War opened: Vlandia -> Aserai (CausedByKingdomDecision => ReclaimAncestralLand, legitimacy 0.70).
19:09:40.709 [INFO] (Treaty) Truce recorded until Spring 18, 1106 between Vlandia and Sturgia.
19:09:40.709 [INFO] (Telemetry) [WAR-ENDED] aggressor=Sturgia defender=Vlandia days=2 casusBelli=DefendAlly finalScore=0.0 exhaustion=0.2/0.2 fiefsTaken=0/0 calledBy=Aserai
19:09:40.709 [INFO] (Core) War closed after 2 days: Sturgia vs Vlandia [DefendAlly] score=0.00 exhaustion=0.16/0.16 | weariness now Vlandia=61.2, Sturgia=95.9.
19:09:47.619 [INFO] (Treaty) Signed: DefensivePact(Aserai / Northern Empire, Active)
19:09:47.619 [INFO] (AI) Aserai signed a DefensivePact with Northern Empire (mutual value 51).
19:09:53.905 [INFO] (Claims) Sturgia now has a claim to retake Uthelaim Castle from Western Empire.
19:09:55.653 [INFO] (Telemetry) [SNAPSHOT] date=Summer 1, 1105 kingdoms=8 atWar=5 wars=3 longestWarDays=17 avgExhaustion=13.0 claims=95 trustRecords=56 fabrications=0 nonAggressionPact=0 truce=8 defensivePact=8 alliance=6 tributaryPact=4 vassalage=0
19:10:06.573 [INFO] (Claims) Sturgia now has a claim to retake Flintolg Castle from Battania.
19:10:17.471 [INFO] (Core) War opened: Khuzait -> Aserai (CausedByKingdomDecision => ReclaimAncestralLand, legitimacy 0.70).
19:10:18.168 [INFO] (Claims) Western Empire now has a claim to retake Uthelaim Castle from Sturgia.
19:10:23.742 [INFO] (Telemetry) [SNAPSHOT] date=Summer 8, 1105 kingdoms=8 atWar=6 wars=4 longestWarDays=24 avgExhaustion=14.8 claims=96 trustRecords=56 fabrications=0 nonAggressionPact=0 truce=8 defensivePact=8 alliance=6 tributaryPact=4 vassalage=0
19:10:45.508 [INFO] (Claims) Aserai now has a claim to retake Tubilis Castle from Vlandia.
19:10:51.809 [INFO] (Telemetry) [SNAPSHOT] date=Summer 15, 1105 kingdoms=8 atWar=6 wars=4 longestWarDays=31 avgExhaustion=26.9 claims=95 trustRecords=56 fabrications=0 nonAggressionPact=0 truce=8 defensivePact=8 alliance=6 tributaryPact=4 vassalage=0
19:11:02.362 [INFO] (Claims) Sturgia now has a claim to retake Uthelaim Castle from Western Empire.
19:11:03.852 [INFO] (Treaty) Truce recorded until Summer 18, 1106 between Sturgia and Battania.
19:11:03.852 [INFO] (Telemetry) [WAR-ENDED] aggressor=Battania defender=Sturgia days=34 casusBelli=DefendAlly finalScore=-12.1 exhaustion=61.7/59.4 fiefsTaken=1/0 calledBy=none
19:11:03.852 [INFO] (Core) War closed after 34 days: Battania vs Sturgia [DefendAlly] score=-12.10 exhaustion=61.69/59.42 | weariness now Sturgia=100.0, Battania=100.0.
19:11:03.855 [INFO] (Peace) Sturgia and Battania made peace: white peace.
19:11:03.856 [INFO] (AI) Battania sued for peace with Sturgia at exhaustion 61.7: white peace.
19:11:04.637 [INFO] (Treaty) Truce recorded until Summer 18, 1106 between Aserai and Vlandia.
19:11:04.638 [INFO] (Telemetry) [WAR-ENDED] aggressor=Vlandia defender=Aserai days=23 casusBelli=ReclaimAncestralLand finalScore=43.2 exhaustion=17.7/38.5 fiefsTaken=1/0 calledBy=none
19:11:04.638 [INFO] (Core) War closed after 23 days: Vlandia vs Aserai [ReclaimAncestralLand] score=43.16 exhaustion=17.71/38.52 | weariness now Aserai=100.0, Vlandia=66.9.
19:11:14.738 [INFO] (Claims) Aserai now has a claim to retake Shibal Zumr Castle from Khuzait.
19:11:19.909 [INFO] (Treaty) Signed: NonAggressionPact(Vlandia / Southern Empire, Active)
19:11:19.909 [INFO] (AI) Vlandia signed a NonAggressionPact with Southern Empire (mutual value 31).
19:11:19.911 [INFO] (Telemetry) [SNAPSHOT] date=Autumn 1, 1105 kingdoms=8 atWar=4 wars=2 longestWarDays=38 avgExhaustion=24.7 claims=94 trustRecords=56 fabrications=0 nonAggressionPact=1 truce=10 defensivePact=8 alliance=6 tributaryPact=4 vassalage=0
19:11:35.918 [INFO] (Treaty) Expired, honoured in full: Truce(Aserai / Western Empire, Expired)
19:11:39.912 [INFO] (Treaty) Expired, honoured in full: DefensivePact(Southern Empire / Sturgia, Expired)
19:11:39.913 [INFO] (Treaty) Expired, honoured in full: TributaryPact(Aserai / Southern Empire, Expired)
19:11:46.651 [INFO] (Claims) Aserai now has a claim to retake Tamnuh Castle from Khuzait.
19:11:47.562 [INFO] (Claims) Khuzait now has a claim to retake Shibal Zumr Castle from Aserai.
19:11:47.984 [INFO] (Telemetry) [SNAPSHOT] date=Autumn 8, 1105 kingdoms=8 atWar=4 wars=2 longestWarDays=45 avgExhaustion=40.7 claims=93 trustRecords=56 fabrications=0 nonAggressionPact=1 truce=9 defensivePact=7 alliance=6 tributaryPact=3 vassalage=0
19:12:03.995 [INFO] (Treaty) Signed: DefensivePact(Southern Empire / Sturgia, Active)
19:12:03.996 [INFO] (AI) Southern Empire signed a DefensivePact with Sturgia (mutual value 64).
19:12:12.004 [INFO] (Treaty) Truce recorded until Autumn 14, 1106 between Western Empire and Sturgia.
19:12:12.005 [INFO] (Telemetry) [WAR-ENDED] aggressor=Sturgia defender=Western_Empire days=51 casusBelli=ReclaimAncestralLand finalScore=-40.8 exhaustion=71.6/62.1 fiefsTaken=1/2 calledBy=none
19:12:12.005 [INFO] (Core) War closed after 51 days: Sturgia vs Western Empire [ReclaimAncestralLand] score=-40.81 exhaustion=71.65/62.14 | weariness now Western Empire=100.0, Sturgia=100.0.
19:12:12.007 [INFO] (Peace) Western Empire and Sturgia made peace: white peace.
19:12:12.007 [INFO] (AI) Sturgia sued for peace with Western Empire at exhaustion 69.4: white peace.
19:12:16.005 [INFO] (Telemetry) [SNAPSHOT] date=Autumn 15, 1105 kingdoms=8 atWar=2 wars=1 longestWarDays=30 avgExhaustion=39.6 claims=92 trustRecords=56 fabrications=0 nonAggressionPact=1 truce=10 defensivePact=8 alliance=6 tributaryPact=3 vassalage=0
19:12:24.014 [INFO] (Treaty) Expired, honoured in full: Truce(Khuzait / Battania, Expired)
19:12:24.749 [INFO] (Claims) Aserai now has a claim to retake Shibal Zumr Castle from Khuzait.
19:12:44.055 [INFO] (Treaty) Expired, honoured in full: Truce(Sturgia / Khuzait, Expired)
19:12:44.055 [INFO] (Treaty) Expired, honoured in full: Truce(Southern Empire / Khuzait, Expired)
19:12:44.059 [INFO] (Telemetry) [SNAPSHOT] date=Winter 1, 1105 kingdoms=8 atWar=2 wars=1 longestWarDays=37 avgExhaustion=49.1 claims=89 trustRecords=56 fabrications=0 nonAggressionPact=1 truce=7 defensivePact=8 alliance=6 tributaryPact=3 vassalage=0
19:12:48.060 [INFO] (Treaty) Signed: DefensivePact(Khuzait / Battania, Active)
19:12:48.061 [INFO] (AI) Khuzait signed a DefensivePact with Battania (mutual value 47).
19:13:04.066 [INFO] (Treaty) Truce recorded until Winter 6, 1106 between Khuzait and Aserai.
19:13:04.067 [INFO] (Telemetry) [WAR-ENDED] aggressor=Khuzait defender=Aserai days=42 casusBelli=ReclaimAncestralLand finalScore=27.2 exhaustion=44.9/72.1 fiefsTaken=3/1 calledBy=none
19:13:04.067 [INFO] (Core) War closed after 42 days: Khuzait vs Aserai [ReclaimAncestralLand] score=27.18 exhaustion=44.95/72.15 | weariness now Khuzait=100.0, Aserai=100.0.
19:13:04.070 [INFO] (Peace) Khuzait and Aserai made peace: white peace.
19:13:04.070 [INFO] (AI) Aserai sued for peace with Khuzait at exhaustion 72.1: white peace.
19:13:12.074 [INFO] (Treaty) Expired, honoured in full: TributaryPact(Vlandia / Western Empire, Expired)
19:13:12.079 [INFO] (Telemetry) [SNAPSHOT] date=Winter 8, 1105 kingdoms=8 atWar=0 wars=0 longestWarDays=0 avgExhaustion=0.0 claims=87 trustRecords=56 fabrications=0 nonAggressionPact=1 truce=8 defensivePact=9 alliance=6 tributaryPact=2 vassalage=0
19:13:25.800 [INFO] (Core) War opened: Southern Empire -> Khuzait (CausedByCallToWarAgreement => DefendAlly, legitimacy 1.00).
19:13:25.801 [INFO] (CallToArms) Southern Empire answered Sturgia and declared war on Khuzait.
19:13:25.801 [INFO] (Core) War opened: Khuzait -> Sturgia (CausedByKingdomDecision => ReclaimAncestralLand, legitimacy 0.70).
19:13:28.070 [INFO] (Treaty) Expired, honoured in full: Truce(Western Empire / Battania, Expired)
19:13:40.078 [INFO] (Telemetry) [SNAPSHOT] date=Winter 15, 1105 kingdoms=8 atWar=3 wars=2 longestWarDays=4 avgExhaustion=3.2 claims=86 trustRecords=56 fabrications=0 nonAggressionPact=1 truce=7 defensivePact=9 alliance=6 tributaryPact=2 vassalage=0
19:13:44.072 [INFO] (Treaty) Expired, honoured in full: Truce(Northern Empire / Khuzait, Expired)
19:14:00.071 [INFO] (Treaty) Expired, honoured in full: DefensivePact(Aserai / Battania, Expired)
19:14:02.611 [INFO] (Claims) Khuzait now has a claim to retake Danustica from Southern Empire.
19:14:05.078 [INFO] (Core) War opened: Khuzait -> Vlandia (CausedByCallToWarAgreement => DefendAlly, legitimacy 1.00).
19:14:05.079 [INFO] (CallToArms) Khuzait answered Western Empire and declared war on Vlandia.
19:14:05.079 [INFO] (Core) War opened: Vlandia -> Western Empire (CausedByKingdomDecision => ReclaimAncestralLand, legitimacy 0.70).
19:14:05.082 [INFO] (Treaty) Battania went to war despite a DefensivePact with Vlandia - recording it as a breach.
19:14:05.082 [INFO] (Treaty) Battania broke DefensivePact with Vlandia - Vlandia now has a casus belli.
19:14:05.082 [INFO] (Core) War opened: Battania -> Vlandia (CausedByCallToWarAgreement => DefendAlly, legitimacy 1.00).
19:14:08.118 [INFO] (Treaty) Signed: DefensivePact(Vlandia / Sturgia, Active)
19:14:08.119 [INFO] (AI) Vlandia signed a DefensivePact with Sturgia (mutual value 59).
19:14:08.122 [INFO] (Telemetry) [SNAPSHOT] date=Spring 1, 1106 kingdoms=8 atWar=6 wars=5 longestWarDays=11 avgExhaustion=6.0 claims=89 trustRecords=56 fabrications=0 nonAggressionPact=1 truce=6 defensivePact=8 alliance=6 tributaryPact=2 vassalage=0
19:14:15.023 [INFO] (Claims) Sturgia now has a claim to retake Urikskala Castle from Khuzait.
19:14:17.923 [INFO] (Treaty) Truce recorded until Spring 4, 1107 between Khuzait and Vlandia.
19:14:17.924 [INFO] (Telemetry) [WAR-ENDED] aggressor=Khuzait defender=Vlandia days=3 casusBelli=DefendAlly finalScore=-4.6 exhaustion=0.8/0.3 fiefsTaken=0/0 calledBy=Western_Empire
19:14:17.924 [INFO] (Core) War closed after 3 days: Khuzait vs Vlandia [DefendAlly] score=-4.59 exhaustion=0.84/0.34 | weariness now Khuzait=97.6, Vlandia=59.9.
19:14:28.154 [INFO] (Treaty) Expired, honoured in full: Truce(Western Empire / Northern Empire, Expired)
19:14:32.339 [INFO] (Claims) Khuzait now has a claim to retake Shibal Zumr Castle from Southern Empire.
19:14:36.197 [INFO] (Telemetry) [SNAPSHOT] date=Spring 8, 1106 kingdoms=8 atWar=6 wars=4 longestWarDays=18 avgExhaustion=16.5 claims=90 trustRecords=56 fabrications=0 nonAggressionPact=1 truce=6 defensivePact=8 alliance=6 tributaryPact=2 vassalage=0
19:14:39.584 [INFO] (Claims) Battania now has a claim to retake Ormanfard Castle from Vlandia.
19:14:53.063 [INFO] (Claims) Khuzait now has a claim to retake Urikskala Castle from Sturgia.
19:14:55.620 [INFO] (Claims) Vlandia now has a claim to retake Thractorae Castle from Western Empire.
19:14:55.683 [INFO] (Core) War opened: Khuzait -> Northern Empire (CausedByCallToWarAgreement => DefendAlly, legitimacy 1.00).
19:14:55.684 [INFO] (CallToArms) Khuzait answered Western Empire and declared war on Northern Empire.
19:14:55.684 [INFO] (Core) War opened: Northern Empire -> Western Empire (CausedByKingdomDecision => ReclaimAncestralLand, legitimacy 0.70).
19:14:59.184 [INFO] (Claims) Vlandia now has a claim to retake Llanoc Hen Castle from Battania.
19:15:04.382 [INFO] (Telemetry) [SNAPSHOT] date=Spring 15, 1106 kingdoms=8 atWar=7 wars=6 longestWarDays=25 avgExhaustion=20.1 claims=91 trustRecords=56 fabrications=0 nonAggressionPact=1 truce=6 defensivePact=8 alliance=6 tributaryPact=2 vassalage=0
19:15:12.378 [INFO] (Treaty) Signed: DefensivePact(Western Empire / Battania, Active)
19:15:12.378 [INFO] (AI) Western Empire signed a DefensivePact with Battania (mutual value 63).
19:15:12.378 [INFO] (Treaty) Expired, honoured in full: TributaryPact(Western Empire / Southern Empire, Expired)
19:15:20.381 [INFO] (Treaty) Expired, honoured in full: Truce(Vlandia / Sturgia, Expired)
19:15:20.802 [INFO] (Claims) Khuzait now has a claim to retake Husn Fulq from Southern Empire.
19:15:27.619 [INFO] (Treaty) Truce recorded until Spring 21, 1107 between Khuzait and Southern Empire.
19:15:27.620 [INFO] (Telemetry) [WAR-ENDED] aggressor=Southern_Empire defender=Khuzait days=30 casusBelli=DefendAlly finalScore=94.1 exhaustion=40.8/71.7 fiefsTaken=3/0 calledBy=Sturgia
19:15:27.620 [INFO] (Core) War closed after 30 days: Southern Empire vs Khuzait [DefendAlly] score=94.09 exhaustion=40.78/71.69 | weariness now Khuzait=100.0, Southern Empire=100.0.
19:15:30.196 [INFO] (Claims) Sturgia now has a claim to retake Urikskala Castle from Khuzait.
19:15:32.456 [INFO] (Telemetry) [SNAPSHOT] date=Summer 1, 1106 kingdoms=8 atWar=6 wars=5 longestWarDays=32 avgExhaustion=24.3 claims=96 trustRecords=56 fabrications=0 nonAggressionPact=1 truce=6 defensivePact=9 alliance=6 tributaryPact=1 vassalage=0
19:15:36.691 [INFO] (Claims) Vlandia now has a claim to retake Ormanfard Castle from Battania.
19:15:40.825 [INFO] (Claims) Western Empire now has a claim to retake Gersegos Castle from Northern Empire.
19:15:44.251 [INFO] (Treaty) Truce recorded until Summer 4, 1107 between Khuzait and Northern Empire.
19:15:44.251 [INFO] (Telemetry) [WAR-ENDED] aggressor=Khuzait defender=Northern_Empire days=12 casusBelli=DefendAlly finalScore=-6.2 exhaustion=8.0/4.0 fiefsTaken=0/0 calledBy=Western_Empire
19:15:44.251 [INFO] (Core) War closed after 12 days: Khuzait vs Northern Empire [DefendAlly] score=-6.25 exhaustion=7.98/4.03 | weariness now Khuzait=100.0, Northern Empire=86.6.
19:15:44.253 [INFO] (CallToArms) Khuzait leaves the war against Northern Empire now that Western Empire has made peace.
19:15:44.253 [INFO] (Treaty) Truce recorded until Summer 4, 1107 between Western Empire and Northern Empire.
19:15:44.253 [INFO] (Telemetry) [WAR-ENDED] aggressor=Northern_Empire defender=Western_Empire days=12 casusBelli=ReclaimAncestralLand finalScore=35.1 exhaustion=10.4/33.8 fiefsTaken=1/0 calledBy=none
19:15:44.253 [INFO] (Core) War closed after 12 days: Northern Empire vs Western Empire [ReclaimAncestralLand] score=35.06 exhaustion=10.41/33.79 | weariness now Western Empire=100.0, Northern Empire=91.8.
19:16:00.566 [INFO] (Telemetry) [SNAPSHOT] date=Summer 8, 1106 kingdoms=8 atWar=5 wars=3 longestWarDays=39 avgExhaustion=41.8 claims=97 trustRecords=56 fabrications=0 nonAggressionPact=1 truce=8 defensivePact=9 alliance=6 tributaryPact=1 vassalage=0
19:16:01.035 [INFO] (Claims) Khuzait now has a claim to retake Urikskala Castle from Sturgia.
19:16:20.614 [INFO] (Treaty) Expired, honoured in full: Alliance(Aserai / Sturgia, Expired)
19:16:21.383 [INFO] (Core) War opened: Sturgia -> Aserai (CausedByCallToWarAgreement => DefendAlly, legitimacy 1.00).
19:16:21.384 [INFO] (CallToArms) Sturgia answered Southern Empire and declared war on Aserai.
19:16:21.384 [INFO] (Core) War opened: Battania -> Aserai (CausedByCallToWarAgreement => DefendAlly, legitimacy 1.00).
19:16:21.385 [INFO] (CallToArms) Battania answered Southern Empire and declared war on Aserai.
19:16:21.386 [INFO] (Core) War opened: Aserai -> Southern Empire (CausedByKingdomDecision => ReclaimAncestralLand, legitimacy 0.70).
19:16:22.091 [INFO] (Treaty) Truce recorded until Summer 14, 1107 between Battania and Aserai.
19:16:22.091 [INFO] (Telemetry) [WAR-ENDED] aggressor=Battania defender=Aserai days=0 casusBelli=DefendAlly finalScore=0.0 exhaustion=0.0/0.0 fiefsTaken=0/0 calledBy=Southern_Empire
19:16:22.091 [INFO] (Core) War closed after 0 days: Battania vs Aserai [DefendAlly] score=0.00 exhaustion=0.00/0.00 | weariness now Battania=88.0, Aserai=92.5.
19:16:24.050 [INFO] (Claims) Vlandia now has a claim to retake Garontor Castle from Western Empire.
19:16:24.636 [INFO] (Treaty) Truce recorded until Summer 14, 1107 between Khuzait and Sturgia.
19:16:24.636 [INFO] (Telemetry) [WAR-ENDED] aggressor=Khuzait defender=Sturgia days=45 casusBelli=ReclaimAncestralLand finalScore=7.8 exhaustion=52.3/74.6 fiefsTaken=2/2 calledBy=none
19:16:24.636 [INFO] (Core) War closed after 45 days: Khuzait vs Sturgia [ReclaimAncestralLand] score=7.83 exhaustion=52.34/74.62 | weariness now Khuzait=100.0, Sturgia=100.0.
19:16:24.637 [INFO] (Peace) Khuzait and Sturgia made peace: white peace.
19:16:24.637 [INFO] (AI) Sturgia sued for peace with Khuzait at exhaustion 74.6: white peace.
19:16:24.638 [INFO] (Treaty) Expired, honoured in full: Alliance(Sturgia / Southern Empire, Expired)
19:16:25.243 [INFO] (Treaty) Truce recorded until Summer 14, 1107 between Sturgia and Aserai.
19:16:25.243 [INFO] (Telemetry) [WAR-ENDED] aggressor=Sturgia defender=Aserai days=1 casusBelli=DefendAlly finalScore=0.0 exhaustion=0.1/0.1 fiefsTaken=0/0 calledBy=Southern_Empire
19:16:25.243 [INFO] (Core) War closed after 1 days: Sturgia vs Aserai [DefendAlly] score=0.00 exhaustion=0.08/0.08 | weariness now Sturgia=99.9, Aserai=92.4.
19:16:28.659 [INFO] (Treaty) Truce recorded until Summer 15, 1107 between Battania and Vlandia.
19:16:28.659 [INFO] (Telemetry) [WAR-ENDED] aggressor=Battania defender=Vlandia days=36 casusBelli=DefendAlly finalScore=40.5 exhaustion=65.2/63.1 fiefsTaken=2/1 calledBy=none
19:16:28.659 [INFO] (Core) War closed after 36 days: Battania vs Vlandia [DefendAlly] score=40.50 exhaustion=65.19/63.06 | weariness now Battania=100.0, Vlandia=86.6.
19:16:28.662 [INFO] (Peace) Battania and Vlandia made peace: white peace.
19:16:28.662 [INFO] (AI) Vlandia sued for peace with Battania at exhaustion 62.7: white peace.
19:16:28.665 [INFO] (Telemetry) [SNAPSHOT] date=Summer 15, 1106 kingdoms=8 atWar=4 wars=2 longestWarDays=36 avgExhaustion=16.4 claims=95 trustRecords=56 fabrications=0 nonAggressionPact=1 truce=12 defensivePact=9 alliance=4 tributaryPact=1 vassalage=0
19:16:40.663 [INFO] (Treaty) Signed: DefensivePact(Battania / Aserai, Active)
19:16:40.664 [INFO] (AI) Battania signed a DefensivePact with Aserai (mutual value 52).
19:16:44.669 [INFO] (Treaty) Expired, honoured in full: Truce(Sturgia / Battania, Expired)
19:16:44.669 [INFO] (Treaty) Expired, honoured in full: Truce(Aserai / Vlandia, Expired)
19:16:56.668 [INFO] (Telemetry) [SNAPSHOT] date=Autumn 1, 1106 kingdoms=8 atWar=4 wars=2 longestWarDays=43 avgExhaustion=22.1 claims=93 trustRecords=56 fabrications=0 nonAggressionPact=1 truce=10 defensivePact=10 alliance=4 tributaryPact=1 vassalage=0
19:16:58.104 [INFO] (Claims) Aserai now has a claim to retake Lavenia Castle from Southern Empire.
19:16:59.751 [INFO] (Treaty) Truce recorded until Autumn 2, 1107 between Aserai and Southern Empire.
19:16:59.752 [INFO] (Telemetry) [WAR-ENDED] aggressor=Aserai defender=Southern_Empire days=10 casusBelli=ReclaimAncestralLand finalScore=-11.9 exhaustion=13.7/12.0 fiefsTaken=0/1 calledBy=none
19:16:59.752 [INFO] (Core) War closed after 10 days: Aserai vs Southern Empire [ReclaimAncestralLand] score=-11.95 exhaustion=13.67/12.00 | weariness now Aserai=98.0, Southern Empire=100.0.
19:17:00.697 [INFO] (Treaty) Expired, honoured in full: Alliance(Northern Empire / Sturgia, Expired)
19:17:00.697 [INFO] (Treaty) Expired, honoured in full: DefensivePact(Khuzait / Western Empire, Expired)
19:17:24.707 [INFO] (Telemetry) [SNAPSHOT] date=Autumn 8, 1106 kingdoms=8 atWar=2 wars=1 longestWarDays=50 avgExhaustion=55.0 claims=92 trustRecords=56 fabrications=0 nonAggressionPact=1 truce=11 defensivePact=9 alliance=3 tributaryPact=1 vassalage=0
19:17:48.942 [INFO] (Core) War opened: Southern Empire -> Western Empire (CausedByKingdomDecision => ReclaimAncestralLand, legitimacy 0.70).
19:17:52.709 [INFO] (Treaty) Truce recorded until Autumn 15, 1107 between Western Empire and Vlandia.
19:17:52.709 [INFO] (Telemetry) [WAR-ENDED] aggressor=Vlandia defender=Western_Empire days=57 casusBelli=ReclaimAncestralLand finalScore=-44.3 exhaustion=70.7/66.4 fiefsTaken=0/2 calledBy=none
19:17:52.709 [INFO] (Core) War closed after 57 days: Vlandia vs Western Empire [ReclaimAncestralLand] score=-44.30 exhaustion=70.75/66.38 | weariness now Western Empire=100.0, Vlandia=100.0.
19:17:52.712 [INFO] (Peace) Western Empire and Vlandia made peace: white peace.
19:17:52.712 [INFO] (AI) Vlandia sued for peace with Western Empire at exhaustion 70.7: white peace.
19:17:52.712 [INFO] (Treaty) Expired, honoured in full: Truce(Western Empire / Sturgia, Expired)
19:17:52.715 [INFO] (Telemetry) [SNAPSHOT] date=Autumn 15, 1106 kingdoms=8 atWar=2 wars=1 longestWarDays=1 avgExhaustion=0.1 claims=92 trustRecords=56 fabrications=0 nonAggressionPact=1 truce=11 defensivePact=9 alliance=3 tributaryPact=1 vassalage=0
19:18:20.720 [INFO] (Telemetry) [SNAPSHOT] date=Winter 1, 1106 kingdoms=8 atWar=2 wars=1 longestWarDays=8 avgExhaustion=8.1 claims=93 trustRecords=56 fabrications=0 nonAggressionPact=1 truce=11 defensivePact=9 alliance=3 tributaryPact=1 vassalage=0
19:18:24.719 [INFO] (Treaty) Expired, honoured in full: TributaryPact(Northern Empire / Southern Empire, Expired)
19:18:45.429 [INFO] (Core) War opened: Northern Empire -> Southern Empire (CausedByKingdomDecision => ReclaimAncestralLand, legitimacy 0.70).
19:18:46.201 [INFO] (Treaty) Expired, honoured in full: Truce(Khuzait / Aserai, Expired)
19:18:50.204 [INFO] (Treaty) Signed: Alliance(Northern Empire / Western Empire, Active)
19:18:50.204 [INFO] (AI) Northern Empire signed a Alliance with Western Empire (mutual value 75).
19:18:50.206 [INFO] (Telemetry) [SNAPSHOT] date=Winter 8, 1106 kingdoms=8 atWar=3 wars=2 longestWarDays=15 avgExhaustion=16.5 claims=92 trustRecords=56 fabrications=0 nonAggressionPact=1 truce=10 defensivePact=9 alliance=4 tributaryPact=0 vassalage=0
19:18:54.199 [INFO] (Treaty) Signed: TributaryPact(Khuzait / Southern Empire, Active) tribute 500 from Southern Empire every 7 days
19:18:54.199 [INFO] (AI) Khuzait imposed a tributary pact on Southern Empire.
19:19:06.434 [INFO] (Treaty) Truce recorded until Winter 12, 1107 between Southern Empire and Western Empire.
19:19:06.435 [INFO] (Telemetry) [WAR-ENDED] aggressor=Southern_Empire defender=Western_Empire days=19 casusBelli=ReclaimAncestralLand finalScore=8.9 exhaustion=34.3/36.0 fiefsTaken=0/0 calledBy=none
19:19:06.435 [INFO] (Core) War closed after 19 days: Southern Empire vs Western Empire [ReclaimAncestralLand] score=8.90 exhaustion=34.32/36.02 | weariness now Southern Empire=100.0, Western Empire=100.0.
19:19:18.206 [INFO] (Telemetry) [SNAPSHOT] date=Winter 15, 1106 kingdoms=8 atWar=2 wars=1 longestWarDays=8 avgExhaustion=9.1 claims=92 trustRecords=56 fabrications=0 nonAggressionPact=1 truce=11 defensivePact=9 alliance=4 tributaryPact=1 vassalage=0
19:19:30.210 [INFO] (Treaty) Expired, honoured in full: Alliance(Battania / Southern Empire, Expired)
19:19:43.860 [INFO] (Core) War opened: Western Empire -> Aserai (CausedByCallToWarAgreement => DefendAlly, legitimacy 1.00).
19:19:43.861 [INFO] (CallToArms) Western Empire answered Khuzait and declared war on Aserai.
19:19:43.861 [INFO] (Core) War opened: Khuzait -> Aserai (CausedByKingdomDecision => ReclaimAncestralLand, legitimacy 0.70).
19:19:46.219 [INFO] (Telemetry) [SNAPSHOT] date=Spring 1, 1107 kingdoms=8 atWar=5 wars=3 longestWarDays=15 avgExhaustion=12.4 claims=89 trustRecords=56 fabrications=0 nonAggressionPact=1 truce=11 defensivePact=9 alliance=3 tributaryPact=1 vassalage=0
19:19:46.321 [INFO] (Treaty) Truce recorded until Spring 1, 1108 between Southern Empire and Northern Empire.
19:19:46.321 [INFO] (Telemetry) [WAR-ENDED] aggressor=Northern_Empire defender=Southern_Empire days=15 casusBelli=ReclaimAncestralLand finalScore=26.4 exhaustion=21.0/54.2 fiefsTaken=0/0 calledBy=none
19:19:46.322 [INFO] (Core) War closed after 15 days: Northern Empire vs Southern Empire [ReclaimAncestralLand] score=26.39 exhaustion=21.03/54.23 | weariness now Southern Empire=100.0, Northern Empire=93.1.
19:19:47.030 [INFO] (Treaty) Truce recorded until Spring 1, 1108 between Aserai and Western Empire.
19:19:47.030 [INFO] (Telemetry) [WAR-ENDED] aggressor=Western_Empire defender=Aserai days=1 casusBelli=DefendAlly finalScore=0.0 exhaustion=0.1/0.1 fiefsTaken=0/0 calledBy=Khuzait
19:19:47.031 [INFO] (Core) War closed after 1 days: Western Empire vs Aserai [DefendAlly] score=0.00 exhaustion=0.08/0.08 | weariness now Aserai=91.8, Western Empire=98.5.
19:19:58.225 [INFO] (Treaty) Expired, honoured in full: Truce(Khuzait / Vlandia, Expired)
19:20:10.222 [INFO] (Treaty) Signed: Alliance(Sturgia / Northern Empire, Active)
19:20:10.222 [INFO] (AI) Sturgia signed a Alliance with Northern Empire (mutual value 74).
19:20:14.221 [INFO] (Telemetry) [SNAPSHOT] date=Spring 8, 1107 kingdoms=8 atWar=2 wars=1 longestWarDays=8 avgExhaustion=1.9 claims=87 trustRecords=56 fabrications=0 nonAggressionPact=1 truce=12 defensivePact=9 alliance=4 tributaryPact=1 vassalage=0
19:20:42.230 [INFO] (Telemetry) [SNAPSHOT] date=Spring 15, 1107 kingdoms=8 atWar=2 wars=1 longestWarDays=15 avgExhaustion=19.5 claims=88 trustRecords=56 fabrications=0 nonAggressionPact=1 truce=12 defensivePact=9 alliance=4 tributaryPact=1 vassalage=0
19:21:06.224 [INFO] (Treaty) Expired, honoured in full: Truce(Khuzait / Southern Empire, Expired)
19:21:07.497 [INFO] (Core) War opened: Northern Empire -> Vlandia (CausedByCallToWarAgreement => DefendAlly, legitimacy 1.00).
19:21:07.499 [INFO] (CallToArms) Northern Empire answered Aserai and declared war on Vlandia.
19:21:07.499 [INFO] (Core) War opened: Vlandia -> Aserai (CausedByKingdomDecision => ReclaimAncestralLand, legitimacy 0.70).
19:21:10.233 [INFO] (Treaty) Signed: Alliance(Northern Empire / Aserai, Active)
19:21:10.233 [INFO] (AI) Northern Empire signed a Alliance with Aserai (mutual value 89).
19:21:10.234 [INFO] (Treaty) Signed: DefensivePact(Vlandia / Khuzait, Active)
19:21:10.234 [INFO] (AI) Vlandia signed a DefensivePact with Khuzait (mutual value 51).
19:21:10.242 [INFO] (Telemetry) [SNAPSHOT] date=Summer 1, 1107 kingdoms=8 atWar=4 wars=3 longestWarDays=22 avgExhaustion=7.7 claims=87 trustRecords=56 fabrications=0 nonAggressionPact=1 truce=11 defensivePact=10 alliance=5 tributaryPact=1 vassalage=0
19:21:11.508 [INFO] (Treaty) Truce recorded until Summer 1, 1108 between Vlandia and Northern Empire.
19:21:11.508 [INFO] (Telemetry) [WAR-ENDED] aggressor=Northern_Empire defender=Vlandia days=1 casusBelli=DefendAlly finalScore=0.0 exhaustion=0.1/0.1 fiefsTaken=0/0 calledBy=Aserai
19:21:11.509 [INFO] (Core) War closed after 1 days: Northern Empire vs Vlandia [DefendAlly] score=0.00 exhaustion=0.08/0.08 | weariness now Vlandia=92.5, Northern Empire=90.0.
19:21:18.239 [INFO] (Treaty) Signed: DefensivePact(Western Empire / Khuzait, Active)
19:21:18.240 [INFO] (AI) Western Empire signed a DefensivePact with Khuzait (mutual value 47).
19:21:22.231 [INFO] (Treaty) Expired, honoured in full: Truce(Khuzait / Northern Empire, Expired)
19:21:22.231 [INFO] (Treaty) Expired, honoured in full: Truce(Western Empire / Northern Empire, Expired)
19:21:38.241 [INFO] (Telemetry) [SNAPSHOT] date=Summer 8, 1107 kingdoms=8 atWar=3 wars=2 longestWarDays=29 avgExhaustion=17.3 claims=87 trustRecords=56 fabrications=0 nonAggressionPact=1 truce=10 defensivePact=11 alliance=5 tributaryPact=1 vassalage=0
19:21:42.890 [INFO] (Treaty) Truce recorded until Summer 9, 1108 between Aserai and Khuzait.
19:21:42.891 [INFO] (Telemetry) [WAR-ENDED] aggressor=Khuzait defender=Aserai days=30 casusBelli=ReclaimAncestralLand finalScore=22.5 exhaustion=18.3/43.7 fiefsTaken=0/0 calledBy=none
19:21:42.891 [INFO] (Core) War closed after 30 days: Khuzait vs Aserai [ReclaimAncestralLand] score=22.51 exhaustion=18.33/43.72 | weariness now Aserai=100.0, Khuzait=97.2.
19:21:43.849 [INFO] (Core) War opened: Western Empire -> Sturgia (CausedByCallToWarAgreement => DefendAlly, legitimacy 1.00).
19:21:43.850 [INFO] (CallToArms) Western Empire answered Battania and declared war on Sturgia.
19:21:43.850 [INFO] (Core) War opened: Battania -> Sturgia (CausedByKingdomDecision => ReclaimAncestralLand, legitimacy 0.70).
19:22:02.248 [INFO] (Treaty) Expired, honoured in full: Truce(Battania / Aserai, Expired)
19:22:02.249 [INFO] (Treaty) Expired, honoured in full: Truce(Khuzait / Sturgia, Expired)
19:22:06.250 [INFO] (Treaty) Expired, honoured in full: Truce(Sturgia / Aserai, Expired)
19:22:06.250 [INFO] (Treaty) Expired, honoured in full: Truce(Battania / Vlandia, Expired)
19:22:06.253 [INFO] (Telemetry) [SNAPSHOT] date=Summer 15, 1107 kingdoms=8 atWar=5 wars=3 longestWarDays=15 avgExhaustion=4.5 claims=89 trustRecords=56 fabrications=0 nonAggressionPact=1 truce=7 defensivePact=11 alliance=5 tributaryPact=1 vassalage=0
19:22:29.433 [INFO] (Core) War opened: Sturgia -> Khuzait (CausedByCallToWarAgreement => DefendAlly, legitimacy 1.00).
19:22:29.434 [INFO] (CallToArms) Sturgia answered Northern Empire and declared war on Khuzait.
19:22:29.434 [INFO] (Core) War opened: Khuzait -> Northern Empire (CausedByKingdomDecision => ReclaimAncestralLand, legitimacy 0.70).
19:22:34.259 [INFO] (Telemetry) [SNAPSHOT] date=Autumn 1, 1107 kingdoms=8 atWar=7 wars=5 longestWarDays=22 avgExhaustion=13.2 claims=89 trustRecords=56 fabrications=0 nonAggressionPact=1 truce=7 defensivePact=11 alliance=5 tributaryPact=1 vassalage=0
19:22:38.255 [INFO] (Treaty) Expired, honoured in full: NonAggressionPact(Vlandia / Southern Empire, Expired)
19:22:38.255 [INFO] (Treaty) Expired, honoured in full: Truce(Aserai / Southern Empire, Expired)
19:22:38.742 [INFO] (Treaty) Truce recorded until Autumn 2, 1108 between Sturgia and Khuzait.
19:22:38.742 [INFO] (Telemetry) [WAR-ENDED] aggressor=Sturgia defender=Khuzait days=2 casusBelli=DefendAlly finalScore=-3.0 exhaustion=0.9/0.6 fiefsTaken=0/0 calledBy=Northern_Empire
19:22:38.742 [INFO] (Core) War closed after 2 days: Sturgia vs Khuzait [DefendAlly] score=-2.96 exhaustion=0.90/0.64 | weariness now Sturgia=86.4, Khuzait=95.4.
19:22:42.618 [INFO] (Treaty) Truce recorded until Autumn 3, 1108 between Sturgia and Western Empire.
19:22:42.619 [INFO] (Telemetry) [WAR-ENDED] aggressor=Western_Empire defender=Sturgia days=15 casusBelli=DefendAlly finalScore=39.5 exhaustion=6.2/17.8 fiefsTaken=0/0 calledBy=Battania
19:22:42.619 [INFO] (Core) War closed after 15 days: Western Empire vs Sturgia [DefendAlly] score=39.54 exhaustion=6.21/17.77 | weariness now Sturgia=95.1, Western Empire=95.0.
19:23:02.270 [INFO] (Treaty) Signed: NonAggressionPact(Vlandia / Southern Empire, Active)
19:23:02.270 [INFO] (AI) Vlandia signed a NonAggressionPact with Southern Empire (mutual value 35).
19:23:02.272 [INFO] (Telemetry) [SNAPSHOT] date=Autumn 8, 1107 kingdoms=8 atWar=6 wars=3 longestWarDays=29 avgExhaustion=25.2 claims=89 trustRecords=56 fabrications=0 nonAggressionPact=1 truce=8 defensivePact=11 alliance=5 tributaryPact=1 vassalage=0
19:23:12.041 [INFO] (Claims) Sturgia now has a claim to retake Varcheg from Battania.
19:23:26.323 [INFO] (Treaty) Truce recorded until Autumn 14, 1108 between Battania and Sturgia.
19:23:26.323 [INFO] (Telemetry) [WAR-ENDED] aggressor=Battania defender=Sturgia days=26 casusBelli=ReclaimAncestralLand finalScore=13.7 exhaustion=47.3/61.1 fiefsTaken=1/0 calledBy=none
19:23:26.323 [INFO] (Core) War closed after 26 days: Battania vs Sturgia [ReclaimAncestralLand] score=13.67 exhaustion=47.26/61.08 | weariness now Battania=100.0, Sturgia=100.0.
19:23:26.325 [INFO] (Peace) Battania and Sturgia made peace: white peace.
19:23:26.325 [INFO] (AI) Sturgia sued for peace with Battania at exhaustion 60.2: white peace.
19:23:27.138 [INFO] (Claims) Northern Empire now has a claim to retake Epinosa Castle from Khuzait.
19:23:30.370 [INFO] (Treaty) Expired, honoured in full: Truce(Western Empire / Vlandia, Expired)
19:23:30.373 [INFO] (Telemetry) [SNAPSHOT] date=Autumn 15, 1107 kingdoms=8 atWar=4 wars=2 longestWarDays=36 avgExhaustion=37.5 claims=91 trustRecords=56 fabrications=0 nonAggressionPact=1 truce=8 defensivePact=11 alliance=5 tributaryPact=1 vassalage=0
19:23:42.209 [INFO] (Claims) Vlandia now has a claim to retake Tubilis Castle from Aserai.
19:23:43.222 [INFO] (Treaty) Truce recorded until Autumn 18, 1108 between Aserai and Vlandia.
19:23:43.223 [INFO] (Telemetry) [WAR-ENDED] aggressor=Vlandia defender=Aserai days=39 casusBelli=ReclaimAncestralLand finalScore=1.7 exhaustion=43.2/61.5 fiefsTaken=0/1 calledBy=none
19:23:43.223 [INFO] (Core) War closed after 39 days: Vlandia vs Aserai [ReclaimAncestralLand] score=1.71 exhaustion=43.20/61.54 | weariness now Aserai=100.0, Vlandia=100.0.
19:23:58.418 [INFO] (Telemetry) [SNAPSHOT] date=Winter 1, 1107 kingdoms=8 atWar=2 wars=1 longestWarDays=22 avgExhaustion=42.7 claims=89 trustRecords=56 fabrications=0 nonAggressionPact=1 truce=9 defensivePact=11 alliance=5 tributaryPact=1 vassalage=0
19:24:02.412 [INFO] (Treaty) Expired, honoured in full: Alliance(Khuzait / Western Empire, Expired)
19:24:10.416 [INFO] (Treaty) Expired, honoured in full: DefensivePact(Battania / Northern Empire, Expired)
19:24:26.418 [INFO] (Treaty) Truce recorded until Winter 8, 1108 between Khuzait and Northern Empire.
19:24:26.418 [INFO] (Telemetry) [WAR-ENDED] aggressor=Khuzait defender=Northern_Empire days=29 casusBelli=ReclaimAncestralLand finalScore=81.0 exhaustion=37.4/78.2 fiefsTaken=1/0 calledBy=none
19:24:26.418 [INFO] (Core) War closed after 29 days: Khuzait vs Northern Empire [ReclaimAncestralLand] score=80.99 exhaustion=37.40/78.18 | weariness now Khuzait=100.0, Northern Empire=100.0.
19:24:26.421 [INFO] (Peace) Khuzait and Northern Empire made peace: white peace.
19:24:26.422 [INFO] (AI) Northern Empire sued for peace with Khuzait at exhaustion 77.0: white peace.
19:24:26.425 [INFO] (Telemetry) [SNAPSHOT] date=Winter 8, 1107 kingdoms=8 atWar=0 wars=0 longestWarDays=0 avgExhaustion=0.0 claims=90 trustRecords=56 fabrications=0 nonAggressionPact=1 truce=10 defensivePact=10 alliance=4 tributaryPact=1 vassalage=0
19:24:42.439 [INFO] (Treaty) Expired, honoured in full: DefensivePact(Southern Empire / Battania, Expired)
19:24:46.432 [INFO] (Treaty) Expired, honoured in full: Truce(Southern Empire / Western Empire, Expired)
19:24:54.440 [INFO] (Telemetry) [SNAPSHOT] date=Winter 15, 1107 kingdoms=8 atWar=0 wars=0 longestWarDays=0 avgExhaustion=0.0 claims=89 trustRecords=56 fabrications=0 nonAggressionPact=1 truce=9 defensivePact=9 alliance=4 tributaryPact=1 vassalage=0
19:25:06.250 [INFO] (Core) War opened: Battania -> Southern Empire (CausedByCallToWarAgreement => DefendAlly, legitimacy 1.00).
19:25:06.251 [INFO] (CallToArms) Battania answered Western Empire and declared war on Southern Empire.
19:25:06.251 [INFO] (Core) War opened: Western Empire -> Southern Empire (CausedByKingdomDecision => ReclaimAncestralLand, legitimacy 0.70).
19:25:06.581 [INFO] (Treaty) Truce recorded until Winter 18, 1108 between Southern Empire and Battania.
19:25:06.581 [INFO] (Telemetry) [WAR-ENDED] aggressor=Battania defender=Southern_Empire days=0 casusBelli=DefendAlly finalScore=0.0 exhaustion=0.1/0.1 fiefsTaken=0/0 calledBy=Western_Empire
19:25:06.582 [INFO] (Core) War closed after 0 days: Battania vs Southern Empire [DefendAlly] score=0.00 exhaustion=0.08/0.08 | weariness now Southern Empire=88.0, Battania=96.1.
19:25:11.578 [INFO] (Core) War opened: Western Empire -> Vlandia (CausedByCallToWarAgreement => DefendAlly, legitimacy 1.00).
19:25:11.579 [INFO] (CallToArms) Western Empire answered Battania and declared war on Vlandia.
19:25:11.580 [INFO] (Core) War opened: Vlandia -> Battania (CausedByKingdomDecision => BrokenTreaty, legitimacy 0.95).
19:25:18.436 [INFO] (Treaty) Expired, honoured in full: DefensivePact(Sturgia / Northern Empire, Expired)
19:25:22.438 [INFO] (Treaty) Signed: DefensivePact(Vlandia / Southern Empire, Active)
19:25:22.438 [INFO] (AI) Vlandia signed a DefensivePact with Southern Empire (mutual value 70).
19:25:22.441 [INFO] (Telemetry) [SNAPSHOT] date=Spring 1, 1108 kingdoms=8 atWar=4 wars=3 longestWarDays=4 avgExhaustion=3.0 claims=87 trustRecords=56 fabrications=0 nonAggressionPact=1 truce=10 defensivePact=9 alliance=4 tributaryPact=1 vassalage=0
19:25:26.439 [INFO] (Treaty) Expired, honoured in full: Truce(Southern Empire / Northern Empire, Expired)
19:25:26.439 [INFO] (Treaty) Expired, honoured in full: Truce(Aserai / Western Empire, Expired)
19:25:38.436 [INFO] (Treaty) Signed: Alliance(Southern Empire / Vlandia, Active)
19:25:38.436 [INFO] (AI) Southern Empire signed a Alliance with Vlandia (mutual value 71).
19:25:50.437 [INFO] (Telemetry) [SNAPSHOT] date=Spring 8, 1108 kingdoms=8 atWar=4 wars=3 longestWarDays=11 avgExhaustion=12.5 claims=87 trustRecords=56 fabrications=0 nonAggressionPact=1 truce=8 defensivePact=9 alliance=5 tributaryPact=1 vassalage=0
19:25:58.439 [INFO] (Treaty) Expired, honoured in full: Alliance(Western Empire / Battania, Expired)
19:26:03.951 [INFO] (Claims) Battania now has a claim to retake Ab Comer Castle from Vlandia.
19:26:18.488 [INFO] (Telemetry) [SNAPSHOT] date=Spring 15, 1108 kingdoms=8 atWar=4 wars=3 longestWarDays=18 avgExhaustion=28.3 claims=87 trustRecords=56 fabrications=0 nonAggressionPact=1 truce=8 defensivePact=9 alliance=4 tributaryPact=1 vassalage=0
19:26:25.544 [INFO] (Core) War opened: Aserai -> Western Empire (CausedByKingdomDecision => ReclaimAncestralLand, legitimacy 0.70).
19:26:26.938 [INFO] (Claims) Western Empire now has a claim to retake Sestadaim Castle from Southern Empire.
19:26:34.519 [INFO] (Treaty) Signed: Alliance(Southern Empire / Aserai, Active)
19:26:34.519 [INFO] (AI) Southern Empire signed a Alliance with Aserai (mutual value 81).
19:26:38.215 [INFO] (Treaty) Truce recorded until Spring 20, 1109 between Western Empire and Vlandia.
19:26:38.215 [INFO] (Telemetry) [WAR-ENDED] aggressor=Western_Empire defender=Vlandia days=22 casusBelli=DefendAlly finalScore=5.1 exhaustion=2.8/4.0 fiefsTaken=0/0 calledBy=Battania
19:26:38.215 [INFO] (Core) War closed after 22 days: Western Empire vs Vlandia [DefendAlly] score=5.13 exhaustion=2.76/3.98 | weariness now Western Empire=87.7, Vlandia=95.5.
19:26:41.969 [INFO] (Core) War opened: Northern Empire -> Southern Empire (CausedByKingdomDecision => ReclaimAncestralLand, legitimacy 0.70).
19:26:42.528 [INFO] (Treaty) Expired, honoured in full: DefensivePact(Aserai / Northern Empire, Expired)
19:26:46.530 [INFO] (Telemetry) [SNAPSHOT] date=Summer 1, 1108 kingdoms=8 atWar=6 wars=4 longestWarDays=25 avgExhaustion=28.7 claims=88 trustRecords=56 fabrications=0 nonAggressionPact=1 truce=9 defensivePact=8 alliance=5 tributaryPact=1 vassalage=0
19:26:50.531 [INFO] (Treaty) Expired, honoured in full: Truce(Vlandia / Northern Empire, Expired)
19:26:54.526 [INFO] (Treaty) Signed: DefensivePact(Western Empire / Northern Empire, Active)
19:26:54.526 [INFO] (AI) Western Empire signed a DefensivePact with Northern Empire (mutual value 61).
19:26:58.522 [INFO] (Treaty) Signed: DefensivePact(Battania / Southern Empire, Active)
19:26:58.522 [INFO] (AI) Battania signed a DefensivePact with Southern Empire (mutual value 55).
19:27:02.527 [INFO] (Treaty) Signed: DefensivePact(Southern Empire / Aserai, Active)
19:27:02.527 [INFO] (AI) Southern Empire signed a DefensivePact with Aserai (mutual value 57).
19:27:03.642 [INFO] (Claims) Southern Empire now has a claim to retake Sestadaim Castle from Western Empire.
19:27:06.571 [INFO] (Treaty) Signed: DefensivePact(Aserai / Northern Empire, Active)
19:27:06.571 [INFO] (AI) Aserai signed a DefensivePact with Northern Empire (mutual value 58).
19:27:14.583 [INFO] (Treaty) Truce recorded until Summer 8, 1109 between Battania and Vlandia.
19:27:14.583 [INFO] (Telemetry) [WAR-ENDED] aggressor=Vlandia defender=Battania days=31 casusBelli=BrokenTreaty finalScore=-63.5 exhaustion=68.3/90.8 fiefsTaken=1/0 calledBy=none
19:27:14.583 [INFO] (Core) War closed after 31 days: Vlandia vs Battania [BrokenTreaty] score=-63.53 exhaustion=68.30/90.80 | weariness now Battania=100.0, Vlandia=100.0.
19:27:14.585 [INFO] (Peace) Battania and Vlandia made peace: white peace.
19:27:14.585 [INFO] (AI) Vlandia sued for peace with Battania at exhaustion 68.3: white peace.
19:27:14.590 [INFO] (Telemetry) [SNAPSHOT] date=Summer 8, 1108 kingdoms=8 atWar=4 wars=3 longestWarDays=32 avgExhaustion=26.3 claims=90 trustRecords=56 fabrications=0 nonAggressionPact=1 truce=9 defensivePact=12 alliance=5 tributaryPact=1 vassalage=0
19:27:22.590 [INFO] (Treaty) Expired, honoured in full: Truce(Aserai / Khuzait, Expired)
19:27:30.595 [INFO] (Treaty) Truce recorded until Summer 12, 1109 between Western Empire and Southern Empire.
19:27:30.595 [INFO] (Telemetry) [WAR-ENDED] aggressor=Western_Empire defender=Southern_Empire days=36 casusBelli=ReclaimAncestralLand finalScore=6.7 exhaustion=61.3/68.0 fiefsTaken=1/1 calledBy=none
19:27:30.595 [INFO] (Core) War closed after 36 days: Western Empire vs Southern Empire [ReclaimAncestralLand] score=6.74 exhaustion=61.27/67.98 | weariness now Western Empire=100.0, Southern Empire=100.0.
19:27:30.597 [INFO] (Peace) Western Empire and Southern Empire made peace: white peace.
19:27:30.598 [INFO] (AI) Southern Empire sued for peace with Western Empire at exhaustion 67.8: white peace.
19:27:42.606 [INFO] (Treaty) Signed: DefensivePact(Northern Empire / Sturgia, Active)
19:27:42.607 [INFO] (AI) Northern Empire signed a DefensivePact with Sturgia (mutual value 70).
19:27:42.610 [INFO] (Telemetry) [SNAPSHOT] date=Summer 15, 1108 kingdoms=8 atWar=4 wars=2 longestWarDays=19 avgExhaustion=20.2 claims=89 trustRecords=56 fabrications=0 nonAggressionPact=1 truce=9 defensivePact=13 alliance=5 tributaryPact=1 vassalage=0
19:27:46.606 [INFO] (Treaty) Signed: TributaryPact(Khuzait / Aserai, Active) tribute 500 from Aserai every 7 days
19:27:46.607 [INFO] (AI) Khuzait imposed a tributary pact on Aserai.
19:28:10.607 [INFO] (Telemetry) [SNAPSHOT] date=Autumn 1, 1108 kingdoms=8 atWar=4 wars=2 longestWarDays=26 avgExhaustion=35.3 claims=88 trustRecords=56 fabrications=0 nonAggressionPact=1 truce=9 defensivePact=13 alliance=5 tributaryPact=2 vassalage=0
19:28:18.607 [INFO] (Treaty) Expired, honoured in full: Truce(Sturgia / Khuzait, Expired)
19:28:22.612 [INFO] (Treaty) Expired, honoured in full: Truce(Sturgia / Western Empire, Expired)
19:28:28.344 [INFO] (Core) War opened: Khuzait -> Sturgia (CausedByKingdomDecision => ReclaimAncestralLand, legitimacy 0.70).
19:28:38.621 [INFO] (Telemetry) [SNAPSHOT] date=Autumn 8, 1108 kingdoms=8 atWar=6 wars=3 longestWarDays=33 avgExhaustion=34.6 claims=87 trustRecords=56 fabrications=0 nonAggressionPact=1 truce=7 defensivePact=13 alliance=5 tributaryPact=2 vassalage=0
19:28:42.619 [INFO] (Treaty) Signed: TributaryPact(Khuzait / Northern Empire, Active) tribute 500 from Northern Empire every 7 days
19:28:42.619 [INFO] (AI) Khuzait imposed a tributary pact on Northern Empire.
19:28:54.622 [INFO] (Treaty) Truce recorded until Autumn 12, 1109 between Northern Empire and Southern Empire.
19:28:54.622 [INFO] (Telemetry) [WAR-ENDED] aggressor=Northern_Empire defender=Southern_Empire days=33 casusBelli=ReclaimAncestralLand finalScore=3.1 exhaustion=61.4/77.2 fiefsTaken=0/0 calledBy=none
19:28:54.623 [INFO] (Core) War closed after 33 days: Northern Empire vs Southern Empire [ReclaimAncestralLand] score=3.06 exhaustion=61.41/77.17 | weariness now Northern Empire=100.0, Southern Empire=100.0.
19:28:54.625 [INFO] (Peace) Northern Empire and Southern Empire made peace: white peace.
19:28:54.625 [INFO] (AI) Southern Empire sued for peace with Northern Empire at exhaustion 75.4: white peace.
19:28:54.625 [INFO] (Treaty) Expired, honoured in full: DefensivePact(Southern Empire / Sturgia, Expired)
19:29:02.627 [INFO] (Treaty) Expired, honoured in full: Truce(Battania / Sturgia, Expired)
19:29:06.634 [INFO] (Telemetry) [SNAPSHOT] date=Autumn 15, 1108 kingdoms=8 atWar=4 wars=2 longestWarDays=40 avgExhaustion=24.7 claims=89 trustRecords=56 fabrications=0 nonAggressionPact=1 truce=7 defensivePact=12 alliance=5 tributaryPact=3 vassalage=0
19:29:22.648 [INFO] (Treaty) Signed: DefensivePact(Southern Empire / Sturgia, Active)
19:29:22.648 [INFO] (AI) Southern Empire signed a DefensivePact with Sturgia (mutual value 54).
19:29:22.648 [INFO] (Treaty) Expired, honoured in full: Truce(Aserai / Vlandia, Expired)
19:29:26.651 [INFO] (Treaty) Truce recorded until Autumn 20, 1109 between Western Empire and Aserai.
19:29:26.652 [INFO] (Telemetry) [WAR-ENDED] aggressor=Aserai defender=Western_Empire days=45 casusBelli=ReclaimAncestralLand finalScore=-16.2 exhaustion=61.7/52.4 fiefsTaken=0/0 calledBy=none
19:29:26.652 [INFO] (Core) War closed after 45 days: Aserai vs Western Empire [ReclaimAncestralLand] score=-16.25 exhaustion=61.69/52.43 | weariness now Western Empire=100.0, Aserai=100.0.
19:29:26.654 [INFO] (Peace) Western Empire and Aserai made peace: white peace.
19:29:26.655 [INFO] (AI) Aserai sued for peace with Western Empire at exhaustion 61.7: white peace.
19:29:34.663 [INFO] (Telemetry) [SNAPSHOT] date=Winter 1, 1108 kingdoms=8 atWar=2 wars=1 longestWarDays=17 avgExhaustion=28.3 claims=90 trustRecords=56 fabrications=0 nonAggressionPact=1 truce=7 defensivePact=13 alliance=5 tributaryPact=3 vassalage=0
19:29:42.658 [INFO] (Treaty) Expired, honoured in full: DefensivePact(Khuzait / Battania, Expired)
19:30:02.659 [INFO] (Telemetry) [SNAPSHOT] date=Winter 8, 1108 kingdoms=8 atWar=2 wars=1 longestWarDays=24 avgExhaustion=31.4 claims=89 trustRecords=56 fabrications=0 nonAggressionPact=1 truce=7 defensivePact=12 alliance=5 tributaryPact=3 vassalage=0
19:30:06.664 [INFO] (Treaty) Expired, honoured in full: TributaryPact(Khuzait / Southern Empire, Expired)
19:30:06.664 [INFO] (Treaty) Expired, honoured in full: Truce(Khuzait / Northern Empire, Expired)
19:30:30.671 [INFO] (Telemetry) [SNAPSHOT] date=Winter 15, 1108 kingdoms=8 atWar=2 wars=1 longestWarDays=31 avgExhaustion=36.7 claims=89 trustRecords=56 fabrications=0 nonAggressionPact=1 truce=6 defensivePact=12 alliance=5 tributaryPact=2 vassalage=0
19:30:36.397 [INFO] (Claims) Sturgia now has a claim to retake Urikskala Castle from Khuzait.
19:30:39.225 [INFO] (Claims) Khuzait now has a claim to retake Dinar Castle from Sturgia.
19:30:46.749 [INFO] (Treaty) Expired, honoured in full: Truce(Southern Empire / Battania, Expired)
19:30:54.748 [INFO] (Treaty) Truce recorded until Winter 21, 1109 between Khuzait and Sturgia.
19:30:54.748 [INFO] (Telemetry) [WAR-ENDED] aggressor=Khuzait defender=Sturgia days=37 casusBelli=ReclaimAncestralLand finalScore=5.5 exhaustion=50.0/68.7 fiefsTaken=1/1 calledBy=none
19:30:54.749 [INFO] (Core) War closed after 37 days: Khuzait vs Sturgia [ReclaimAncestralLand] score=5.53 exhaustion=49.96/68.69 | weariness now Khuzait=100.0, Sturgia=100.0.
19:30:54.750 [INFO] (Peace) Khuzait and Sturgia made peace: white peace.
19:30:54.750 [INFO] (AI) Sturgia sued for peace with Khuzait at exhaustion 68.7: white peace.
19:30:58.750 [INFO] (Telemetry) [SNAPSHOT] date=Spring 1, 1109 kingdoms=8 atWar=0 wars=0 longestWarDays=0 avgExhaustion=0.0 claims=90 trustRecords=56 fabrications=0 nonAggressionPact=1 truce=6 defensivePact=12 alliance=5 tributaryPact=2 vassalage=0
19:31:02.749 [INFO] (Treaty) Expired, honoured in full: DefensivePact(Vlandia / Sturgia, Expired)
19:31:09.901 [INFO] (Core) War opened: Battania -> Khuzait (CausedByCallToWarAgreement => DefendAlly, legitimacy 1.00).
19:31:09.902 [INFO] (CallToArms) Battania answered Southern Empire and declared war on Khuzait.
19:31:09.902 [INFO] (Core) War opened: Khuzait -> Southern Empire (CausedByKingdomDecision => ReclaimAncestralLand, legitimacy 0.70).
19:31:10.760 [INFO] (Treaty) Signed: Alliance(Battania / Southern Empire, Active)
19:31:10.760 [INFO] (AI) Battania signed a Alliance with Southern Empire (mutual value 111).
19:31:16.366 [INFO] (Treaty) Truce recorded until Spring 6, 1110 between Battania and Khuzait.
19:31:16.367 [INFO] (Telemetry) [WAR-ENDED] aggressor=Battania defender=Khuzait days=2 casusBelli=DefendAlly finalScore=0.0 exhaustion=0.2/0.2 fiefsTaken=0/0 calledBy=Southern_Empire
19:31:16.367 [INFO] (Core) War closed after 2 days: Battania vs Khuzait [DefendAlly] score=0.00 exhaustion=0.16/0.16 | weariness now Battania=90.9, Khuzait=99.2.
19:31:26.765 [INFO] (Treaty) Signed: NonAggressionPact(Vlandia / Sturgia, Active)
19:31:26.765 [INFO] (AI) Vlandia signed a NonAggressionPact with Sturgia (mutual value 37).
19:31:26.769 [INFO] (Telemetry) [SNAPSHOT] date=Spring 8, 1109 kingdoms=8 atWar=2 wars=1 longestWarDays=4 avgExhaustion=4.2 claims=84 trustRecords=56 fabrications=0 nonAggressionPact=2 truce=7 defensivePact=11 alliance=6 tributaryPact=2 vassalage=0
19:31:50.557 [INFO] (Claims) Southern Empire now has a claim to retake Husn Fulq from Khuzait.
19:31:54.801 [INFO] (Telemetry) [SNAPSHOT] date=Spring 15, 1109 kingdoms=8 atWar=2 wars=1 longestWarDays=11 avgExhaustion=18.6 claims=86 trustRecords=56 fabrications=0 nonAggressionPact=2 truce=7 defensivePact=11 alliance=6 tributaryPact=2 vassalage=0
19:32:02.807 [INFO] (Treaty) Expired, honoured in full: DefensivePact(Western Empire / Battania, Expired)
19:32:08.107 [INFO] (Claims) Khuzait now has a claim to retake Odrysa Castle from Southern Empire.
19:32:14.852 [INFO] (Treaty) Expired, honoured in full: Truce(Western Empire / Vlandia, Expired)
19:32:20.249 [INFO] (Core) War opened: Northern Empire -> Battania (CausedByCallToWarAgreement => DefendAlly, legitimacy 1.00).
19:32:20.251 [INFO] (CallToArms) Northern Empire answered Western Empire and declared war on Battania.
19:32:20.251 [INFO] (Core) War opened: Battania -> Western Empire (CausedByKingdomDecision => ReclaimAncestralLand, legitimacy 0.70).
19:32:22.850 [INFO] (Telemetry) [SNAPSHOT] date=Summer 1, 1109 kingdoms=8 atWar=5 wars=3 longestWarDays=18 avgExhaustion=13.2 claims=87 trustRecords=56 fabrications=0 nonAggressionPact=2 truce=6 defensivePact=10 alliance=6 tributaryPact=2 vassalage=0
19:32:36.162 [INFO] (Core) War opened: Northern Empire -> Vlandia (CausedByCallToWarAgreement => DefendAlly, legitimacy 1.00).
19:32:36.166 [INFO] (CallToArms) Northern Empire answered Western Empire and declared war on Vlandia.
19:32:36.166 [INFO] (Core) War opened: Vlandia -> Western Empire (CausedByKingdomDecision => ReclaimAncestralLand, legitimacy 0.70).
19:32:36.750 [INFO] (Treaty) Truce recorded until Summer 5, 1110 between Vlandia and Northern Empire.
19:32:36.750 [INFO] (Telemetry) [WAR-ENDED] aggressor=Northern_Empire defender=Vlandia days=0 casusBelli=DefendAlly finalScore=0.0 exhaustion=0.0/0.0 fiefsTaken=0/0 calledBy=Western_Empire
19:32:36.750 [INFO] (Core) War closed after 0 days: Northern Empire vs Vlandia [DefendAlly] score=0.00 exhaustion=0.00/0.00 | weariness now Vlandia=87.8, Northern Empire=91.6.
19:32:37.269 [INFO] (Claims) Khuzait now has a claim to retake Husn Fulq from Southern Empire.
19:32:50.893 [INFO] (Treaty) Signed: DefensivePact(Vlandia / Battania, Active)
19:32:50.893 [INFO] (AI) Vlandia signed a DefensivePact with Battania (mutual value 59).
19:32:50.897 [INFO] (Telemetry) [SNAPSHOT] date=Summer 8, 1109 kingdoms=8 atWar=6 wars=4 longestWarDays=25 avgExhaustion=19.4 claims=89 trustRecords=56 fabrications=0 nonAggressionPact=2 truce=7 defensivePact=11 alliance=6 tributaryPact=2 vassalage=0
19:32:54.903 [INFO] (Treaty) Truce recorded until Summer 9, 1110 between Southern Empire and Khuzait.
19:32:54.903 [INFO] (Telemetry) [WAR-ENDED] aggressor=Khuzait defender=Southern_Empire days=26 casusBelli=ReclaimAncestralLand finalScore=-20.1 exhaustion=62.3/46.0 fiefsTaken=1/2 calledBy=none
19:32:54.904 [INFO] (Core) War closed after 26 days: Khuzait vs Southern Empire [ReclaimAncestralLand] score=-20.14 exhaustion=62.27/46.03 | weariness now Southern Empire=100.0, Khuzait=100.0.
19:32:54.905 [INFO] (Peace) Southern Empire and Khuzait made peace: white peace.
19:32:54.905 [INFO] (AI) Khuzait sued for peace with Southern Empire at exhaustion 62.3: white peace.
19:32:54.907 [INFO] (Treaty) Expired, honoured in full: Truce(Battania / Vlandia, Expired)
19:33:10.907 [INFO] (Treaty) Expired, honoured in full: Truce(Western Empire / Southern Empire, Expired)
19:33:18.917 [INFO] (Telemetry) [SNAPSHOT] date=Summer 15, 1109 kingdoms=8 atWar=4 wars=3 longestWarDays=15 avgExhaustion=19.1 claims=88 trustRecords=56 fabrications=0 nonAggressionPact=2 truce=6 defensivePact=11 alliance=6 tributaryPact=2 vassalage=0
19:33:26.174 [INFO] (Claims) Western Empire now has a claim to retake Thractorae Castle from Vlandia.
19:33:30.763 [INFO] (Treaty) Truce recorded until Summer 18, 1110 between Western Empire and Vlandia.
19:33:30.763 [INFO] (Telemetry) [WAR-ENDED] aggressor=Vlandia defender=Western_Empire days=14 casusBelli=ReclaimAncestralLand finalScore=29.1 exhaustion=7.9/25.1 fiefsTaken=1/0 calledBy=none
19:33:30.763 [INFO] (Core) War closed after 14 days: Vlandia vs Western Empire [ReclaimAncestralLand] score=29.06 exhaustion=7.87/25.11 | weariness now Western Empire=100.0, Vlandia=89.8.
19:33:30.952 [INFO] (Treaty) Expired, honoured in full: DefensivePact(Battania / Aserai, Expired)
19:33:48.474 [INFO] (Telemetry) [SNAPSHOT] date=Autumn 1, 1109 kingdoms=8 atWar=3 wars=2 longestWarDays=22 avgExhaustion=34.4 claims=88 trustRecords=56 fabrications=0 nonAggressionPact=2 truce=7 defensivePact=10 alliance=6 tributaryPact=2 vassalage=0
19:33:48.612 [INFO] (Core) War opened: Southern Empire -> Western Empire (CausedByKingdomDecision => ReclaimAncestralLand, legitimacy 0.70).
19:34:16.475 [INFO] (Treaty) Expired, honoured in full: NonAggressionPact(Vlandia / Southern Empire, Expired)
19:34:16.478 [INFO] (Telemetry) [SNAPSHOT] date=Autumn 8, 1109 kingdoms=8 atWar=4 wars=3 longestWarDays=29 avgExhaustion=30.5 claims=89 trustRecords=56 fabrications=0 nonAggressionPact=1 truce=7 defensivePact=10 alliance=6 tributaryPact=2 vassalage=0
19:34:16.949 [INFO] (Core) War opened: Sturgia -> Western Empire (CausedByKingdomDecision => ReclaimAncestralLand, legitimacy 0.70).
19:34:20.474 [INFO] (Treaty) Signed: DefensivePact(Khuzait / Battania, Active)
19:34:20.475 [INFO] (AI) Khuzait signed a DefensivePact with Battania (mutual value 51).
19:34:32.469 [INFO] (Treaty) Signed: Alliance(Southern Empire / Sturgia, Active)
19:34:32.470 [INFO] (AI) Southern Empire signed a Alliance with Sturgia (mutual value 115).
19:34:36.480 [INFO] (Treaty) Expired, honoured in full: Truce(Northern Empire / Southern Empire, Expired)
19:34:44.482 [INFO] (Treaty) Signed: TributaryPact(Vlandia / Western Empire, Active) tribute 500 from Western Empire every 7 days
19:34:44.482 [INFO] (AI) Vlandia imposed a tributary pact on Western Empire.
19:34:44.486 [INFO] (Telemetry) [SNAPSHOT] date=Autumn 15, 1109 kingdoms=8 atWar=5 wars=4 longestWarDays=36 avgExhaustion=27.4 claims=89 trustRecords=56 fabrications=0 nonAggressionPact=1 truce=6 defensivePact=11 alliance=7 tributaryPact=3 vassalage=0
19:34:45.929 [INFO] (Treaty) Truce recorded until Autumn 16, 1110 between Battania and Northern Empire.
19:34:45.929 [INFO] (Telemetry) [WAR-ENDED] aggressor=Northern_Empire defender=Battania days=36 casusBelli=DefendAlly finalScore=56.1 exhaustion=34.1/57.8 fiefsTaken=0/0 calledBy=Western_Empire
19:34:45.930 [INFO] (Core) War closed after 36 days: Northern Empire vs Battania [DefendAlly] score=56.06 exhaustion=34.10/57.76 | weariness now Battania=100.0, Northern Empire=100.0.
19:34:49.267 [INFO] (Claims) Western Empire now has a claim to retake Uthelaim Castle from Battania.
19:34:50.237 [INFO] (Claims) Western Empire now has a claim to retake Sestadaim Castle from Southern Empire.
19:34:52.444 [INFO] (Treaty) Truce recorded until Autumn 17, 1110 between Western Empire and Battania.
19:34:52.445 [INFO] (Telemetry) [WAR-ENDED] aggressor=Battania defender=Western_Empire days=38 casusBelli=ReclaimAncestralLand finalScore=-28.6 exhaustion=62.7/78.7 fiefsTaken=1/0 calledBy=none
19:34:52.445 [INFO] (Core) War closed after 38 days: Battania vs Western Empire [ReclaimAncestralLand] score=-28.58 exhaustion=62.74/78.72 | weariness now Western Empire=100.0, Battania=100.0.
19:34:56.604 [INFO] (Treaty) Signed: DefensivePact(Battania / Aserai, Active)
19:34:56.605 [INFO] (AI) Battania signed a DefensivePact with Aserai (mutual value 53).
19:35:04.599 [INFO] (Treaty) Expired, honoured in full: Truce(Western Empire / Aserai, Expired)
19:35:05.159 [INFO] (Treaty) Truce recorded until Autumn 20, 1110 between Sturgia and Western Empire.
19:35:05.160 [INFO] (Telemetry) [WAR-ENDED] aggressor=Sturgia defender=Western_Empire days=12 casusBelli=ReclaimAncestralLand finalScore=4.8 exhaustion=4.6/15.3 fiefsTaken=0/0 calledBy=none
19:35:05.160 [INFO] (Core) War closed after 12 days: Sturgia vs Western Empire [ReclaimAncestralLand] score=4.81 exhaustion=4.63/15.35 | weariness now Sturgia=92.9, Western Empire=100.0.
19:35:11.619 [INFO] (Core) War opened: Aserai -> Sturgia (CausedByCallToWarAgreement => DefendAlly, legitimacy 1.00).
19:35:11.620 [INFO] (CallToArms) Aserai answered Battania and declared war on Sturgia.
19:35:11.620 [INFO] (Core) War opened: Sturgia -> Battania (CausedByKingdomDecision => ReclaimAncestralLand, legitimacy 0.70).
19:35:11.661 [INFO] (Treaty) Truce recorded until Winter 1, 1110 between Aserai and Sturgia.
19:35:11.662 [INFO] (Telemetry) [WAR-ENDED] aggressor=Aserai defender=Sturgia days=0 casusBelli=DefendAlly finalScore=0.0 exhaustion=0.0/0.0 fiefsTaken=0/0 calledBy=Battania
19:35:11.662 [INFO] (Core) War closed after 0 days: Aserai vs Sturgia [DefendAlly] score=0.00 exhaustion=0.00/0.00 | weariness now Aserai=87.1, Sturgia=92.7.
19:35:12.604 [INFO] (Telemetry) [SNAPSHOT] date=Winter 1, 1109 kingdoms=8 atWar=4 wars=2 longestWarDays=21 avgExhaustion=10.5 claims=89 trustRecords=56 fabrications=0 nonAggressionPact=1 truce=9 defensivePact=12 alliance=7 tributaryPact=3 vassalage=0
19:35:21.242 [INFO] (Core) War opened: Aserai -> Western Empire (CausedByKingdomDecision => ReclaimAncestralLand, legitimacy 0.70).
19:35:40.035 [INFO] (Core) War opened: Northern Empire -> Southern Empire (CausedByKingdomDecision => ReclaimAncestralLand, legitimacy 0.70).
19:35:40.602 [INFO] (Telemetry) [SNAPSHOT] date=Winter 8, 1109 kingdoms=8 atWar=6 wars=4 longestWarDays=28 avgExhaustion=10.3 claims=89 trustRecords=56 fabrications=0 nonAggressionPact=1 truce=9 defensivePact=12 alliance=7 tributaryPact=3 vassalage=0
19:35:44.605 [INFO] (Treaty) Expired, honoured in full: Alliance(Northern Empire / Western Empire, Expired)
19:36:08.613 [INFO] (Telemetry) [SNAPSHOT] date=Winter 15, 1109 kingdoms=8 atWar=6 wars=4 longestWarDays=35 avgExhaustion=22.2 claims=92 trustRecords=56 fabrications=0 nonAggressionPact=1 truce=9 defensivePact=12 alliance=6 tributaryPact=3 vassalage=0
19:36:19.795 [INFO] (Claims) Western Empire now has a claim to retake Garontor Castle from Aserai.
19:36:25.925 [INFO] (Core) War opened: Vlandia -> Aserai (CausedByKingdomDecision => ReclaimAncestralLand, legitimacy 0.70).
19:36:32.648 [INFO] (Treaty) Expired, honoured in full: Truce(Khuzait / Sturgia, Expired)
19:36:36.652 [INFO] (Treaty) Signed: DefensivePact(Vlandia / Western Empire, Active)
19:36:36.653 [INFO] (AI) Vlandia signed a DefensivePact with Western Empire (mutual value 57).
19:36:36.657 [INFO] (Telemetry) [SNAPSHOT] date=Spring 1, 1110 kingdoms=8 atWar=7 wars=5 longestWarDays=42 avgExhaustion=25.2 claims=91 trustRecords=56 fabrications=0 nonAggressionPact=1 truce=8 defensivePact=13 alliance=6 tributaryPact=3 vassalage=0
19:36:51.772 [INFO] (Core) War opened: Khuzait -> Sturgia (CausedByKingdomDecision => ReclaimAncestralLand, legitimacy 0.70).
19:36:56.669 [INFO] (Treaty) Expired, honoured in full: Truce(Battania / Khuzait, Expired)
19:37:00.673 [INFO] (Treaty) Expired, honoured in full: Alliance(Sturgia / Northern Empire, Expired)
19:37:04.679 [INFO] (Telemetry) [SNAPSHOT] date=Spring 8, 1110 kingdoms=8 atWar=8 wars=6 longestWarDays=49 avgExhaustion=29.8 claims=93 trustRecords=56 fabrications=0 nonAggressionPact=1 truce=7 defensivePact=13 alliance=5 tributaryPact=3 vassalage=0
19:37:06.627 [INFO] (Claims) Southern Empire now has a claim to retake Sestadaim Castle from Western Empire.
19:37:08.717 [INFO] (Treaty) Signed: Alliance(Khuzait / Battania, Active)
19:37:08.717 [INFO] (AI) Khuzait signed a Alliance with Battania (mutual value 98).
19:37:09.367 [INFO] (Treaty) Truce recorded until Spring 9, 1111 between Aserai and Western Empire.
19:37:09.368 [INFO] (Telemetry) [WAR-ENDED] aggressor=Aserai defender=Western_Empire days=27 casusBelli=ReclaimAncestralLand finalScore=36.2 exhaustion=19.5/35.9 fiefsTaken=1/0 calledBy=none
19:37:09.368 [INFO] (Core) War closed after 27 days: Aserai vs Western Empire [ReclaimAncestralLand] score=36.17 exhaustion=19.47/35.93 | weariness now Aserai=92.3, Western Empire=100.0.
19:37:12.724 [INFO] (Treaty) Signed: Alliance(Western Empire / Northern Empire, Active)
19:37:12.725 [INFO] (AI) Western Empire signed a Alliance with Northern Empire (mutual value 90).
19:37:14.324 [INFO] (Claims) Aserai now has a claim to retake Garontor Castle from Vlandia.
19:37:20.775 [INFO] (Treaty) Truce recorded until Spring 12, 1111 between Northern Empire and Southern Empire.
19:37:20.775 [INFO] (Telemetry) [WAR-ENDED] aggressor=Northern_Empire defender=Southern_Empire days=25 casusBelli=ReclaimAncestralLand finalScore=42.9 exhaustion=60.8/75.0 fiefsTaken=0/0 calledBy=none
19:37:20.775 [INFO] (Core) War closed after 25 days: Northern Empire vs Southern Empire [ReclaimAncestralLand] score=42.87 exhaustion=60.78/74.99 | weariness now Northern Empire=100.0, Southern Empire=100.0.
19:37:20.777 [INFO] (Peace) Northern Empire and Southern Empire made peace: white peace.
19:37:20.777 [INFO] (AI) Southern Empire sued for peace with Northern Empire at exhaustion 63.2: white peace.
19:37:28.783 [INFO] (Treaty) Truce recorded until Spring 14, 1111 between Battania and Sturgia.
19:37:28.783 [INFO] (Telemetry) [WAR-ENDED] aggressor=Sturgia defender=Battania days=34 casusBelli=ReclaimAncestralLand finalScore=-18.2 exhaustion=74.5/60.6 fiefsTaken=0/0 calledBy=none
19:37:28.783 [INFO] (Core) War closed after 34 days: Sturgia vs Battania [ReclaimAncestralLand] score=-18.18 exhaustion=74.53/60.60 | weariness now Battania=100.0, Sturgia=100.0.
19:37:28.785 [INFO] (Peace) Battania and Sturgia made peace: white peace.
19:37:28.785 [INFO] (AI) Sturgia sued for peace with Battania at exhaustion 74.2: white peace.
19:37:32.792 [INFO] (Treaty) Signed: Alliance(Northern Empire / Sturgia, Active)
19:37:32.793 [INFO] (AI) Northern Empire signed a Alliance with Sturgia (mutual value 75).
19:37:32.796 [INFO] (Telemetry) [SNAPSHOT] date=Spring 15, 1110 kingdoms=8 atWar=6 wars=3 longestWarDays=56 avgExhaustion=26.0 claims=95 trustRecords=56 fabrications=0 nonAggressionPact=1 truce=10 defensivePact=13 alliance=8 tributaryPact=3 vassalage=0
19:37:37.647 [INFO] (Treaty) Truce recorded until Spring 16, 1111 between Aserai and Vlandia.
19:37:37.647 [INFO] (Telemetry) [WAR-ENDED] aggressor=Vlandia defender=Aserai days=18 casusBelli=ReclaimAncestralLand finalScore=5.7 exhaustion=9.9/28.4 fiefsTaken=1/0 calledBy=none
19:37:37.647 [INFO] (Core) War closed after 18 days: Vlandia vs Aserai [ReclaimAncestralLand] score=5.70 exhaustion=9.94/28.38 | weariness now Aserai=100.0, Vlandia=85.5.
19:37:48.794 [INFO] (Treaty) Truce recorded until Spring 19, 1111 between Western Empire and Southern Empire.
19:37:48.794 [INFO] (Telemetry) [WAR-ENDED] aggressor=Southern_Empire defender=Western_Empire days=60 casusBelli=ReclaimAncestralLand finalScore=-2.5 exhaustion=62.5/52.5 fiefsTaken=1/1 calledBy=none
19:37:48.794 [INFO] (Core) War closed after 60 days: Southern Empire vs Western Empire [ReclaimAncestralLand] score=-2.47 exhaustion=62.55/52.52 | weariness now Western Empire=100.0, Southern Empire=100.0.
19:37:48.797 [INFO] (Peace) Western Empire and Southern Empire made peace: white peace.
19:37:48.797 [INFO] (AI) Southern Empire sued for peace with Western Empire at exhaustion 62.5: white peace.
19:37:51.287 [INFO] (Claims) Sturgia now has a claim to retake Dinar Castle from Khuzait.
19:37:57.315 [INFO] (Treaty) Truce recorded until Spring 21, 1111 between Sturgia and Khuzait.
19:37:57.315 [INFO] (Telemetry) [WAR-ENDED] aggressor=Khuzait defender=Sturgia days=16 casusBelli=ReclaimAncestralLand finalScore=27.5 exhaustion=11.9/22.3 fiefsTaken=1/0 calledBy=none
19:37:57.315 [INFO] (Core) War closed after 16 days: Khuzait vs Sturgia [ReclaimAncestralLand] score=27.47 exhaustion=11.94/22.31 | weariness now Sturgia=100.0, Khuzait=94.6.
19:38:00.837 [INFO] (Telemetry) [SNAPSHOT] date=Summer 1, 1110 kingdoms=8 atWar=0 wars=0 longestWarDays=0 avgExhaustion=0.0 claims=93 trustRecords=56 fabrications=0 nonAggressionPact=1 truce=13 defensivePact=13 alliance=8 tributaryPact=3 vassalage=0
19:38:04.838 [INFO] (Treaty) Expired, honoured in full: Alliance(Northern Empire / Aserai, Expired)
19:38:04.838 [INFO] (Treaty) Expired, honoured in full: DefensivePact(Vlandia / Khuzait, Expired)
19:38:12.832 [INFO] (Treaty) Expired, honoured in full: DefensivePact(Western Empire / Khuzait, Expired)
19:38:16.832 [INFO] (Treaty) Expired, honoured in full: Truce(Vlandia / Northern Empire, Expired)
19:38:28.832 [INFO] (Telemetry) [SNAPSHOT] date=Summer 8, 1110 kingdoms=8 atWar=0 wars=0 longestWarDays=0 avgExhaustion=0.0 claims=92 trustRecords=56 fabrications=0 nonAggressionPact=1 truce=12 defensivePact=11 alliance=7 tributaryPact=3 vassalage=0
19:38:32.830 [INFO] (Treaty) Signed: DefensivePact(Khuzait / Western Empire, Active)
19:38:32.831 [INFO] (AI) Khuzait signed a DefensivePact with Western Empire (mutual value 52).
19:38:36.829 [INFO] (Treaty) Expired, honoured in full: Truce(Southern Empire / Khuzait, Expired)
19:38:42.607 [INFO] (Core) War opened: Vlandia -> Khuzait (CausedByCallToWarAgreement => DefendAlly, legitimacy 1.00).
19:38:42.607 [INFO] (CallToArms) Vlandia answered Southern Empire and declared war on Khuzait.
19:38:42.608 [INFO] (Core) War opened: Khuzait -> Southern Empire (CausedByKingdomDecision => ReclaimAncestralLand, legitimacy 0.70).
19:38:42.813 [INFO] (Treaty) Truce recorded until Summer 12, 1111 between Khuzait and Vlandia.
19:38:42.814 [INFO] (Telemetry) [WAR-ENDED] aggressor=Vlandia defender=Khuzait days=0 casusBelli=DefendAlly finalScore=0.0 exhaustion=0.0/0.0 fiefsTaken=0/0 calledBy=Southern_Empire
19:38:42.814 [INFO] (Core) War closed after 0 days: Vlandia vs Khuzait [DefendAlly] score=0.00 exhaustion=0.00/0.00 | weariness now Khuzait=92.9, Vlandia=83.1.
19:38:56.845 [INFO] (Telemetry) [SNAPSHOT] date=Summer 15, 1110 kingdoms=8 atWar=2 wars=1 longestWarDays=4 avgExhaustion=3.9 claims=89 trustRecords=56 fabrications=0 nonAggressionPact=1 truce=12 defensivePact=12 alliance=7 tributaryPact=3 vassalage=0
19:39:04.835 [INFO] (Treaty) Expired, honoured in full: TributaryPact(Khuzait / Aserai, Expired)
19:39:08.839 [INFO] (Treaty) Expired, honoured in full: Truce(Western Empire / Vlandia, Expired)
19:39:24.840 [INFO] (Telemetry) [SNAPSHOT] date=Autumn 1, 1110 kingdoms=8 atWar=2 wars=1 longestWarDays=11 avgExhaustion=31.9 claims=90 trustRecords=56 fabrications=0 nonAggressionPact=1 truce=11 defensivePact=12 alliance=7 tributaryPact=2 vassalage=0
19:39:52.848 [INFO] (Telemetry) [SNAPSHOT] date=Autumn 8, 1110 kingdoms=8 atWar=2 wars=1 longestWarDays=18 avgExhaustion=41.4 claims=90 trustRecords=56 fabrications=0 nonAggressionPact=1 truce=11 defensivePact=12 alliance=7 tributaryPact=2 vassalage=0
19:39:54.927 [INFO] (Claims) Southern Empire now has a claim to retake Odrysa Castle from Khuzait.
19:39:56.864 [INFO] (Treaty) Expired, honoured in full: TributaryPact(Khuzait / Northern Empire, Expired)
19:40:08.883 [INFO] (Treaty) Truce recorded until Autumn 12, 1111 between Khuzait and Southern Empire.
19:40:08.884 [INFO] (Telemetry) [WAR-ENDED] aggressor=Khuzait defender=Southern_Empire days=22 casusBelli=ReclaimAncestralLand finalScore=28.0 exhaustion=31.4/66.1 fiefsTaken=1/0 calledBy=none
19:40:08.884 [INFO] (Core) War closed after 22 days: Khuzait vs Southern Empire [ReclaimAncestralLand] score=28.02 exhaustion=31.42/66.11 | weariness now Khuzait=100.0, Southern Empire=100.0.
19:40:08.885 [INFO] (Peace) Khuzait and Southern Empire made peace: white peace.
19:40:08.886 [INFO] (AI) Southern Empire sued for peace with Khuzait at exhaustion 66.1: white peace.
19:40:20.891 [INFO] (Telemetry) [SNAPSHOT] date=Autumn 15, 1110 kingdoms=8 atWar=0 wars=0 longestWarDays=0 avgExhaustion=0.0 claims=90 trustRecords=56 fabrications=0 nonAggressionPact=1 truce=12 defensivePact=12 alliance=7 tributaryPact=1 vassalage=0
19:40:24.895 [INFO] (Treaty) Expired, honoured in full: Truce(Battania / Northern Empire, Expired)
19:40:28.891 [INFO] (Treaty) Expired, honoured in full: Truce(Western Empire / Battania, Expired)
19:40:44.890 [INFO] (Treaty) Expired, honoured in full: Truce(Sturgia / Western Empire, Expired)
19:40:48.889 [INFO] (Treaty) Expired, honoured in full: Truce(Aserai / Sturgia, Expired)
19:40:48.892 [INFO] (Telemetry) [SNAPSHOT] date=Winter 1, 1110 kingdoms=8 atWar=0 wars=0 longestWarDays=0 avgExhaustion=0.0 claims=87 trustRecords=56 fabrications=0 nonAggressionPact=1 truce=8 defensivePact=12 alliance=7 tributaryPact=1 vassalage=0
19:41:16.888 [INFO] (Telemetry) [SNAPSHOT] date=Winter 8, 1110 kingdoms=8 atWar=0 wars=0 longestWarDays=0 avgExhaustion=0.0 claims=86 trustRecords=56 fabrications=0 nonAggressionPact=1 truce=8 defensivePact=12 alliance=7 tributaryPact=1 vassalage=0
19:41:44.888 [INFO] (Telemetry) [SNAPSHOT] date=Winter 15, 1110 kingdoms=8 atWar=0 wars=0 longestWarDays=0 avgExhaustion=0.0 claims=82 trustRecords=56 fabrications=0 nonAggressionPact=1 truce=8 defensivePact=12 alliance=7 tributaryPact=1 vassalage=0
19:42:02.705 [INFO] (Core) War opened: Northern Empire -> Khuzait (CausedByCallToWarAgreement => DefendAlly, legitimacy 1.00).
19:42:02.706 [INFO] (CallToArms) Northern Empire answered Aserai and declared war on Khuzait.
19:42:02.706 [INFO] (Core) War opened: Khuzait -> Aserai (CausedByKingdomDecision => ReclaimAncestralLand, legitimacy 0.70).
19:42:04.890 [INFO] (Treaty) Signed: Alliance(Aserai / Northern Empire, Active)
19:42:04.891 [INFO] (AI) Aserai signed a Alliance with Northern Empire (mutual value 117).
19:42:12.894 [INFO] (Treaty) Expired, honoured in full: DefensivePact(Vlandia / Southern Empire, Expired)
19:42:12.898 [INFO] (Telemetry) [SNAPSHOT] date=Spring 1, 1111 kingdoms=8 atWar=3 wars=2 longestWarDays=3 avgExhaustion=1.0 claims=82 trustRecords=56 fabrications=0 nonAggressionPact=1 truce=8 defensivePact=11 alliance=8 tributaryPact=1 vassalage=0
19:42:28.895 [INFO] (Treaty) Expired, honoured in full: Alliance(Southern Empire / Vlandia, Expired)
19:42:40.892 [INFO] (Telemetry) [SNAPSHOT] date=Spring 8, 1111 kingdoms=8 atWar=3 wars=2 longestWarDays=10 avgExhaustion=5.7 claims=84 trustRecords=56 fabrications=0 nonAggressionPact=1 truce=8 defensivePact=11 alliance=7 tributaryPact=1 vassalage=0
19:42:44.895 [INFO] (Treaty) Expired, honoured in full: NonAggressionPact(Vlandia / Sturgia, Expired)
19:42:48.898 [INFO] (Treaty) Expired, honoured in full: Truce(Aserai / Western Empire, Expired)
19:43:00.897 [INFO] (Treaty) Expired, honoured in full: Truce(Northern Empire / Southern Empire, Expired)
19:43:04.900 [INFO] (Treaty) Expired, honoured in full: Truce(Battania / Sturgia, Expired)
19:43:08.894 [INFO] (Treaty) Signed: NonAggressionPact(Vlandia / Sturgia, Active)
19:43:08.895 [INFO] (AI) Vlandia signed a NonAggressionPact with Sturgia (mutual value 42).
19:43:08.901 [INFO] (Telemetry) [SNAPSHOT] date=Spring 15, 1111 kingdoms=8 atWar=3 wars=2 longestWarDays=17 avgExhaustion=17.7 claims=84 trustRecords=56 fabrications=0 nonAggressionPact=1 truce=5 defensivePact=11 alliance=7 tributaryPact=1 vassalage=0
19:43:16.907 [INFO] (Treaty) Expired, honoured in full: Truce(Aserai / Vlandia, Expired)
19:43:24.900 [INFO] (Treaty) Expired, honoured in full: Alliance(Southern Empire / Aserai, Expired)
19:43:28.906 [INFO] (Treaty) Expired, honoured in full: Truce(Western Empire / Southern Empire, Expired)
19:43:36.912 [INFO] (Treaty) Expired, honoured in full: Truce(Sturgia / Khuzait, Expired)
19:43:36.916 [INFO] (Telemetry) [SNAPSHOT] date=Summer 1, 1111 kingdoms=8 atWar=3 wars=2 longestWarDays=24 avgExhaustion=26.3 claims=84 trustRecords=56 fabrications=0 nonAggressionPact=1 truce=2 defensivePact=11 alliance=6 tributaryPact=1 vassalage=0
19:43:44.908 [INFO] (Treaty) Expired, honoured in full: DefensivePact(Western Empire / Northern Empire, Expired)
19:43:48.914 [INFO] (Treaty) Expired, honoured in full: DefensivePact(Battania / Southern Empire, Expired)
19:43:51.083 [INFO] (Claims) Khuzait now has a claim to retake Tamnuh Castle from Aserai.
19:43:52.119 [INFO] (Treaty) Truce recorded until Summer 5, 1112 between Northern Empire and Khuzait.
19:43:52.120 [INFO] (Telemetry) [WAR-ENDED] aggressor=Northern_Empire defender=Khuzait days=27 casusBelli=DefendAlly finalScore=-13.6 exhaustion=54.1/53.2 fiefsTaken=0/0 calledBy=Aserai
19:43:52.120 [INFO] (Core) War closed after 27 days: Northern Empire vs Khuzait [DefendAlly] score=-13.56 exhaustion=54.09/53.20 | weariness now Northern Empire=100.0, Khuzait=100.0.
19:43:52.122 [INFO] (CallToArms) Northern Empire leaves the war against Khuzait now that Aserai has made peace.
19:43:52.122 [INFO] (Treaty) Truce recorded until Summer 5, 1112 between Khuzait and Aserai.
19:43:52.123 [INFO] (Telemetry) [WAR-ENDED] aggressor=Khuzait defender=Aserai days=27 casusBelli=ReclaimAncestralLand finalScore=-14.9 exhaustion=19.8/15.1 fiefsTaken=0/1 calledBy=none
19:43:52.123 [INFO] (Core) War closed after 27 days: Khuzait vs Aserai [ReclaimAncestralLand] score=-14.85 exhaustion=19.84/15.12 | weariness now Khuzait=100.0, Aserai=93.6.
19:43:56.959 [INFO] (Treaty) Expired, honoured in full: DefensivePact(Southern Empire / Aserai, Expired)
19:43:56.960 [INFO] (Treaty) Expired, honoured in full: DefensivePact(Aserai / Northern Empire, Expired)
19:43:57.609 [INFO] (Core) War opened: Sturgia -> Aserai (CausedByCallToWarAgreement => DefendAlly, legitimacy 1.00).
19:43:57.611 [INFO] (CallToArms) Sturgia answered Southern Empire and declared war on Aserai.
19:43:57.611 [INFO] (Core) War opened: Northern Empire -> Southern Empire (CausedByCallToWarAgreement => DefendAlly, legitimacy 1.00).
19:43:57.612 [INFO] (CallToArms) Northern Empire answered Aserai and declared war on Southern Empire.
19:43:57.612 [INFO] (Core) War opened: Aserai -> Southern Empire (CausedByKingdomDecision => ReclaimAncestralLand, legitimacy 0.70).
19:44:01.395 [INFO] (Treaty) Truce recorded until Summer 7, 1112 between Sturgia and Aserai.
19:44:01.395 [INFO] (Telemetry) [WAR-ENDED] aggressor=Sturgia defender=Aserai days=1 casusBelli=DefendAlly finalScore=2.4 exhaustion=0.1/0.4 fiefsTaken=0/0 calledBy=Southern_Empire
19:44:01.395 [INFO] (Core) War closed after 1 days: Sturgia vs Aserai [DefendAlly] score=2.35 exhaustion=0.15/0.43 | weariness now Sturgia=86.4, Aserai=93.4.
19:44:02.147 [INFO] (Core) War opened: Northern Empire -> Vlandia (CausedByCallToWarAgreement => DefendAlly, legitimacy 1.00).
19:44:02.148 [INFO] (CallToArms) Northern Empire answered Aserai and declared war on Vlandia.
19:44:02.148 [INFO] (Core) War opened: Vlandia -> Aserai (CausedByKingdomDecision => ReclaimAncestralLand, legitimacy 0.70).
19:44:04.645 [INFO] (Core) War opened: Sturgia -> Western Empire (CausedByCallToWarAgreement => DefendAlly, legitimacy 1.00).
19:44:04.647 [INFO] (CallToArms) Sturgia answered Southern Empire and declared war on Western Empire.
19:44:04.647 [INFO] (Core) War opened: Battania -> Western Empire (CausedByCallToWarAgreement => DefendAlly, legitimacy 1.00).
19:44:04.648 [INFO] (CallToArms) Battania answered Southern Empire and declared war on Western Empire.
19:44:04.648 [INFO] (Core) War opened: Western Empire -> Southern Empire (CausedByKingdomDecision => ReclaimAncestralLand, legitimacy 0.70).
19:44:04.963 [INFO] (Telemetry) [SNAPSHOT] date=Summer 8, 1111 kingdoms=8 atWar=7 wars=7 longestWarDays=2 avgExhaustion=0.3 claims=83 trustRecords=56 fabrications=0 nonAggressionPact=1 truce=5 defensivePact=7 alliance=6 tributaryPact=1 vassalage=0
19:44:05.317 [INFO] (Treaty) Truce recorded until Summer 8, 1112 between Sturgia and Western Empire.
19:44:05.317 [INFO] (Telemetry) [WAR-ENDED] aggressor=Sturgia defender=Western_Empire days=0 casusBelli=DefendAlly finalScore=0.0 exhaustion=0.1/0.1 fiefsTaken=0/0 calledBy=Southern_Empire
19:44:05.317 [INFO] (Core) War closed after 0 days: Sturgia vs Western Empire [DefendAlly] score=0.00 exhaustion=0.08/0.08 | weariness now Sturgia=86.3, Western Empire=85.8.
19:44:08.446 [INFO] (Treaty) Truce recorded until Summer 9, 1112 between Northern Empire and Vlandia.
19:44:08.446 [INFO] (Telemetry) [WAR-ENDED] aggressor=Northern_Empire defender=Vlandia days=2 casusBelli=DefendAlly finalScore=-1.0 exhaustion=0.3/0.1 fiefsTaken=0/0 calledBy=Aserai
19:44:08.447 [INFO] (Core) War closed after 2 days: Northern Empire vs Vlandia [DefendAlly] score=-1.00 exhaustion=0.31/0.14 | weariness now Northern Empire=99.6, Vlandia=71.0.
19:44:20.966 [INFO] (Treaty) Expired, honoured in full: Truce(Khuzait / Vlandia, Expired)
19:44:32.965 [INFO] (Treaty) Signed: DefensivePact(Vlandia / Southern Empire, Active)
19:44:32.966 [INFO] (AI) Vlandia signed a DefensivePact with Southern Empire (mutual value 69).
19:44:32.969 [INFO] (Telemetry) [SNAPSHOT] date=Summer 15, 1111 kingdoms=8 atWar=6 wars=5 longestWarDays=9 avgExhaustion=6.0 claims=87 trustRecords=56 fabrications=0 nonAggressionPact=1 truce=6 defensivePact=8 alliance=6 tributaryPact=1 vassalage=0
19:44:36.967 [INFO] (Treaty) Expired, honoured in full: DefensivePact(Northern Empire / Sturgia, Expired)
19:44:38.097 [INFO] (Claims) Aserai now has a claim to retake Tamnuh Castle from Southern Empire.
19:44:41.013 [INFO] (Treaty) Signed: DefensivePact(Western Empire / Aserai, Active)
19:44:41.013 [INFO] (AI) Western Empire signed a DefensivePact with Aserai (mutual value 59).
19:44:41.207 [INFO] (Claims) Southern Empire now has a claim to retake Melion Castle from Northern Empire.
19:44:57.069 [INFO] (Treaty) Signed: DefensivePact(Sturgia / Northern Empire, Active)
19:44:57.069 [INFO] (AI) Sturgia signed a DefensivePact with Northern Empire (mutual value 69).
19:45:01.076 [INFO] (Telemetry) [SNAPSHOT] date=Autumn 1, 1111 kingdoms=8 atWar=6 wars=5 longestWarDays=16 avgExhaustion=18.0 claims=89 trustRecords=56 fabrications=0 nonAggressionPact=1 truce=6 defensivePact=9 alliance=6 tributaryPact=1 vassalage=0
19:45:01.427 [INFO] (Core) War opened: Khuzait -> Sturgia (CausedByCallToWarAgreement => DefendAlly, legitimacy 1.00).
19:45:01.428 [INFO] (CallToArms) Khuzait answered Battania and declared war on Sturgia.
19:45:01.428 [INFO] (Core) War opened: Northern Empire -> Battania (CausedByCallToWarAgreement => DefendAlly, legitimacy 1.00).
19:45:01.429 [INFO] (CallToArms) Northern Empire answered Sturgia and declared war on Battania.
19:45:01.429 [INFO] (Core) War opened: Sturgia -> Battania (CausedByKingdomDecision => ReclaimAncestralLand, legitimacy 0.70).
19:45:09.175 [INFO] (Treaty) Truce recorded until Autumn 3, 1112 between Southern Empire and Northern Empire.
19:45:09.176 [INFO] (Telemetry) [WAR-ENDED] aggressor=Northern_Empire defender=Southern_Empire days=18 casusBelli=DefendAlly finalScore=-14.5 exhaustion=26.1/30.9 fiefsTaken=1/0 calledBy=Aserai
19:45:09.176 [INFO] (Core) War closed after 18 days: Northern Empire vs Southern Empire [DefendAlly] score=-14.46 exhaustion=26.08/30.90 | weariness now Southern Empire=100.0, Northern Empire=100.0.
19:45:19.075 [INFO] (Claims) Aserai now has a claim to retake Tubilis Castle from Vlandia.
19:45:21.121 [INFO] (Treaty) Signed: DefensivePact(Aserai / Northern Empire, Active)
19:45:21.121 [INFO] (AI) Aserai signed a DefensivePact with Northern Empire (mutual value 59).
19:45:29.125 [INFO] (Telemetry) [SNAPSHOT] date=Autumn 8, 1111 kingdoms=8 atWar=8 wars=7 longestWarDays=23 avgExhaustion=15.6 claims=91 trustRecords=56 fabrications=0 nonAggressionPact=1 truce=7 defensivePact=10 alliance=6 tributaryPact=1 vassalage=0
19:45:33.903 [INFO] (Treaty) Truce recorded until Autumn 9, 1112 between Aserai and Southern Empire.
19:45:33.903 [INFO] (Telemetry) [WAR-ENDED] aggressor=Aserai defender=Southern_Empire days=24 casusBelli=ReclaimAncestralLand finalScore=-9.4 exhaustion=41.1/26.7 fiefsTaken=0/1 calledBy=none
19:45:33.903 [INFO] (Core) War closed after 24 days: Aserai vs Southern Empire [ReclaimAncestralLand] score=-9.37 exhaustion=41.09/26.71 | weariness now Aserai=100.0, Southern Empire=100.0.
19:45:37.132 [INFO] (Treaty) Signed: DefensivePact(Western Empire / Northern Empire, Active)
19:45:37.133 [INFO] (AI) Western Empire signed a DefensivePact with Northern Empire (mutual value 60).
19:45:45.136 [INFO] (Treaty) Signed: DefensivePact(Southern Empire / Battania, Active)
19:45:45.137 [INFO] (AI) Southern Empire signed a DefensivePact with Battania (mutual value 70).
19:45:49.139 [INFO] (Treaty) Expired, honoured in full: Truce(Khuzait / Southern Empire, Expired)
19:45:50.570 [INFO] (Claims) Battania now has a claim to retake Uthelaim Castle from Northern Empire.
19:45:54.167 [INFO] (Claims) Aserai now has a claim to retake Quyaz from Vlandia.
19:45:57.227 [INFO] (Treaty) Expired, honoured in full: TributaryPact(Vlandia / Western Empire, Expired)
19:45:57.231 [INFO] (Telemetry) [SNAPSHOT] date=Autumn 15, 1111 kingdoms=8 atWar=8 wars=6 longestWarDays=29 avgExhaustion=22.5 claims=92 trustRecords=56 fabrications=0 nonAggressionPact=1 truce=7 defensivePact=12 alliance=6 tributaryPact=0 vassalage=0
19:45:59.852 [INFO] (Claims) Khuzait now has a claim to retake Urikskala Castle from Sturgia.
19:46:01.997 [INFO] (Treaty) Truce recorded until Autumn 16, 1112 between Aserai and Vlandia.
19:46:01.997 [INFO] (Telemetry) [WAR-ENDED] aggressor=Vlandia defender=Aserai days=30 casusBelli=ReclaimAncestralLand finalScore=4.4 exhaustion=25.7/36.3 fiefsTaken=2/0 calledBy=none
19:46:01.997 [INFO] (Core) War closed after 30 days: Vlandia vs Aserai [ReclaimAncestralLand] score=4.35 exhaustion=25.70/36.28 | weariness now Aserai=100.0, Vlandia=79.5.
19:46:04.919 [INFO] (Treaty) Truce recorded until Autumn 17, 1112 between Battania and Western Empire.
19:46:04.919 [INFO] (Telemetry) [WAR-ENDED] aggressor=Battania defender=Western_Empire days=30 casusBelli=DefendAlly finalScore=6.1 exhaustion=59.2/65.6 fiefsTaken=0/0 calledBy=Southern_Empire
19:46:04.919 [INFO] (Core) War closed after 30 days: Battania vs Western Empire [DefendAlly] score=6.08 exhaustion=59.17/65.63 | weariness now Battania=100.0, Western Empire=100.0.
19:46:04.921 [INFO] (CallToArms) Battania leaves the war against Western Empire now that Southern Empire has made peace.
19:46:04.923 [INFO] (Treaty) Truce recorded until Autumn 17, 1112 between Western Empire and Southern Empire.
19:46:04.924 [INFO] (Telemetry) [WAR-ENDED] aggressor=Western_Empire defender=Southern_Empire days=30 casusBelli=ReclaimAncestralLand finalScore=11.2 exhaustion=7.8/16.5 fiefsTaken=0/0 calledBy=none
19:46:04.924 [INFO] (Core) War closed after 30 days: Western Empire vs Southern Empire [ReclaimAncestralLand] score=11.18 exhaustion=7.82/16.53 | weariness now Western Empire=100.0, Southern Empire=100.0.
19:46:13.282 [INFO] (Treaty) Expired, honoured in full: DefensivePact(Southern Empire / Sturgia, Expired)
19:46:25.299 [INFO] (Telemetry) [SNAPSHOT] date=Winter 1, 1111 kingdoms=8 atWar=4 wars=3 longestWarDays=21 avgExhaustion=24.5 claims=93 trustRecords=56 fabrications=0 nonAggressionPact=1 truce=10 defensivePact=11 alliance=6 tributaryPact=0 vassalage=0
19:46:41.303 [INFO] (Treaty) Signed: DefensivePact(Southern Empire / Sturgia, Active)
19:46:41.303 [INFO] (AI) Southern Empire signed a DefensivePact with Sturgia (mutual value 62).
19:46:42.907 [INFO] (Treaty) Truce recorded until Winter 6, 1112 between Khuzait and Sturgia.
19:46:42.908 [INFO] (Telemetry) [WAR-ENDED] aggressor=Khuzait defender=Sturgia days=25 casusBelli=DefendAlly finalScore=1.3 exhaustion=39.4/31.7 fiefsTaken=0/1 calledBy=Battania
19:46:42.908 [INFO] (Core) War closed after 25 days: Khuzait vs Sturgia [DefendAlly] score=1.26 exhaustion=39.43/31.70 | weariness now Khuzait=100.0, Sturgia=96.3.
19:46:42.910 [INFO] (CallToArms) Khuzait leaves the war against Sturgia now that Battania has made peace.
19:46:42.910 [INFO] (Treaty) Truce recorded until Winter 6, 1112 between Northern Empire and Battania.
19:46:42.911 [INFO] (Telemetry) [WAR-ENDED] aggressor=Northern_Empire defender=Battania days=25 casusBelli=DefendAlly finalScore=6.3 exhaustion=29.0/32.3 fiefsTaken=1/0 calledBy=Sturgia
19:46:42.911 [INFO] (Core) War closed after 25 days: Northern Empire vs Battania [DefendAlly] score=6.27 exhaustion=29.05/32.32 | weariness now Northern Empire=100.0, Battania=100.0.
19:46:42.913 [INFO] (CallToArms) Northern Empire leaves the war against Battania now that Sturgia has made peace.
19:46:42.913 [INFO] (Treaty) Truce recorded until Winter 6, 1112 between Battania and Sturgia.
19:46:42.914 [INFO] (Telemetry) [WAR-ENDED] aggressor=Sturgia defender=Battania days=25 casusBelli=ReclaimAncestralLand finalScore=35.8 exhaustion=11.7/38.1 fiefsTaken=0/0 calledBy=none
19:46:42.914 [INFO] (Core) War closed after 25 days: Sturgia vs Battania [ReclaimAncestralLand] score=35.82 exhaustion=11.67/38.10 | weariness now Battania=100.0, Sturgia=100.0.
19:46:53.324 [INFO] (Telemetry) [SNAPSHOT] date=Winter 8, 1111 kingdoms=8 atWar=0 wars=0 longestWarDays=0 avgExhaustion=0.0 claims=92 trustRecords=56 fabrications=0 nonAggressionPact=1 truce=13 defensivePact=12 alliance=6 tributaryPact=0 vassalage=0
19:47:16.428 [INFO] (Core) War opened: Vlandia -> Khuzait (CausedByCallToWarAgreement => DefendAlly, legitimacy 1.00).
19:47:16.429 [INFO] (CallToArms) Vlandia answered Southern Empire and declared war on Khuzait.
19:47:16.429 [INFO] (Core) War opened: Khuzait -> Southern Empire (CausedByKingdomDecision => ReclaimAncestralLand, legitimacy 0.70).
19:47:18.425 [INFO] (Treaty) Truce recorded until Winter 14, 1112 between Vlandia and Khuzait.
19:47:18.425 [INFO] (Telemetry) [WAR-ENDED] aggressor=Vlandia defender=Khuzait days=0 casusBelli=DefendAlly finalScore=0.0 exhaustion=0.1/0.1 fiefsTaken=0/0 calledBy=Southern_Empire
19:47:18.426 [INFO] (Core) War closed after 0 days: Vlandia vs Khuzait [DefendAlly] score=0.00 exhaustion=0.08/0.08 | weariness now Vlandia=76.7, Khuzait=98.7.
19:47:21.319 [INFO] (Telemetry) [SNAPSHOT] date=Winter 15, 1111 kingdoms=8 atWar=2 wars=1 longestWarDays=1 avgExhaustion=0.3 claims=91 trustRecords=56 fabrications=0 nonAggressionPact=1 truce=14 defensivePact=12 alliance=6 tributaryPact=0 vassalage=0
19:47:49.327 [INFO] (Telemetry) [SNAPSHOT] date=Spring 1, 1112 kingdoms=8 atWar=2 wars=1 longestWarDays=8 avgExhaustion=19.1 claims=91 trustRecords=56 fabrications=0 nonAggressionPact=1 truce=14 defensivePact=12 alliance=6 tributaryPact=0 vassalage=0
19:48:01.330 [INFO] (Treaty) Expired, honoured in full: Alliance(Battania / Southern Empire, Expired)
19:48:17.330 [INFO] (Telemetry) [SNAPSHOT] date=Spring 8, 1112 kingdoms=8 atWar=2 wars=1 longestWarDays=15 avgExhaustion=32.5 claims=91 trustRecords=56 fabrications=0 nonAggressionPact=1 truce=14 defensivePact=12 alliance=5 tributaryPact=0 vassalage=0
19:48:19.312 [INFO] (Claims) Khuzait now has a claim to retake Odrysa Castle from Southern Empire.
19:48:46.875 [INFO] (Telemetry) [SNAPSHOT] date=Spring 15, 1112 kingdoms=8 atWar=2 wars=1 longestWarDays=22 avgExhaustion=46.9 claims=89 trustRecords=56 fabrications=0 nonAggressionPact=1 truce=14 defensivePact=12 alliance=5 tributaryPact=0 vassalage=0
19:48:50.880 [INFO] (Treaty) Truce recorded until Spring 16, 1113 between Southern Empire and Khuzait.
19:48:50.881 [INFO] (Telemetry) [WAR-ENDED] aggressor=Khuzait defender=Southern_Empire days=23 casusBelli=ReclaimAncestralLand finalScore=2.7 exhaustion=62.7/52.2 fiefsTaken=0/1 calledBy=none
19:48:50.881 [INFO] (Core) War closed after 23 days: Khuzait vs Southern Empire [ReclaimAncestralLand] score=2.73 exhaustion=62.65/52.16 | weariness now Southern Empire=100.0, Khuzait=100.0.
19:48:50.883 [INFO] (Peace) Southern Empire and Khuzait made peace: white peace.
19:48:50.883 [INFO] (AI) Khuzait sued for peace with Southern Empire at exhaustion 61.6: white peace.
19:49:14.888 [INFO] (Telemetry) [SNAPSHOT] date=Summer 1, 1112 kingdoms=8 atWar=0 wars=0 longestWarDays=0 avgExhaustion=0.0 claims=87 trustRecords=56 fabrications=0 nonAggressionPact=1 truce=15 defensivePact=12 alliance=5 tributaryPact=0 vassalage=0
19:49:30.890 [INFO] (Treaty) Expired, honoured in full: Truce(Northern Empire / Khuzait, Expired)
19:49:30.891 [INFO] (Treaty) Expired, honoured in full: Truce(Khuzait / Aserai, Expired)
19:49:42.893 [INFO] (Treaty) Expired, honoured in full: DefensivePact(Vlandia / Battania, Expired)
19:49:42.893 [INFO] (Treaty) Expired, honoured in full: Truce(Sturgia / Aserai, Expired)
19:49:42.896 [INFO] (Telemetry) [SNAPSHOT] date=Summer 8, 1112 kingdoms=8 atWar=0 wars=0 longestWarDays=0 avgExhaustion=0.0 claims=86 trustRecords=56 fabrications=0 nonAggressionPact=1 truce=12 defensivePact=11 alliance=5 tributaryPact=0 vassalage=0
19:49:46.891 [INFO] (Treaty) Expired, honoured in full: Truce(Sturgia / Western Empire, Expired)
19:49:46.891 [INFO] (Treaty) Expired, honoured in full: Truce(Northern Empire / Vlandia, Expired)
19:50:10.891 [INFO] (Telemetry) [SNAPSHOT] date=Summer 15, 1112 kingdoms=8 atWar=0 wars=0 longestWarDays=0 avgExhaustion=0.0 claims=84 trustRecords=56 fabrications=0 nonAggressionPact=1 truce=10 defensivePact=11 alliance=5 tributaryPact=0 vassalage=0
19:50:20.122 [INFO] (Core) War opened: Vlandia -> Battania (CausedByKingdomDecision => ReclaimAncestralLand, legitimacy 0.70).
19:50:39.166 [INFO] (Telemetry) [SNAPSHOT] date=Autumn 1, 1112 kingdoms=8 atWar=2 wars=1 longestWarDays=5 avgExhaustion=8.9 claims=83 trustRecords=56 fabrications=0 nonAggressionPact=1 truce=10 defensivePact=11 alliance=5 tributaryPact=0 vassalage=0
19:50:48.181 [INFO] (SubModule) Game ended.
